id_pnl,company_id,year,sales,expenses,operating_profit,opm_percentage,other_income,interest,depreciation,profit_before_tax,tax_percentage,net_profit,eps,dividend_payout,id_bal,equity_capital,reserves,borrowings,other_liabilities,total_liabilities,fixed_assets,cwip,investments,other_asset,total_assets,id,operating_activity,investing_activity,financing_activity,net_cash_flow,net_profit_margin_pct,operating_profit_margin_pct,return_on_equity_pct,debt_to_equity,interest_coverage,asset_turnover,free_cash_flow_cr,capex_cr,earnings_per_share,book_value_per_share,dividend_payout_ratio_pct,total_debt_cr,cash_from_operations_cr,revenue_cagr_5yr,pat_cagr_5yr,eps_cagr_5yr,composite_quality_score
61,ABB,Dec 2012,1653,1451,202.0,12.0,33,0,19,215,33.0,145,68.0,25.0,136.0,21.0,626.0,0.0,260.0,907.0,109.0,1.0,0.0,798.0,907.0,61.0,101.0,-59.0,-42.0,1.0,8.771929824561402,12.220205686630369,22.411128284389488,0.0,0,1.822491730981257,42.0,59.0,68.0,6.47,25.0,0.0,101.0,0,0,0,73.2
62,ABB,Mar 2014,2276,2009,267.0,12.0,49,0,22,295,33.0,198,93.0,25.0,137.0,21.0,767.0,0.0,351.0,1139.0,98.0,1.0,0.0,1040.0,1139.0,62.0,155.0,-144.0,-42.0,-31.0,8.699472759226714,11.731107205623902,25.12690355329949,0.0,0,1.9982440737489024,11.0,144.0,93.0,7.88,25.0,0.0,155.0,0,0,0,73.2
63,ABB,Mar 2015,2289,1977,312.0,14.0,48,0,15,344,34.0,229,108.0,29.0,138.0,21.0,916.0,0.0,436.0,1374.0,96.0,4.0,0.0,1274.0,1374.0,63.0,215.0,-187.0,-58.0,-30.0,10.004368719965049,13.630406290956751,24.439701173959445,0.0,0,1.665938864628821,28.0,187.0,108.0,9.37,29.0,0.0,215.0,0,0,0,73.2
64,ABB,Mar 2016,2614,2250,365.0,14.0,50,3,14,398,36.0,255,120.0,29.0,139.0,21.0,1174.0,0.0,421.0,1616.0,108.0,3.0,0.0,1505.0,1616.0,64.0,249.0,-77.0,-80.0,91.0,9.755164498852334,13.963274674827849,21.338912133891213,0.0,138.33333333333334,1.6175742574257426,172.0,77.0,120.0,11.95,29.0,0.0,249.0,0,0,0,73.2
65,ABB,Mar 2017,2903,2505,398.0,14.0,57,2,16,436,37.0,277,130.0,31.0,140.0,21.0,1366.0,0.0,679.0,2066.0,110.0,6.0,0.0,1950.0,2066.0,65.0,307.0,-155.0,-90.0,62.0,9.541853255253187,13.709955218739237,19.971160778658977,0.0,227.5,1.40513068731849,152.0,155.0,130.0,13.87,31.0,0.0,307.0,0,0,0,73.2
66,ABB,Mar 2018,3298,2774,525.0,16.0,117,4,16,621,35.0,401,189.0,29.0,141.0,21.0,1672.0,0.0,723.0,2416.0,81.0,2.0,0.0,2333.0,2416.0,66.0,153.0,-215.0,-102.0,-165.0,12.15888417222559,15.918738629472406,23.685764914353218,0.0,160.5,1.365066225165563,-62.0,215.0,189.0,16.93,29.0,0.0,153.0,0,0,0,73.2
67,ABB,Mar 2019,3679,3074,605.0,16.0,113,2,17,699,36.0,450,212.0,31.0,142.0,21.0,1987.0,0.0,932.0,2941.0,105.0,1.0,0.0,2835.0,2941.0,67.0,499.0,-257.0,-143.0,99.0,12.231584669747214,16.444686055993476,22.410358565737052,0.0,359.0,1.2509350561033663,242.0,257.0,212.0,20.08,31.0,0.0,499.0,0,0,0,73.2
68,ABB,Mar 2020,4093,3336,757.0,18.0,114,9,60,803,26.0,593,279.0,90.0,143.0,21.0,2410.0,175.0,940.0,3547.0,270.0,2.0,0.0,3275.0,3547.0,68.0,626.0,-401.0,-217.0,8.0,14.488150500855118,18.49499144881505,24.39325380501851,0.07198683669271905,96.77777777777777,1.153932901043135,225.0,401.0,279.0,24.31,90.0,175.0,626.0,0,0,0,73.2
69,ABB,Mar 2021,4310,3388,922.0,21.0,81,18,58,926,25.0,691,325.0,85.0,144.0,21.0,2581.0,153.0,1086.0,3840.0,251.0,1.0,0.0,3589.0,3840.0,69.0,727.0,-72.0,-582.0,73.0,16.03248259860789,21.392111368909514,26.5564950038432,0.058800922367409685,55.72222222222222,1.1223958333333333,655.0,72.0,325.0,26.02,85.0,153.0,727.0,0,0,0,73.2
70,ABB,Mar 2022,4913,3832,1082.0,22.0,83,19,66,1080,26.0,799,376.0,73.0,145.0,21.0,2799.0,152.0,1253.0,4224.0,271.0,1.0,0.0,3952.0,4224.0,70.0,948.0,-396.0,-637.0,-86.0,16.26297577854671,22.023203745165887,28.333333333333332,0.05390070921985816,61.31578947368421,1.1631155303030303,552.0,396.0,376.0,28.2,73.0,152.0,948.0,0,0,0,73.2
71,ABB,Mar 2023,5349,4143,1206.0,23.0,154,16,70,1274,25.0,949,447.0,73.0,146.0,21.0,3167.0,113.0,1254.0,4556.0,237.0,4.0,0.0,4315.0,4556.0,71.0,893.0,-148.0,-639.0,107.0,17.74163395027108,22.546270330902974,29.767879548306148,0.03544542032622334,85.0,1.1740561896400352,745.0,148.0,447.0,31.88,73.0,113.0,893.0,0,0,0,73.2
72,ABB,Mar 2024,5849,4396,1453.0,25.0,248,12,71,1618,26.0,1201,565.0,73.0,147.0,21.0,3678.0,83.0,1411.0,5193.0,225.0,10.0,0.0,4958.0,5193.0,72.0,1213.0,-416.0,-745.0,52.0,20.533424517011454,24.84185330825782,32.46823465801568,0.022438496891051634,141.75,1.1263238975544,797.0,416.0,565.0,36.99,73.0,83.0,1213.0,14.81,22.56,22.68,73.2
86,ADANIENSOL,Mar 2014,0,0,0.0,0.0,0,0,0,0,0.0,0,0.0,0.0,149.0,0.1,0.0,0.0,0.0,0.0,0.0,0.0,0.0,0.0,0.0,84.0,0.0,0.0,0.0,0.0,0,0,0.0,0.0,0,0,0.0,0.0,0.0,0.001,0.0,0.0,0.0,0,0,0,32.199999999999996
87,ADANIENSOL,Mar 2015,131,29,101.0,78.0,3,73,37,-5,34.0,-7,0.0,0.0,150.0,1090.0,-7.0,9701.0,708.0,11492.0,10573.0,10.0,0.0,909.0,11492.0,85.0,-35.0,-1864.0,1902.0,3.0,-5.343511450381679,77.09923664122137,-0.6463527239150507,8.95752539242844,1.4246575342465753,0.011399234249912982,-1899.0,1864.0,0.0,10.83,0.0,9701.0,-35.0,0,0,0,32.199999999999996
88,ADANIENSOL,Mar 2016,2194,267,1927.0,88.0,70,957,560,480,23.0,368,3.0,0.0,151.0,1100.0,1572.0,8585.0,489.0,11746.0,10060.0,258.0,20.0,1407.0,11746.0,86.0,1544.0,-816.0,-722.0,6.0,16.773017319963536,87.83044667274385,13.77245508982036,3.2129491017964074,2.0867293625914316,0.18678699131619275,728.0,816.0,3.0,26.72,0.0,8585.0,1544.0,0,0,0,32.199999999999996
89,ADANIENSOL,Mar 2017,2876,893,1983.0,69.0,22,904,569,532,22.0,416,4.0,0.0,152.0,1100.0,1847.0,8975.0,890.0,12811.0,9853.0,1343.0,105.0,1510.0,12811.0,87.0,2189.0,-1730.0,-455.0,4.0,14.464534075104313,68.94993045897078,14.116050220563285,3.045469969460468,2.2179203539823007,0.22449457497463118,459.0,1730.0,4.0,29.47,0.0,8975.0,2189.0,0,0,0,32.199999999999996
90,ADANIENSOL,Mar 2018,3944,1118,2826.0,72.0,111,886,579,1472,22.0,1143,10.0,0.0,153.0,1100.0,4957.0,10428.0,781.0,17265.0,9291.0,2353.0,0.0,5621.0,17265.0,88.0,2198.0,-3192.0,1589.0,596.0,28.98073022312373,71.65314401622717,18.87072808320951,1.7216443784051512,3.31489841986456,0.22843903851723138,-994.0,3192.0,10.0,60.57,0.0,10428.0,2198.0,0,0,0,32.199999999999996
91,ADANIENSOL,Mar 2019,7305,4528,2778.0,38.0,336,1391,882,840,33.0,559,5.0,0.0,154.0,1100.0,6943.0,20137.0,4379.0,32558.0,24412.0,694.0,336.0,7117.0,32558.0,89.0,2591.0,-3050.0,38.0,-421.0,7.652292950034223,38.02874743326489,6.950142981474575,2.50366778565212,2.2386772106398274,0.2243688187235088,-459.0,3050.0,5.0,80.43,0.0,20137.0,2591.0,0,0,0,32.199999999999996
92,ADANIENSOL,Mar 2020,11416,7158,4258.0,37.0,261,2238,1174,1107,36.0,706,7.0,0.0,155.0,1100.0,7399.0,24246.0,6966.0,39711.0,24924.0,2212.0,313.0,12262.0,39711.0,90.0,5437.0,-5643.0,1250.0,1045.0,6.184302733006307,37.29852838121934,8.30685963054477,2.8528062124955875,2.019213583556747,0.2874770214801944,-206.0,5643.0,7.0,84.99,0.0,24246.0,5437.0,0,0,0,32.199999999999996
93,ADANIENSOL,Mar 2021,9926,5976,3950.0,40.0,1115,2117,1329,1620,20.0,1290,11.0,0.0,156.0,1100.0,7819.0,27095.0,7219.0,43234.0,26987.0,5255.0,442.0,10550.0,43234.0,91.0,3784.0,-4009.0,-745.0,-969.0,12.996171670360667,39.79447914567802,14.46350487722839,3.0378966251821953,2.3925366084081245,0.22958782439746495,-225.0,4009.0,11.0,89.19,0.0,27095.0,3784.0,0,0,0,32.199999999999996
94,ADANIENSOL,Mar 2022,11258,7051,4206.0,37.0,1286,2365,1427,1700,27.0,1236,11.0,0.0,157.0,1100.0,8813.0,29902.0,7650.0,47464.0,30272.0,5060.0,561.0,11572.0,47464.0,92.0,4097.0,-3936.0,-235.0,-75.0,10.978859477704743,37.360099484810796,12.46847573892868,3.016443054574801,2.3221987315010573,0.23719029158941513,161.0,3936.0,11.0,99.13,0.0,29902.0,4097.0,0,0,0,32.199999999999996
95,ADANIENSOL,Mar 2023,13293,8775,4518.0,34.0,1583,2781,1608,1712,25.0,1281,11.0,0.0,158.0,1115.0,10634.0,34270.0,7913.0,53932.0,32645.0,6200.0,1370.0,13716.0,53932.0,93.0,3777.0,-4699.0,923.0,2.0,9.636650868878357,33.98781313473256,10.90305557919823,2.916843986722274,2.193815174397699,0.24647704516798932,-922.0,4699.0,11.0,117.49,0.0,34270.0,3777.0,0,0,0,32.199999999999996
96,ADANIENSOL,Mar 2024,16607,10896,5711.0,30.0,611,2767,1776,1780,33.0,1196,10.0,0.0,159.0,1115.0,11526.0,37070.0,8827.0,58538.0,38920.0,3003.0,766.0,15849.0,58538.0,94.0,6038.0,-4943.0,-543.0,551.0,7.201782380923707,34.38911302462817,9.461276797721698,2.93252116130053,2.284784965666787,0.2836960606785336,1095.0,4943.0,10.0,126.41,0.0,37070.0,6038.0,0,0,0,32.199999999999996
98,ADANIENT,Mar 2013,46375,40354,6021.0,13.0,1775,3492,2298,2005,39.0,1218,15.0,10.0,170.0,110.0,21286.0,69332.0,21143.0,111871.0,48770.0,29248.0,323.0,33529.0,111871.0,95.0,7666.0,-14790.0,7199.0,75.0,2.6264150943396225,12.983288409703503,5.692652832305104,3.240418769863526,2.2325315005727377,0.41453996120531683,-7124.0,14790.0,15.0,213.96,10.0,69332.0,7666.0,0,0,0,10.600000000000001
99,ADANIENT,Mar 2014,54947,45564,9383.0,17.0,1157,5703,3223,1614,-64.0,2646,20.0,7.0,171.0,110.0,23647.0,71980.0,22365.0,118102.0,70579.0,13574.0,288.0,33661.0,118102.0,96.0,8228.0,-8007.0,-1109.0,-888.0,4.815549529546654,17.07645549347553,11.1377699204445,3.0298438355011155,1.84815009644047,0.4652503767929417,221.0,8007.0,20.0,237.57,7.0,71980.0,8228.0,0,0,0,10.600000000000001
100,ADANIENT,Mar 2015,64465,52015,12450.0,19.0,792,7056,3522,2663,14.0,2298,18.0,8.0,172.0,110.0,25618.0,83571.0,21420.0,130718.0,83834.0,6733.0,744.0,39407.0,130718.0,97.0,8532.0,-11465.0,3445.0,512.0,3.564725044597844,19.312805398278137,8.931902985074627,3.248250932835821,1.876700680272109,0.4931608500742055,-2933.0,11465.0,18.0,257.28,8.0,83571.0,8532.0,0,0,0,10.600000000000001
101,ADANIENT,Mar 2016,34008,32325,1684.0,5.0,1044,1357,314,1056,7.0,1000,9.0,4.0,173.0,110.0,13268.0,19169.0,9132.0,41679.0,10473.0,7705.0,805.0,22696.0,41679.0,98.0,5112.0,-1825.0,-3448.0,-161.0,2.9404845918607387,4.951776052693484,7.4749588877261175,1.4328748691882194,2.0103168754605747,0.8159504786583172,3287.0,1825.0,9.0,133.78,4.0,19169.0,5112.0,0,0,0,10.600000000000001
102,ADANIENT,Mar 2017,36533,34631,1902.0,5.0,749,1257,315,1079,25.0,925,9.0,4.0,174.0,110.0,14026.0,20846.0,12630.0,47611.0,13668.0,7731.0,1042.0,25170.0,47611.0,99.0,774.0,-1460.0,716.0,30.0,2.5319574083705145,5.206251881860236,6.543576683644596,1.4746745897000566,2.1089896579156724,0.7673226775325029,-686.0,1460.0,9.0,141.36,4.0,20846.0,774.0,0,0,0,10.600000000000001
103,ADANIENT,Mar 2018,35924,33886,2038.0,6.0,363,1250,664,487,23.0,594,7.0,6.0,175.0,110.0,14979.0,17637.0,23679.0,56405.0,10555.0,5526.0,1461.0,38864.0,56405.0,100.0,2942.0,-7649.0,5120.0,413.0,1.653490702594366,5.673087629439929,3.936642587315263,1.1688647359003248,1.9208,0.6368938923854268,-4707.0,7649.0,7.0,150.89,6.0,17637.0,2942.0,0,0,0,10.600000000000001
104,ADANIENT,Mar 2019,40379,38409,1969.0,5.0,504,1625,390,459,32.0,506,7.0,6.0,176.0,110.0,14646.0,11243.0,16537.0,42536.0,9020.0,5765.0,1511.0,26240.0,42536.0,101.0,3236.0,2487.0,-6158.0,-436.0,1.2531266252259838,4.876297085118502,3.429113580916238,0.7619273515857956,1.5218461538461538,0.9492900131653188,5723.0,2487.0,7.0,147.56,6.0,11243.0,3236.0,0,0,0,10.600000000000001
105,ADANIENT,Mar 2020,43403,41108,2294.0,5.0,872,1572,472,1122,29.0,1040,10.0,10.0,177.0,110.0,16837.0,12419.0,17509.0,46875.0,10476.0,7347.0,1952.0,27099.0,46875.0,102.0,2454.0,-1082.0,-221.0,1151.0,2.3961477317236133,5.285348939013432,6.136779370980115,0.7328140673865581,2.013994910941476,0.9259306666666667,1372.0,1082.0,10.0,169.47,10.0,12419.0,2454.0,0,0,0,10.600000000000001
106,ADANIENT,Mar 2021,39537,37031,2506.0,6.0,494,1377,537,1086,31.0,1046,8.0,12.0,178.0,110.0,17049.0,16227.0,18231.0,51617.0,10838.0,8825.0,5503.0,26451.0,51617.0,103.0,4043.0,-8611.0,3109.0,-1459.0,2.645623087234742,6.338366593317652,6.0959263360335685,0.9456844804475786,2.178649237472767,0.7659685762442606,-4568.0,8611.0,8.0,171.59,12.0,16227.0,4043.0,0,0,0,10.600000000000001
107,ADANIENT,Mar 2022,69420,65707,3714.0,5.0,1012,2526,1248,952,50.0,788,7.0,14.0,179.0,110.0,22147.0,41604.0,37726.0,101586.0,30123.0,23544.0,4292.0,43627.0,101586.0,104.0,1385.0,-17041.0,15901.0,246.0,1.135119562085854,5.3500432152117545,3.5404591813811384,1.8692546165251382,1.870942201108472,0.6833618805740949,-15656.0,17041.0,7.0,222.57,14.0,41604.0,1385.0,0,0,0,10.600000000000001
108,ADANIENT,Mar 2023,127540,118722,8818.0,7.0,834,3969,2436,3247,32.0,2422,22.0,6.0,180.0,114.0,32937.0,53200.0,55027.0,141278.0,56881.0,24025.0,6310.0,54062.0,141278.0,105.0,17626.0,-15459.0,-1198.0,970.0,1.899012074643249,6.913909361768857,7.328068742246831,1.6096335965628876,2.431846812799194,0.9027590990812441,2167.0,15459.0,22.0,330.51,6.0,53200.0,17626.0,0,0,0,10.600000000000001
109,ADANIENT,Mar 2024,96421,85044,11377.0,12.0,1146,4555,3042,4926,33.0,3335,28.0,5.0,181.0,114.0,38962.0,65310.0,56200.0,160586.0,65978.0,35180.0,8701.0,50728.0,160586.0,106.0,10312.0,-18767.0,8879.0,424.0,3.458790097592848,11.799296833677312,8.534650424813185,1.671358378544375,2.7492864983534577,0.6004321671876751,-8455.0,18767.0,28.0,390.76,5.0,65310.0,10312.0,-4.98,-13.38,-14.14,10.600000000000001
111,ADANIGREEN,Mar 2017,502,98,403.0,80.0,80,334,333,-184,-75.0,-47,0.0,0.0,192.0,1274.0,-71.0,4347.0,610.0,6160.0,4341.0,267.0,26.0,1525.0,6160.0,107.0,28.0,-1511.0,1559.0,76.0,-9.362549800796813,80.2788844621514,-3.906899418121363,3.6134663341645887,1.4461077844311376,0.08149350649350649,-1483.0,1511.0,0.0,12.03,0.0,4347.0,28.0,0,0,0,55.7
112,ADANIGREEN,Mar 2018,1480,637,843.0,57.0,42,552,543,-210,-35.0,-138,-1.0,0.0,193.0,1564.0,-223.0,9864.0,4503.0,15709.0,9120.0,1725.0,87.0,4777.0,15709.0,108.0,649.0,-4428.0,3942.0,162.0,-9.324324324324325,56.95945945945946,-10.290827740492169,7.355704697986577,1.6032608695652173,0.09421350818002419,-3779.0,4428.0,-1.0,13.41,0.0,9864.0,649.0,0,0,0,55.7
113,ADANIGREEN,Mar 2019,2058,532,1526.0,74.0,73,1121,1062,-585,-19.0,-475,-3.0,0.0,194.0,1564.0,369.0,11142.0,1582.0,14658.0,10388.0,743.0,77.0,3449.0,14658.0,109.0,1625.0,-2666.0,1045.0,3.0,-23.080660835762874,74.14965986394559,-24.573202276254527,5.764097258147957,1.4264049955396967,0.14040114613180515,-1041.0,2666.0,-3.0,19.33,0.0,11142.0,1625.0,0,0,0,55.7
114,ADANIGREEN,Mar 2020,2549,1098,1450.0,57.0,-111,995,394,-50,23.0,-68,0.0,0.0,195.0,1564.0,793.0,14866.0,1201.0,18424.0,12554.0,1208.0,476.0,4186.0,18424.0,110.0,1965.0,-3743.0,2161.0,383.0,-2.6677128285602194,56.88505296194586,-2.8850233347475602,6.307170131523122,1.3457286432160804,0.13835214937038645,-1778.0,3743.0,0.0,23.57,0.0,14866.0,1965.0,0,0,0,55.7
115,ADANIGREEN,Mar 2021,3124,883,2241.0,72.0,391,1953,486,193,6.0,182,1.0,0.0,196.0,1564.0,636.0,24209.0,2283.0,28692.0,16429.0,4452.0,502.0,7309.0,28692.0,111.0,1601.0,-9137.0,7083.0,-453.0,5.8258642765685025,71.73495518565942,8.272727272727273,11.004090909090909,1.3476702508960574,0.10888052418792694,-7536.0,9137.0,1.0,22.0,0.0,24209.0,1601.0,0,0,0,55.7
116,ADANIGREEN,Mar 2022,5133,1621,3512.0,68.0,507,2617,849,553,12.0,489,3.0,0.0,197.0,1564.0,1050.0,52832.0,3508.0,58954.0,28452.0,19999.0,574.0,10029.0,58954.0,112.0,3127.0,-18730.0,15986.0,383.0,9.526592635885448,68.42002727449834,18.706962509563887,20.211170619739864,1.5357279327474207,0.08706788343454218,-15603.0,18730.0,3.0,26.14,0.0,52832.0,3127.0,0,0,0,55.7
117,ADANIGREEN,Mar 2023,7776,2806,4970.0,64.0,667,2911,1300,1426,32.0,973,6.0,0.0,198.0,1584.0,5720.0,54223.0,5382.0,66909.0,48336.0,5291.0,1149.0,12133.0,66909.0,113.0,7265.0,-3857.0,-2973.0,435.0,12.512860082304528,63.91460905349794,13.321467688937568,7.423740416210296,1.936447956028856,0.11621754920862665,3408.0,3857.0,6.0,73.04,0.0,54223.0,7265.0,0,0,0,55.7
118,ADANIGREEN,Mar 2024,9220,1902,7318.0,79.0,1262,5006,1903,1671,25.0,1260,7.0,0.0,199.0,1584.0,8250.0,64858.0,13394.0,88086.0,62284.0,6427.0,1515.0,17860.0,88086.0,114.0,7713.0,-21060.0,13953.0,606.0,13.665943600867678,79.3709327548807,12.812690665039659,6.595281675818589,1.713943268078306,0.10467043571055559,-13347.0,21060.0,7.0,98.34,0.0,64858.0,7713.0,59.2,0,0,55.7
120,ADANIPORTS,Mar 2013,3577,1195,2382.0,67.0,344,542,422,1762,7.0,1639,8.0,12.0,201.0,401.0,5993.0,11620.0,3022.0,21035.0,11382.0,2951.0,222.0,6480.0,21035.0,115.0,1379.0,-5136.0,4138.0,381.0,45.820519988817445,66.59211629857423,25.633406318423525,1.817328745699093,5.029520295202952,0.17004991680532447,-3757.0,5136.0,8.0,63.94,12.0,11620.0,1379.0,0,0,0,74.2
121,ADANIPORTS,Mar 2014,4830,1910,2919.0,60.0,685,977,649,1978,12.0,1741,8.0,12.0,202.0,414.0,8351.0,12979.0,2933.0,24677.0,13163.0,2025.0,63.0,9426.0,24677.0,116.0,1132.0,-2510.0,772.0,-606.0,36.04554865424431,60.43478260869565,19.86309184255562,1.4807758128921849,3.6888433981576254,0.19572881630668235,-1378.0,2510.0,8.0,87.65,12.0,12979.0,1132.0,0,0,0,74.2
122,ADANIPORTS,Mar 2015,6152,2250,3902.0,63.0,686,1175,912,2501,7.0,2324,11.0,10.0,203.0,414.0,10351.0,17776.0,3541.0,32082.0,20527.0,1276.0,260.0,10020.0,32082.0,117.0,3057.0,-2485.0,-237.0,335.0,37.77633289986996,63.42652795838751,21.58848118903855,1.651277287505806,3.90468085106383,0.19175861853999127,572.0,2485.0,11.0,107.65,10.0,17776.0,3057.0,0,0,0,74.2
123,ADANIPORTS,Mar 2016,7109,2532,4577.0,64.0,730,1124,1063,3119,9.0,2856,14.0,8.0,204.0,414.0,13091.0,22342.0,2538.0,38385.0,20883.0,1967.0,545.0,14990.0,38385.0,118.0,2381.0,-4153.0,2170.0,398.0,40.17442678295119,64.38317625545083,21.147723065531284,1.6543502406516104,4.72153024911032,0.18520255308063047,-1772.0,4153.0,14.0,135.05,8.0,22342.0,2381.0,0,0,0,74.2
124,ADANIPORTS,Mar 2017,8439,3021,5418.0,64.0,1037,1116,1160,4179,7.0,3902,19.0,7.0,205.0,414.0,17112.0,22214.0,3629.0,43369.0,21054.0,4514.0,1161.0,16641.0,43369.0,119.0,4063.0,-2629.0,-1325.0,109.0,46.23770588932338,64.20191965872733,22.264064817984707,1.2674883030925481,5.784050179211469,0.19458599460444095,1434.0,2629.0,19.0,175.26,7.0,22214.0,4063.0,0,0,0,74.2
125,ADANIPORTS,Mar 2018,11323,4166,7157.0,63.0,844,1579,1188,5234,30.0,3690,18.0,11.0,206.0,414.0,20489.0,22370.0,3960.0,47233.0,22670.0,4545.0,1079.0,18938.0,47233.0,120.0,5608.0,-3846.0,-1889.0,-127.0,32.588536606906295,63.20763048662016,17.652968473424867,1.0701813136870306,5.067131095630145,0.23972646243092752,1762.0,3846.0,18.0,209.03,11.0,22370.0,5608.0,0,0,0,74.2
126,ADANIPORTS,Mar 2019,10925,4330,6596.0,60.0,1289,1385,1373,5126,21.0,4045,19.0,1.0,207.0,414.0,23958.0,27712.0,4228.0,56311.0,28121.0,4483.0,782.0,22924.0,56311.0,121.0,6029.0,-4368.0,2313.0,3975.0,37.02517162471396,60.37528604118994,16.596914492040046,1.1370425077958313,5.693140794223827,0.19401182717408677,1661.0,4368.0,19.0,243.72,1.0,27712.0,6029.0,0,0,0,74.2
127,ADANIPORTS,Mar 2020,11873,5926,5947.0,50.0,1928,1951,1680,4244,11.0,3785,19.0,17.0,208.0,406.0,25051.0,30242.0,6217.0,61917.0,32715.0,3216.0,1178.0,24808.0,61917.0,122.0,7402.0,-749.0,-4256.0,2397.0,31.8790533142424,50.08843594710688,14.868209136976077,1.1879640177554307,4.036391594054331,0.1917567065587803,6653.0,749.0,19.0,254.57,17.0,30242.0,7402.0,0,0,0,74.2
128,ADANIPORTS,Mar 2021,12550,3862,8688.0,69.0,1967,2255,2107,6292,20.0,5049,25.0,20.0,209.0,406.0,30035.0,35855.0,8285.0,74582.0,48291.0,3697.0,2236.0,20358.0,74582.0,123.0,7556.0,-14064.0,3514.0,-2994.0,40.23107569721115,69.22709163346613,16.586183108307875,1.1778522387569397,4.725055432372505,0.16827116462417205,-6508.0,14064.0,25.0,304.41,20.0,35855.0,7556.0,0,0,0,74.2
129,ADANIPORTS,Mar 2022,17119,7591,9528.0,56.0,1832,2544,3099,5717,13.0,4953,23.0,22.0,210.0,422.0,41399.0,47935.0,8572.0,98328.0,62553.0,4023.0,3161.0,28591.0,98328.0,124.0,10420.0,-5493.0,-586.0,4341.0,28.93276476429698,55.65745662713943,11.843332297171278,1.1461944955883407,4.465408805031447,0.1741009681881051,4927.0,5493.0,23.0,418.21,22.0,47935.0,10420.0,0,0,0,74.2
130,ADANIPORTS,Mar 2023,20852,9905,10947.0,52.0,327,2363,3425,5487,2.0,5391,25.0,20.0,211.0,432.0,44957.0,53434.0,13740.0,112563.0,72224.0,6637.0,7432.0,26271.0,112563.0,125.0,11900.0,-16716.0,-2734.0,-7550.0,25.85363514291195,52.498561289084975,11.8773271056864,1.1772455881380952,4.771053745239103,0.18524737258246493,-4816.0,16716.0,25.0,453.89,20.0,53434.0,11900.0,0,0,0,74.2
131,ADANIPORTS,Mar 2024,26711,11121,15589.0,58.0,671,2733,3888,9639,16.0,8104,38.0,16.0,212.0,432.0,52346.0,49470.0,14751.0,116999.0,75148.0,10936.0,4289.0,26627.0,116999.0,126.0,15018.0,-6768.0,-7800.0,450.0,30.339560480700833,58.36172363445772,15.3548827162833,0.9373223691689719,5.949506037321624,0.22830109659056916,8250.0,6768.0,38.0,527.78,16.0,49470.0,15018.0,25.92,17.62,17.61,74.2
146,ADANIPOWER,Mar 2013,6692,5732,960.0,14.0,215,1703,1290,-1818,26.0,-2295,-10.0,0.0,214.0,2393.0,1900.0,41795.0,8599.0,54688.0,29089.0,18976.0,22.0,6600.0,54688.0,127.0,3001.0,-4064.0,861.0,-203.0,-34.294680215182304,14.34548714883443,-53.459119496855344,9.735616119263918,0.6899588960657663,0.12236688121708601,-1063.0,4064.0,-10.0,42.93,0.0,41795.0,3001.0,0,0,0,62.1
147,ADANIPOWER,Mar 2014,15328,10735,4593.0,30.0,137,4162,1937,-1370,-79.0,-291,-1.0,0.0,215.0,2872.0,3671.0,44150.0,8045.0,58739.0,46365.0,3660.0,115.0,8599.0,58739.0,128.0,3238.0,-4700.0,1631.0,169.0,-1.8984864300626305,29.964770354906058,-4.447501146263182,6.747669264863212,1.1364728495915426,0.2609509865676978,-1462.0,4700.0,-1.0,65.43,0.0,44150.0,3238.0,0,0,0,62.1
148,ADANIPOWER,Mar 2015,18683,14005,4678.0,25.0,1188,4864,1818,-816,0.0,-816,-3.0,0.0,216.0,2872.0,2853.0,44742.0,8008.0,58474.0,45080.0,191.0,357.0,12846.0,58474.0,129.0,5824.0,-4737.0,-1144.0,-58.0,-4.367606915377617,25.03880533104962,-14.253275109170305,7.815196506550218,1.2060032894736843,0.3195095256011219,1087.0,4737.0,-3.0,57.25,0.0,44742.0,5824.0,0,0,0,62.1
149,ADANIPOWER,Mar 2016,25377,16575,8802.0,35.0,-201,5560,2666,375,-47.0,551,2.0,0.0,217.0,3334.0,4134.0,52729.0,15597.0,75794.0,56941.0,88.0,0.0,18765.0,75794.0,130.0,5257.0,-2692.0,-2713.0,-148.0,2.171257437837412,34.6849509398274,7.378146759507231,7.06065881092662,1.5469424460431656,0.33481542074570547,2565.0,2692.0,2.0,74.68,0.0,52729.0,5257.0,0,0,0,62.1
150,ADANIPOWER,Mar 2017,22616,16635,5980.0,26.0,-3666,5902,2672,-6260,-1.0,-6174,-16.0,0.0,218.0,3857.0,-857.0,52484.0,16027.0,71511.0,54391.0,125.0,164.0,16831.0,71511.0,131.0,4725.0,-1212.0,-3539.0,-26.0,-27.299257163070394,26.44145737530951,-100.0,17.494666666666667,0.3920704845814978,0.31625903707121983,3513.0,1212.0,-16.0,30.0,0.0,52484.0,4725.0,0,0,0,62.1
151,ADANIPOWER,Mar 2018,20304,14868,5436.0,27.0,754,5570,2699,-2079,0.0,-2103,-5.0,0.0,219.0,3857.0,-2968.0,52835.0,15804.0,69528.0,52137.0,120.0,0.0,17271.0,69528.0,132.0,5101.0,-520.0,-4600.0,-19.0,-10.35756501182033,26.773049645390074,-100.0,59.43194600674916,1.111310592459605,0.29202623403520883,4581.0,520.0,-5.0,8.89,0.0,52835.0,5101.0,0,0,0,62.1
152,ADANIPOWER,Mar 2019,23884,18901,4983.0,21.0,2448,5657,2751,-976,1.0,-984,-3.0,0.0,220.0,3857.0,3855.0,46980.0,13293.0,67985.0,50419.0,350.0,3.0,17213.0,67985.0,133.0,5610.0,-984.0,-4663.0,-37.0,-4.119912912409982,20.86333947412494,-12.759336099585061,6.091804979253112,1.313593777620647,0.3513127895859381,4626.0,984.0,-3.0,77.12,0.0,46980.0,5610.0,0,0,0,62.1
153,ADANIPOWER,Mar 2020,26468,20734,5734.0,22.0,323,5315,3006,-2265,0.0,-2275,-6.0,0.0,221.0,3857.0,2624.0,55199.0,13346.0,75025.0,55846.0,2347.0,3.0,16830.0,75025.0,134.0,5598.0,-2304.0,-2377.0,917.0,-8.595284872298626,21.66389602538915,-35.102607622280516,8.517049837987965,1.139604891815616,0.3527890703098967,3294.0,2304.0,-6.0,64.81,0.0,55199.0,5598.0,0,0,0,62.1
154,ADANIPOWER,Mar 2021,26221,17533,8688.0,33.0,1909,5106,3202,2289,45.0,1270,3.0,0.0,222.0,3857.0,9256.0,52519.0,13175.0,78806.0,52851.0,6439.0,20.0,19495.0,78806.0,135.0,7014.0,-2188.0,-5655.0,-828.0,4.84344609282636,33.13374775942947,9.685045374818882,4.005109433386716,2.0754014884449665,0.3327284724513362,4826.0,2188.0,3.0,131.13,0.0,52519.0,7014.0,0,0,0,62.1
155,ADANIPOWER,Mar 2022,27711,17830,9881.0,36.0,3908,4095,3118,6577,25.0,4912,13.0,0.0,223.0,3857.0,14600.0,49145.0,14379.0,81981.0,53274.0,10270.0,183.0,18254.0,81981.0,136.0,10233.0,774.0,-10338.0,669.0,17.725812854101257,35.6573201977554,26.613209080565635,2.662675407704394,3.3672771672771673,0.33801734548248985,11007.0,774.0,13.0,184.57,0.0,49145.0,10233.0,0,0,0,62.1
156,ADANIPOWER,Mar 2023,38773,28677,10096.0,26.0,4216,3334,3304,7675,-40.0,10727,28.0,0.0,224.0,3857.0,26019.0,42350.0,13596.0,85821.0,51451.0,12880.0,654.0,20836.0,85821.0,137.0,8431.0,1545.0,-10408.0,-433.0,27.666159440848016,26.038738297268715,35.90507430713616,1.4175257731958764,4.2927414517096585,0.4517891891262045,9976.0,1545.0,28.0,298.76,0.0,42350.0,8431.0,0,0,0,62.1
157,ADANIPOWER,Mar 2024,50351,32124,18228.0,36.0,9883,3388,3931,20792,0.0,20829,54.0,0.0,225.0,3857.0,39288.0,34616.0,14248.0,92009.0,63016.0,925.0,374.0,27694.0,92009.0,138.0,14170.0,3481.0,-16864.0,787.0,41.36759945184802,36.20186292228556,48.27674122146251,0.8023177656738903,8.297225501770956,0.5472399439185297,17651.0,3481.0,54.0,431.45,0.0,34616.0,14170.0,24.85,0,0,62.1
159,AMBUJACEM,Dec 2012,9749,7276,2473.0,25.0,69,78,569,1896,32.0,1292,8.0,43.0,227.0,308.0,8489.0,60.0,3487.0,12345.0,5951.0,524.0,1581.0,4289.0,12345.0,139.0,1860.0,-388.0,-509.0,962.0,13.252641296543235,25.36670427736178,14.686825053995682,0.006820506991019666,32.58974358974359,0.7897124341838802,1472.0,388.0,8.0,87.97,43.0,60.0,1860.0,0,0,0,46.4
160,AMBUJACEM,Dec 2013,9161,7492,1669.0,18.0,390,67,494,1498,15.0,1278,8.0,44.0,228.0,309.0,9153.0,48.0,3446.0,12956.0,6147.0,698.0,1714.0,4399.0,12956.0,140.0,1267.0,-496.0,-672.0,99.0,13.950442091474729,18.218535094422005,13.506658211794548,0.0050729232720355105,30.73134328358209,0.7070855202222909,771.0,496.0,8.0,94.62,44.0,48.0,1267.0,0,0,0,46.4
161,AMBUJACEM,Dec 2014,9955,8022,1934.0,19.0,419,66,513,1774,16.0,1487,10.0,46.0,229.0,310.0,9760.0,34.0,3774.0,13878.0,6310.0,692.0,2097.0,4780.0,13878.0,141.0,1675.0,-456.0,-721.0,498.0,14.937217478653944,19.427423405323957,14.766633565044687,0.0033763654419066533,35.65151515151515,0.7173223807465052,1219.0,456.0,10.0,100.7,46.0,34.0,1675.0,0,0,0,46.4
162,AMBUJACEM,Dec 2015,9437,7895,1542.0,16.0,353,92,630,1173,31.0,808,5.0,54.0,230.0,310.0,9961.0,35.0,3827.0,14133.0,6170.0,416.0,2149.0,5398.0,14133.0,142.0,1557.0,-83.0,-900.0,574.0,8.562043022146868,16.33993853979019,7.866809463538117,0.0034076526141563626,20.597826086956523,0.6677280124531239,1474.0,83.0,5.0,102.71,54.0,35.0,1557.0,0,0,0,46.4
163,AMBUJACEM,Dec 2016,20094,16913,3181.0,16.0,441,153,1461,2008,29.0,1434,6.0,50.0,231.0,397.0,19424.0,29.0,12974.0,32824.0,21410.0,582.0,175.0,10657.0,32824.0,143.0,2810.0,-4165.0,-958.0,-2312.0,7.136458644371454,15.830596197870012,7.234751021643711,0.00146309469754301,23.673202614379086,0.6121740190104802,-1355.0,4165.0,6.0,198.21,50.0,29.0,2810.0,0,0,0,46.4
164,AMBUJACEM,Dec 2017,23609,19751,3858.0,16.0,335,206,1219,2768,30.0,1945,8.0,47.0,232.0,397.0,20275.0,24.0,14813.0,35509.0,20898.0,667.0,153.0,13791.0,35509.0,144.0,3416.0,-738.0,-1015.0,1663.0,8.238383667245541,16.34122580371892,9.408862229102168,0.0011609907120743034,20.354368932038835,0.6648736939930722,2678.0,738.0,8.0,206.72,47.0,24.0,3416.0,0,0,0,46.4
165,AMBUJACEM,Dec 2018,26041,22030,4011.0,15.0,232,170,1154,2919,-2.0,2973,11.0,14.0,233.0,397.0,21973.0,40.0,14981.0,37391.0,20636.0,1008.0,133.0,15613.0,37391.0,145.0,1703.0,-765.0,-719.0,220.0,11.416612265273992,15.402634307438271,13.29012069736254,0.001788109074653554,24.958823529411763,0.6964510176245621,938.0,765.0,11.0,223.7,14.0,40.0,1703.0,0,0,0,46.4
166,AMBUJACEM,Dec 2019,27104,22507,4597.0,17.0,601,170,1153,3875,28.0,2783,11.0,14.0,234.0,397.0,23681.0,41.0,16059.0,40178.0,20701.0,1554.0,150.0,17773.0,40178.0,146.0,4739.0,-1191.0,-629.0,2919.0,10.267857142857142,16.960596221959857,11.558268959215882,0.0017027992358169283,30.576470588235296,0.6745980387276619,3548.0,1191.0,11.0,240.78,14.0,41.0,4739.0,0,0,0,46.4
167,AMBUJACEM,Dec 2020,24516,19511,5006.0,20.0,288,140,1162,3992,22.0,3107,12.0,151.0,235.0,397.0,22360.0,471.0,16490.0,39718.0,20486.0,2422.0,167.0,16643.0,39718.0,147.0,4832.0,-1317.0,-3956.0,-441.0,12.673356175558819,20.41931799641051,13.65294195192688,0.02069692841762974,37.81428571428572,0.6172516239488394,3515.0,1317.0,12.0,227.57,151.0,471.0,4832.0,0,0,0,46.4
168,AMBUJACEM,Dec 2021,28965,22755,6210.0,21.0,252,146,1152,5164,28.0,3711,14.0,45.0,236.0,397.0,24957.0,477.0,19374.0,45205.0,22254.0,2168.0,198.0,20585.0,45205.0,148.0,5309.0,-2007.0,-516.0,2786.0,12.812014500258934,21.439668565510097,14.636743709079436,0.01881359943204228,44.26027397260274,0.6407477048999004,3302.0,2007.0,14.0,253.54,45.0,477.0,5309.0,0,0,0,46.4
169,AMBUJACEM,Mar 2023 15,38937,33815,5122.0,13.0,447,195,1645,3729,19.0,3024,13.0,19.0,0.0,0.0,0.0,0.0,0.0,0.0,0.0,0.0,0.0,0.0,0.0,0.0,0.0,0.0,0.0,0.0,7.766391863779952,13.154583044405063,0.0,0.0,28.55897435897436,0,0.0,0.0,13.0,0.0,19.0,0.0,0.0,0,0,0,46.4
170,AMBUJACEM,Mar 2024,33160,26760,6400.0,19.0,1401,276,1623,5901,20.0,4738,16.0,12.0,238.0,440.0,41016.0,699.0,23107.0,65261.0,32388.0,2658.0,849.0,29365.0,65261.0,150.0,5646.0,-8941.0,5689.0,2394.0,14.288299155609169,19.300361881785282,11.428984947896565,0.01686125048243921,28.264492753623188,0.5081135747230352,-3295.0,8941.0,16.0,414.56,12.0,699.0,5646.0,19.35,8.53,0.0,46.4
172,APOLLOHOSP,Mar 2013,3769,3157,612.0,16.0,33,103,142,399,26.0,303,22.0,25.0,240.0,70.0,2677.0,1213.0,854.0,4814.0,2341.0,403.0,527.0,1543.0,4814.0,151.0,443.0,-733.0,373.0,83.0,8.039267710267975,16.23772884054126,11.030214779759739,0.4415726246814707,6.262135922330097,0.7829248026589115,-290.0,733.0,22.0,27.47,25.0,1213.0,443.0,0,0,0,29.200000000000003
173,APOLLOHOSP,Mar 2014,4357,3681,676.0,16.0,18,119,168,407,25.0,315,23.0,25.0,241.0,70.0,2907.0,1344.0,1029.0,5350.0,2681.0,491.0,322.0,1855.0,5350.0,152.0,373.0,-356.0,-63.0,-46.0,7.229745237548772,15.515262795501492,10.581121934833725,0.4514612025529056,5.831932773109243,0.814392523364486,17.0,356.0,23.0,29.77,25.0,1344.0,373.0,0,0,0,29.200000000000003
174,APOLLOHOSP,Mar 2015,5129,4392,737.0,14.0,47,118,212,455,29.0,335,24.0,24.0,242.0,70.0,3102.0,1992.0,1296.0,6459.0,3244.0,533.0,311.0,2372.0,6459.0,153.0,470.0,-759.0,392.0,103.0,6.531487619418989,14.369272762721778,10.561160151324085,0.6279949558638083,6.6440677966101696,0.7940857717912989,-289.0,759.0,24.0,31.72,24.0,1992.0,470.0,0,0,0,29.200000000000003
175,APOLLOHOSP,Mar 2016,6150,5465,684.0,11.0,92,180,264,332,29.0,235,17.0,35.0,243.0,70.0,3262.0,2834.0,1195.0,7360.0,3997.0,562.0,352.0,2448.0,7360.0,154.0,597.0,-888.0,330.0,39.0,3.8211382113821135,11.121951219512196,7.052821128451381,0.8505402160864346,4.311111111111111,0.8355978260869565,-291.0,888.0,17.0,33.32,35.0,2834.0,597.0,0,0,0,29.200000000000003
176,APOLLOHOSP,Mar 2017,7256,6522,734.0,10.0,60,257,314,222,41.0,131,16.0,38.0,244.0,70.0,3244.0,3125.0,1665.0,8103.0,4591.0,347.0,406.0,2759.0,8103.0,155.0,623.0,-1152.0,477.0,-52.0,1.8054024255788312,10.115766262403527,3.952926976463488,0.9429692214846107,3.0894941634241246,0.8954708132790324,-529.0,1152.0,16.0,33.14,38.0,3125.0,623.0,0,0,0,29.200000000000003
177,APOLLOHOSP,Mar 2018,8243,7442,801.0,10.0,24,295,359,171,65.0,60,8.0,59.0,245.0,70.0,3182.0,3427.0,1917.0,8596.0,4773.0,712.0,352.0,2759.0,8596.0,156.0,537.0,-405.0,-108.0,24.0,0.7278903311901006,9.717335921387845,1.8450184501845017,1.0538130381303814,2.7966101694915255,0.9589343880874825,132.0,405.0,8.0,32.52,59.0,3427.0,537.0,0,0,0,29.200000000000003
178,APOLLOHOSP,Mar 2019,9617,8548,1070.0,11.0,26,327,396,373,47.0,200,17.0,35.0,246.0,70.0,3264.0,3673.0,2159.0,9166.0,4982.0,822.0,462.0,2901.0,9166.0,157.0,905.0,-711.0,-215.0,-20.0,2.0796506186960593,11.126130810023916,5.9988002399520095,1.1016796640671866,3.3516819571865444,1.0492035784420686,194.0,711.0,17.0,33.34,35.0,3673.0,905.0,0,0,0,29.200000000000003
179,APOLLOHOSP,Mar 2020,11247,9656,1591.0,14.0,222,533,620,660,34.0,432,33.0,18.0,247.0,70.0,3270.0,3596.0,4354.0,11289.0,7432.0,236.0,434.0,3187.0,11289.0,158.0,1293.0,-289.0,-910.0,94.0,3.841024273139504,14.145994487418868,12.934131736526947,1.0766467065868264,3.401500938086304,0.996279564177518,1004.0,289.0,33.0,33.4,18.0,3596.0,1293.0,0,0,0,29.200000000000003
180,APOLLOHOSP,Mar 2021,10560,9420,1140.0,11.0,103,449,573,221,38.0,137,10.0,29.0,248.0,72.0,4531.0,4160.0,2629.0,11392.0,6778.0,234.0,1343.0,3037.0,11392.0,159.0,1265.0,-880.0,-340.0,44.0,1.2973484848484849,10.795454545454545,2.976319791440365,0.9037584184227677,2.7683741648106905,0.9269662921348315,385.0,880.0,10.0,46.03,29.0,4160.0,1265.0,0,0,0,29.200000000000003
181,APOLLOHOSP,Mar 2022,14663,12474,2189.0,15.0,368,379,601,1578,30.0,1108,73.0,16.0,249.0,72.0,5551.0,4068.0,3570.0,13261.0,8296.0,46.0,816.0,4104.0,13261.0,160.0,1696.0,-747.0,-792.0,158.0,7.556434563186251,14.928732183045762,19.704783923172684,0.723457229237062,6.746701846965699,1.1057235502601614,949.0,747.0,73.0,56.23,16.0,4068.0,1696.0,0,0,0,29.200000000000003
182,APOLLOHOSP,Mar 2023,16612,14548,2065.0,12.0,75,381,615,1144,22.0,844,57.0,26.0,250.0,72.0,6126.0,4332.0,3886.0,14416.0,8520.0,610.0,574.0,4712.0,14416.0,161.0,1377.0,-857.0,-633.0,-113.0,5.080664579821816,12.430772935227546,13.617295901903839,0.6989351403678606,5.616797900262467,1.152330743618202,520.0,857.0,57.0,61.98,26.0,4332.0,1377.0,0,0,0,29.200000000000003
183,APOLLOHOSP,Mar 2024,19059,16665,2394.0,13.0,105,449,687,1362,33.0,935,63.0,26.0,251.0,72.0,6864.0,5333.0,4474.0,16742.0,9664.0,873.0,986.0,5219.0,16742.0,162.0,1920.0,-1537.0,-311.0,72.0,4.905818773282963,12.56099480560365,13.480392156862745,0.7688869665513264,5.565701559020044,1.1383944570541153,383.0,1537.0,63.0,69.36,26.0,5333.0,1920.0,16.94,-27.67,-18.32,29.200000000000003
185,ASIANPAINT,Mar 2013,10504,8767,1737.0,17.0,114,42,155,1655,30.0,1160,12.0,40.0,253.0,96.0,3288.0,251.0,3149.0,6784.0,2441.0,59.0,296.0,3989.0,6784.0,163.0,1187.0,-463.0,-601.0,123.0,11.043412033511043,16.536557501904035,34.2789598108747,0.0741725768321513,44.07142857142857,1.5483490566037736,724.0,463.0,12.0,33.84,40.0,251.0,1187.0,0,0,0,59.599999999999994
186,ASIANPAINT,Mar 2014,12220,10217,2004.0,16.0,124,48,246,1834,31.0,1263,13.0,42.0,254.0,96.0,3943.0,249.0,3787.0,8075.0,2562.0,72.0,1424.0,4019.0,8075.0,164.0,1402.0,-586.0,-626.0,190.0,10.335515548281506,16.399345335515548,31.27011636543699,0.06164892300074276,44.333333333333336,1.513312693498452,816.0,586.0,13.0,40.39,42.0,249.0,1402.0,0,0,0,59.599999999999994
187,ASIANPAINT,Mar 2015,13615,11372,2243.0,16.0,142,42,266,2077,31.0,1427,15.0,42.0,255.0,96.0,4646.0,418.0,3754.0,8914.0,2660.0,196.0,1588.0,4471.0,8914.0,165.0,1188.0,-465.0,-576.0,147.0,10.481087036356959,16.47447668013221,30.09278785322649,0.08814846056516237,56.785714285714285,1.5273726722010321,723.0,465.0,15.0,47.42,42.0,418.0,1188.0,0,0,0,59.599999999999994
188,ASIANPAINT,Mar 2016,14271,11546,2725.0,19.0,213,49,276,2614,32.0,1803,18.0,41.0,256.0,96.0,6429.0,323.0,3711.0,10559.0,3416.0,107.0,2712.0,4324.0,10559.0,166.0,2243.0,-866.0,-849.0,528.0,12.634013033424427,19.09466750753276,27.632183908045977,0.04950191570881226,59.95918367346939,1.351548442087319,1377.0,866.0,18.0,65.25,41.0,323.0,2243.0,0,0,0,59.599999999999994
189,ASIANPAINT,Mar 2017,15062,12068,2994.0,20.0,338,37,335,2960,32.0,2016,20.0,51.0,257.0,96.0,7508.0,560.0,4241.0,12405.0,3304.0,258.0,2652.0,6192.0,12405.0,167.0,1527.0,-681.0,-756.0,90.0,13.384676669764971,19.87783826849024,26.512361914781696,0.07364544976328248,90.05405405405405,1.2141878274889157,846.0,681.0,20.0,76.04,51.0,560.0,1527.0,0,0,0,59.599999999999994
190,ASIANPAINT,Mar 2018,16825,13621,3204.0,19.0,336,41,360,3138,33.0,2098,21.0,41.0,258.0,96.0,8314.0,533.0,4820.0,13763.0,3732.0,1405.0,2141.0,6485.0,13763.0,168.0,2113.0,-1556.0,-1379.0,-822.0,12.469539375928678,19.043090638930163,24.94649227110583,0.0633769322235434,86.34146341463415,1.2224805638305603,557.0,1556.0,21.0,84.1,41.0,533.0,2113.0,0,0,0,59.599999999999994
191,ASIANPAINT,Mar 2019,19240,15475,3765.0,20.0,274,110,622,3306,33.0,2208,22.0,47.0,259.0,96.0,9375.0,1320.0,5459.0,16249.0,6497.0,210.0,2569.0,6974.0,16249.0,169.0,2470.0,-918.0,-1117.0,434.0,11.476091476091476,19.56860706860707,23.3132720937599,0.13937282229965156,36.71818181818182,1.1840728660225244,1552.0,918.0,22.0,94.71,47.0,1320.0,2470.0,0,0,0,59.599999999999994
192,ASIANPAINT,Mar 2020,20211,16054,4157.0,21.0,355,102,780,3629,24.0,2774,28.0,43.0,260.0,96.0,10034.0,1118.0,4889.0,16138.0,6272.0,140.0,2019.0,7707.0,16138.0,170.0,3038.0,-518.0,-2871.0,-351.0,13.725199148978279,20.568007520657066,27.38400789733465,0.11036525172754195,44.23529411764706,1.2523856735654977,2520.0,518.0,28.0,101.3,43.0,1118.0,3038.0,0,0,0,59.599999999999994
193,ASIANPAINT,Mar 2021,21713,16857,4856.0,22.0,332,92,791,4304,26.0,3207,33.0,55.0,261.0,96.0,12710.0,1093.0,6456.0,20355.0,5859.0,183.0,4737.0,9577.0,20355.0,171.0,3683.0,-541.0,-650.0,2492.0,14.769953484087875,22.36448210749321,25.042948617835393,0.0853506168983289,56.391304347826086,1.0667157946450503,3142.0,541.0,33.0,128.06,55.0,1093.0,3683.0,0,0,0,59.599999999999994
194,ASIANPAINT,Mar 2022,29101,24298,4804.0,17.0,296,95,816,4188,26.0,3085,32.0,61.0,262.0,96.0,13716.0,1587.0,7560.0,22958.0,5519.0,426.0,3248.0,13765.0,22958.0,172.0,986.0,-317.0,-1808.0,-1138.0,10.60101027456101,16.50802377925157,22.335650159281784,0.11490008688097307,53.68421052631579,1.2675755727850857,669.0,317.0,32.0,138.12,61.0,1587.0,986.0,0,0,0,59.599999999999994
195,ASIANPAINT,Mar 2023,34489,28229,6260.0,18.0,431,144,858,5689,26.0,4195,43.0,60.0,263.0,96.0,15896.0,1933.0,7854.0,25779.0,5770.0,1020.0,4262.0,14728.0,25779.0,173.0,4193.0,-1282.0,-2140.0,771.0,12.163298442981821,18.150714720635566,26.231865932966482,0.12087293646823412,46.46527777777778,1.3378719112455875,2911.0,1282.0,43.0,159.92,60.0,1933.0,4193.0,0,0,0,59.599999999999994
196,ASIANPAINT,Mar 2024,35495,27910,7585.0,21.0,821,205,853,7348,24.0,5558,57.0,58.0,264.0,96.0,18632.0,2474.0,8698.0,29901.0,7147.0,2698.0,4588.0,15468.0,29901.0,174.0,6104.0,-2548.0,-2982.0,573.0,15.658543456824905,21.3692069305536,29.677488252883382,0.1321016659547202,41.00487804878049,1.187084044011906,3556.0,2548.0,57.0,187.28,58.0,2474.0,6104.0,9.88,12.58,11.84,59.599999999999994
198,ATGL,Mar 2018,1374,1008,366.0,27.0,80,125,61,259,36.0,162,6.0,0.0,279.0,257.0,759.0,1345.0,442.0,2803.0,897.0,102.0,180.0,1624.0,2803.0,0.0,0.0,0.0,0.0,0.0,11.790393013100436,26.637554585152838,15.94488188976378,1.3238188976377954,3.568,0.49018908312522297,0.0,0.0,6.0,10.16,0.0,1345.0,0.0,0,0,0,61.6
199,ATGL,Mar 2019,1719,1264,455.0,26.0,59,90,67,357,36.0,229,2.0,12.0,280.0,110.0,992.0,394.0,552.0,2048.0,980.0,190.0,176.0,701.0,2048.0,0.0,0.0,0.0,0.0,0.0,13.321698662012798,26.46887725421757,20.780399274047188,0.35753176043557167,5.711111111111111,0.83935546875,0.0,0.0,2.0,11.02,12.0,394.0,0.0,0,0,0,61.6
200,ATGL,Mar 2020,1875,1280,595.0,32.0,44,41,51,547,20.0,436,4.0,6.0,281.0,110.0,1361.0,428.0,577.0,2476.0,1198.0,342.0,282.0,655.0,2476.0,0.0,0.0,0.0,0.0,0.0,23.253333333333334,31.733333333333334,29.63970088375255,0.2909585316111489,15.585365853658537,0.7572697899838449,0.0,0.0,4.0,14.71,6.0,428.0,0.0,0,0,0,61.6
201,ATGL,Mar 2021,1696,991,704.0,42.0,30,40,63,631,25.0,463,4.0,6.0,282.0,110.0,1824.0,529.0,741.0,3204.0,1379.0,696.0,417.0,711.0,3204.0,0.0,0.0,0.0,0.0,0.0,27.299528301886795,41.509433962264154,23.94002068252327,0.27352637021716647,18.35,0.529338327091136,0.0,0.0,4.0,19.34,6.0,529.0,0.0,0,0,0,61.6
202,ATGL,Mar 2022,3038,2265,773.0,25.0,46,53,83,684,26.0,509,5.0,5.0,283.0,110.0,2306.0,1035.0,964.0,4415.0,1733.0,1171.0,634.0,878.0,4415.0,0.0,0.0,0.0,0.0,0.0,16.754443712969056,25.44437129690586,21.06788079470199,0.4283940397350993,15.452830188679245,0.6881087202718007,0.0,0.0,5.0,24.16,5.0,1035.0,0.0,0,0,0,61.6
203,ATGL,Mar 2023,4378,3508,870.0,20.0,54,78,113,733,25.0,546,5.0,5.0,284.0,110.0,2831.0,1422.0,1282.0,5645.0,2335.0,1619.0,682.0,1010.0,5645.0,0.0,0.0,0.0,0.0,0.0,12.47144814984011,19.872087711283694,18.56511390683441,0.48350901054063244,11.846153846153847,0.7755535872453498,0.0,0.0,5.0,29.41,5.0,1422.0,0.0,0,0,0,61.6
204,ATGL,Mar 2024,4475,3371,1104.0,25.0,62,111,158,896,26.0,668,6.0,4.0,285.0,110.0,3470.0,1557.0,1454.0,6592.0,3174.0,1502.0,706.0,1209.0,6592.0,0.0,0.0,0.0,0.0,0.0,14.927374301675977,24.670391061452516,18.65921787709497,0.43491620111731844,10.504504504504505,0.6788531553398058,0.0,0.0,6.0,35.8,4.0,1557.0,0.0,26.08,27.51,-3.58,61.6
219,AXISBANK,Mar 2013,27183,17516,8313.0,1353.0,5,6551,352,7553,31.0,5179,22.0,16.0,287.0,468.0,32690.0,296254.0,11145.0,340558.0,2245.0,142.0,113378.0,224792.0,340558.0,196.0,2573.0,-10939.0,14931.0,6566.0,19.05234889452967,30.58161350844278,15.6191567645817,8.93461608058387,1.2697298122424057,0.07981900293048468,-8366.0,10939.0,22.0,331.58,16.0,296254.0,2573.0,0,0,0,36.8
220,AXISBANK,Mar 2014,30641,18690,9644.0,2307.0,8,7405,364,9349,33.0,6218,26.0,15.0,288.0,470.0,37926.0,333280.0,14674.0,386350.0,2346.0,102.0,113093.0,270810.0,386350.0,197.0,14464.0,-14166.0,7785.0,8082.0,20.293071374955126,31.474168597630626,16.194395249505156,8.680070840712574,1.3034436191762322,0.0793089167852983,298.0,14166.0,26.0,383.96,15.0,333280.0,14464.0,0,0,0,36.8
221,AXISBANK,Mar 2015,35479,21254,11127.0,3097.0,9,8365,406,11057,33.0,7358,31.0,15.0,289.0,474.0,44475.0,406638.0,15656.0,467243.0,2447.0,105.0,118527.0,346164.0,467243.0,198.0,-15162.0,-7972.0,31045.0,7910.0,20.739028721215366,31.36221426759492,16.369663396293575,9.046652873256358,1.331261207411835,0.07593265174652161,-23134.0,7972.0,31.0,449.49,15.0,406638.0,-15162.0,0,0,0,36.8
222,AXISBANK,Mar 2016,40988,24155,13367.0,3466.0,8,9371,444,12394,34.0,8224,35.0,14.0,290.0,477.0,53082.0,472150.0,20678.0,546387.0,3358.0,216.0,131399.0,411414.0,546387.0,199.0,-34495.0,9211.0,22495.0,-2789.0,20.064409095344978,32.611983995315704,15.355029033402415,8.815511865419444,1.4272756376053783,0.07501642608627218,-25284.0,9211.0,35.0,535.59,14.0,472150.0,-34495.0,0,0,0,36.8
223,AXISBANK,Mar 2017,44542,26449,23808.0,-5715.0,-13,11691,509,5468,33.0,3679,15.0,33.0,291.0,479.0,55901.0,527437.0,27644.0,611462.0,3518.0,292.0,129018.0,478633.0,611462.0,200.0,32209.0,-12458.0,-2487.0,17263.0,8.259620133806294,53.450675766692115,6.525363604114934,9.355037247250799,2.0353263193909847,0.07284508276883928,19751.0,12458.0,15.0,563.8,33.0,527437.0,32209.0,0,0,0,36.8
224,AXISBANK,Mar 2018,45780,27163,28895.0,-10277.0,-22,10967,568,122,-99.0,276,1.0,0.0,292.0,513.0,63694.0,611425.0,28071.0,703703.0,3697.0,352.0,153037.0,546618.0,703703.0,201.0,-38390.0,-10007.0,41342.0,-7055.0,0.6028833551769331,63.11708169506335,0.42985967262136526,9.522715591757908,2.632716330810614,0.06505585452953874,-48397.0,10007.0,1.0,642.07,0.0,611425.0,-38390.0,0,0,0,36.8
225,AXISBANK,Mar 2019,54986,33278,27155.0,-5447.0,-10,13130,710,6974,33.0,4677,18.0,6.0,293.0,514.0,67288.0,711996.0,34248.0,814046.0,3842.0,288.0,174056.0,635860.0,814046.0,202.0,37125.0,-18674.0,5643.0,24094.0,8.505801476739535,49.385298075873855,6.898026606884752,10.501106162060116,2.0674028941355673,0.06754655142338394,18451.0,18674.0,18.0,678.02,6.0,711996.0,37125.0,0,0,0,36.8
226,AXISBANK,Mar 2020,62635,37429,35066.0,-9859.0,-16,15537,773,4904,67.0,1627,6.0,0.0,294.0,564.0,85776.0,797337.0,44194.0,927872.0,3912.0,483.0,155282.0,768196.0,927872.0,203.0,30416.0,-9485.0,8865.0,29795.0,2.5975892073122058,55.984673106090845,1.8844104702339586,9.234850590687978,2.2559052584153956,0.06750392295489033,20931.0,9485.0,6.0,863.4,0.0,797337.0,30416.0,0,0,0,36.8
227,AXISBANK,Mar 2021,63346,34107,31749.0,-2510.0,-4,12264,948,8806,25.0,6588,22.0,0.0,295.0,613.0,102981.0,850551.0,46859.0,1001005.0,4501.0,118.0,225336.0,771050.0,1001005.0,204.0,12633.0,-54288.0,7279.0,-34375.0,10.400025258106274,50.119976004799035,6.359441666505782,8.210427244821128,2.588470319634703,0.06328240118680725,-41655.0,54288.0,22.0,1035.94,0.0,850551.0,12633.0,0,0,0,36.8
228,AXISBANK,Mar 2022,67377,34245,29962.0,3170.0,5,15221,1008,17383,25.0,13025,42.0,2.0,296.0,614.0,117647.0,1020943.0,56576.0,1195779.0,4753.0,215.0,274608.0,916203.0,1195779.0,205.0,28137.0,-27112.0,47894.0,48919.0,19.33152262641554,44.4691808777476,11.01377461716035,8.632964375406939,1.968793114775639,0.056345695985629454,1025.0,27112.0,42.0,1182.61,2.0,1020943.0,28137.0,0,0,0,36.8
229,AXISBANK,Mar 2023,85164,42218,29089.0,13857.0,16,16143,13094,16906,43.0,9580,31.0,3.0,297.0,615.0,129166.0,1152038.0,62598.0,1344418.0,5000.0,142.0,288095.0,1051181.0,1344418.0,206.0,22075.0,-32351.0,6641.0,-3636.0,11.248884505189986,34.15645108261707,7.381666037401469,8.876784737365254,1.8029486464721551,0.06334636995339248,-10276.0,32351.0,31.0,1297.81,3.0,1152038.0,22075.0,0,0,0,36.8
230,AXISBANK,Mar 2024,109369,59474,37943.0,11952.0,11,22442,1334,33060,25.0,24861,81.0,1.0,298.0,617.0,156406.0,1295302.0,65913.0,1518239.0,5860.0,267.0,332354.0,1179758.0,1518239.0,207.0,-5555.0,-9001.0,22341.0,7785.0,22.73130411725443,34.69264599658038,15.832712405189048,8.249122739980766,1.691203992514036,0.0720367478374617,-14556.0,9001.0,81.0,1570.23,1.0,1295302.0,-5555.0,10.99,-44.37,-46.11,36.8
206,BAJAJ-AUTO,Mar 2013,20025,16370,3656.0,18.0,790,1,168,4277,29.0,3133,108.0,42.0,299.0,289.0,7776.0,116.0,4461.0,12642.0,2355.0,294.0,6059.0,3934.0,12642.0,208.0,2218.0,-1394.0,-1445.0,-621.0,15.645443196004994,18.257178526841447,38.84686918784873,0.014383137011779294,4446.0,1.5840056953013764,824.0,1394.0,108.0,80.65,42.0,116.0,2218.0,0,0,0,47.400000000000006
207,BAJAJ-AUTO,Mar 2014,20137,15974,4163.0,21.0,674,1,181,4655,31.0,3380,117.0,43.0,300.0,289.0,9878.0,59.0,5081.0,15308.0,2660.0,144.0,8448.0,4056.0,15308.0,209.0,3502.0,-2072.0,-1496.0,-66.0,16.785022595222724,20.673387297015445,33.24481164551982,0.0058030884233303826,4837.0,1.3154559707342566,1430.0,2072.0,117.0,101.67,43.0,59.0,3502.0,0,0,0,47.400000000000006
208,BAJAJ-AUTO,Mar 2015,21595,17467,4128.0,19.0,228,6,267,4083,31.0,3026,105.0,48.0,301.0,289.0,10806.0,112.0,4758.0,15966.0,2448.0,255.0,8985.0,4277.0,15966.0,210.0,2114.0,-380.0,-1644.0,90.0,14.012502894188469,19.115536003704563,27.273546642631818,0.010094637223974764,726.0,1.3525616935988976,1734.0,380.0,105.0,110.95,48.0,112.0,2114.0,0,0,0,47.400000000000006
209,BAJAJ-AUTO,Mar 2016,22574,17781,4793.0,21.0,1194,1,307,5679,28.0,4061,140.0,39.0,302.0,289.0,13731.0,118.0,3102.0,17240.0,2026.0,52.0,11067.0,4095.0,17240.0,211.0,3690.0,-68.0,-3384.0,238.0,17.989722689820148,21.23239124656685,28.96576319543509,0.008416547788873038,5987.0,1.3093967517401393,3622.0,68.0,140.0,140.2,39.0,118.0,3690.0,0,0,0,47.400000000000006
210,BAJAJ-AUTO,Mar 2017,21755,17326,4429.0,20.0,1468,1,307,5588,27.0,4079,141.0,39.0,303.0,289.0,17567.0,120.0,3661.0,21638.0,2002.0,42.0,15477.0,4117.0,21638.0,212.0,3267.0,-3610.0,-190.0,-532.0,18.7497127097219,20.358538267065043,22.843862007168457,0.006720430107526882,5897.0,1.0054071540807838,-343.0,3610.0,141.0,178.56,39.0,120.0,3267.0,0,0,0,47.400000000000006
211,BAJAJ-AUTO,Mar 2018,25210,20364,4846.0,19.0,1404,1,315,5933,29.0,4219,146.0,41.0,304.0,289.0,20136.0,121.0,4595.0,25141.0,1878.0,56.0,18895.0,4312.0,25141.0,213.0,4328.0,-1954.0,-1885.0,488.0,16.735422451408173,19.22253074176914,20.656058751529986,0.005924112607099143,6250.0,1.0027445209021122,2374.0,1954.0,146.0,204.25,41.0,121.0,4328.0,0,0,0,47.400000000000006
212,BAJAJ-AUTO,Mar 2019,30358,25160,5198.0,17.0,2028,4,266,6956,29.0,4928,170.0,35.0,305.0,289.0,22944.0,125.0,5476.0,28834.0,1764.0,48.0,20603.0,6420.0,28834.0,214.0,2487.0,-273.0,-2074.0,140.0,16.2329534224916,17.12234007510376,21.211208195239532,0.005380278052769767,1806.5,1.0528542692654506,2214.0,273.0,170.0,232.33,35.0,125.0,2487.0,0,0,0,47.400000000000006
213,BAJAJ-AUTO,Mar 2020,29919,24809,5109.0,17.0,1832,3,246,6692,22.0,5212,180.0,67.0,306.0,289.0,21373.0,126.0,4722.0,26510.0,1699.0,60.0,19914.0,4837.0,26510.0,215.0,3850.0,1766.0,-6247.0,-630.0,17.42036832781844,17.076105484808984,24.06056689133044,0.005816637429600221,2313.6666666666665,1.1285929837797057,5616.0,1766.0,180.0,216.62,67.0,126.0,3850.0,0,0,0,47.400000000000006
214,BAJAJ-AUTO,Mar 2021,27741,22803,4938.0,18.0,1570,7,259,6241,22.0,4857,168.0,83.0,307.0,289.0,26984.0,121.0,6207.0,33602.0,1668.0,16.0,24687.0,7232.0,33602.0,216.0,3120.0,-2869.0,-20.0,231.0,17.508381096571863,17.800367686817346,17.808821911780882,0.0044366223004436624,929.7142857142857,0.8255758585798464,251.0,2869.0,168.0,272.73,83.0,121.0,3120.0,0,0,0,47.400000000000006
215,BAJAJ-AUTO,Mar 2022,33145,27886,5259.0,16.0,2671,9,270,7652,19.0,6166,213.0,66.0,308.0,289.0,29570.0,123.0,5129.0,35111.0,1836.0,77.0,26634.0,6564.0,35111.0,217.0,4197.0,276.0,-4056.0,417.0,18.60310755770101,15.866646553024587,20.650390167118793,0.004119360996684417,881.1111111111111,0.9440061519182023,4473.0,276.0,213.0,298.59,66.0,123.0,4197.0,0,0,0,47.400000000000006
216,BAJAJ-AUTO,Mar 2023,36455,29991,6465.0,18.0,1703,40,286,7842,23.0,6060,214.0,65.0,309.0,283.0,29079.0,124.0,5651.0,35136.0,2842.0,85.0,26183.0,6026.0,35136.0,218.0,5277.0,1211.0,-7181.0,-692.0,16.62323412426279,17.734192840488273,20.638921054424088,0.004223145562291397,204.2,1.037539845173042,6488.0,1211.0,214.0,293.62,65.0,124.0,5277.0,0,0,0,47.400000000000006
217,BAJAJ-AUTO,Mar 2024,44870,36106,8765.0,20.0,1700,60,365,10040,23.0,7708,276.0,29.0,310.0,279.0,28683.0,1912.0,8470.0,39344.0,3217.0,35.0,28087.0,8005.0,39344.0,219.0,6558.0,-72.0,-6167.0,319.0,17.178515712057056,19.534209939826162,26.61418410330778,0.06601754022512257,174.41666666666666,1.1404534363562424,6486.0,72.0,276.0,289.62,29.0,1912.0,6558.0,4.71,6.13,6.21,47.400000000000006
232,BAJAJFINSV,Mar 2013,8055,4124,3931.0,49.0,2,1204,22,2708,18.0,2214,10.0,2.0,312.0,80.0,7722.0,12991.0,44578.0,65370.0,1208.0,2.0,43251.0,20910.0,65370.0,232.0,-6922.0,2953.0,4592.0,623.0,27.48603351955307,48.80198634388579,28.377339143809277,1.6650858754165598,3.2666112956810633,0.12322166131252868,-3969.0,2953.0,10.0,78.02,2.0,12991.0,-6922.0,0,0,0,74.6
233,BAJAJFINSV,Mar 2014,6023,1531,4491.0,75.0,3,1562,31,2902,24.0,2191,10.0,2.0,313.0,80.0,9232.0,19507.0,45565.0,74383.0,1262.0,1.0,45314.0,27805.0,74383.0,233.0,-9807.0,3764.0,6521.0,478.0,36.37722065415906,74.5641706790636,23.528780068728523,2.0948238831615122,2.87708066581306,0.08097280292539961,-6043.0,3764.0,10.0,93.12,2.0,19507.0,-9807.0,0,0,0,74.6
234,BAJAJFINSV,Mar 2015,11335,5823,5511.0,49.0,8,2230,38,3251,26.0,2409,11.0,2.0,314.0,80.0,11009.0,26312.0,50827.0,88228.0,1261.0,3.0,51367.0,35598.0,88228.0,234.0,-10731.0,3709.0,6839.0,-183.0,21.25275694750772,48.619320688134096,21.724231220128054,2.372801875732708,2.4748878923766817,0.12847395384685134,-7022.0,3709.0,11.0,110.89,2.0,26312.0,-10731.0,0,0,0,74.6
235,BAJAJFINSV,Mar 2016,20533,13795,6739.0,33.0,0,2877,58,3804,27.0,2775,12.0,1.0,315.0,80.0,13519.0,36062.0,54290.0,103951.0,1274.0,11.0,53698.0,48969.0,103951.0,235.0,-9795.0,-886.0,11602.0,921.0,13.514829786197827,32.82033799249987,20.405912199426428,2.651812633281859,2.3423705248522766,0.19752575732797184,-10681.0,886.0,12.0,135.99,1.0,36062.0,-9795.0,0,0,0,74.6
236,BAJAJFINSV,Mar 2017,24507,15794,8713.0,36.0,0,3716,73,4925,30.0,3450,14.0,1.0,316.0,80.0,16071.0,48282.0,64181.0,128614.0,1645.0,4.0,62658.0,64306.0,128614.0,236.0,-10922.0,151.0,12513.0,1742.0,14.077610478638755,35.553107275472314,21.360906445421335,2.989412420283574,2.344725511302476,0.19054690780163902,-10771.0,151.0,14.0,161.51,1.0,48282.0,-10922.0,0,0,0,74.6
237,BAJAJFINSV,Mar 2018,32862,22074,10788.0,33.0,1,4531,160,6099,32.0,4176,17.0,1.0,317.0,80.0,20403.0,65695.0,75337.0,161514.0,1792.0,28.0,69428.0,90266.0,161514.0,237.0,-19580.0,-922.0,19590.0,-911.0,12.707686689793682,32.82819061530034,20.387638529512277,3.2072938534394377,2.3811520635621277,0.20346223856755452,-20502.0,922.0,17.0,204.83,1.0,65695.0,-19580.0,0,0,0,74.6
238,BAJAJFINSV,Mar 2019,42605,27569,15037.0,35.0,2,6657,226,8155,34.0,5374,20.0,1.0,318.0,80.0,23660.0,99754.0,84934.0,208428.0,2097.0,66.0,81679.0,124587.0,208428.0,238.0,-27076.0,-6903.0,34535.0,555.0,12.61354301138364,35.29397957986152,22.636899747262003,4.201937657961246,2.259125732311852,0.20441111558907632,-33979.0,6903.0,20.0,237.4,1.0,99754.0,-27076.0,0,0,0,74.6
239,BAJAJFINSV,Mar 2020,54351,36094,18258.0,34.0,0,9500,457,8302,28.0,5994,21.0,2.0,319.0,80.0,31222.0,127212.0,92791.0,251304.0,3216.0,45.0,91821.0,156223.0,251304.0,239.0,-23369.0,-9948.0,34479.0,1162.0,11.028315946348734,33.59275818292212,19.148936170212767,4.0640214682767875,1.9218947368421053,0.21627590488014517,-33317.0,9948.0,21.0,313.02,2.0,127212.0,-23369.0,0,0,0,74.6
240,BAJAJFINSV,Mar 2021,60592,40950,19641.0,32.0,-7,9274,498,9862,25.0,7367,28.0,1.0,320.0,80.0,35750.0,128461.0,115554.0,279845.0,3182.0,129.0,113654.0,162879.0,279845.0,240.0,4547.0,-3684.0,1687.0,2551.0,12.158370742012146,32.415170319514125,20.56098241696902,3.585291655037678,2.1171015742937245,0.21651985920777572,863.0,3684.0,28.0,358.3,1.0,128461.0,4547.0,0,0,0,74.6
241,BAJAJFINSV,Mar 2022,68406,46951,21455.0,31.0,8,9629,563,11271,26.0,8314,29.0,1.0,321.0,80.0,40167.0,161179.0,131987.0,333413.0,3586.0,113.0,119222.0,210493.0,333413.0,241.0,-33670.0,1445.0,32326.0,101.0,12.153904628248984,31.364207818027655,20.657440306109773,4.004745695331329,2.2289957420292867,0.20516896461745643,-32225.0,1445.0,29.0,402.47,1.0,161179.0,-33670.0,0,0,0,74.6
242,BAJAJFINSV,Mar 2023,82072,52204,29868.0,36.0,1,12380,678,16811,27.0,12210,40.0,2.0,322.0,159.0,46248.0,212265.0,146729.0,405401.0,4336.0,191.0,136176.0,264698.0,405401.0,242.0,-39480.0,-13945.0,51016.0,-2409.0,14.877181011794521,36.39243590993274,26.310685887904846,4.573986683043507,2.4126817447495963,0.2024464665849369,-53425.0,13945.0,40.0,464.07,2.0,212265.0,-39480.0,0,0,0,74.6
243,BAJAJFINSV,Mar 2024,110382,69497,40886.0,37.0,-4,18607,900,21375,27.0,15595,51.0,2.0,323.0,159.0,60169.0,288933.0,188154.0,537415.0,5455.0,220.0,168385.0,363355.0,537415.0,243.0,-68674.0,-10960.0,82709.0,3075.0,14.128209309488865,37.04045949520755,25.850351412279537,4.789368120938867,2.197130112323319,0.2053943414307379,-79634.0,10960.0,51.0,603.28,2.0,288933.0,-68674.0,32.47,13.53,11.2,74.6
245,BAJAJHLDNG,Mar 2013,337,15,322.0,95.0,3,0,2,322,21.0,1856,167.0,15.0,325.0,111.0,10234.0,0.0,430.0,10775.0,532.0,0.0,9577.0,666.0,10775.0,244.0,473.0,-369.0,-332.0,-228.0,550.7418397626113,95.54896142433235,17.941034316094733,0.0,0,0.03127610208816705,104.0,369.0,167.0,103.45,15.0,0.0,473.0,0,0,0,52.2
246,BAJAJHLDNG,Mar 2014,423,23,400.0,94.0,5,0,5,400,20.0,1988,179.0,17.0,326.0,111.0,11888.0,0.0,449.0,12448.0,532.0,0.0,11325.0,592.0,12448.0,245.0,872.0,-519.0,-326.0,27.0,469.97635933806146,94.56264775413712,16.56804733727811,0.0,0,0.03398136246786632,353.0,519.0,179.0,119.99,17.0,0.0,872.0,0,0,0,52.2
247,BAJAJHLDNG,Mar 2015,524,40,484.0,92.0,35,0,6,513,19.0,2029,182.0,19.0,327.0,111.0,13282.0,0.0,500.0,13893.0,544.0,0.0,13078.0,271.0,13893.0,246.0,796.0,-464.0,-391.0,-59.0,387.2137404580153,92.36641221374046,15.149705069812589,0.0,0,0.037716835816598286,332.0,464.0,182.0,133.93,19.0,0.0,796.0,0,0,0,52.2
248,BAJAJHLDNG,Mar 2016,470,42,429.0,91.0,7,0,5,430,21.0,2265,204.0,16.0,328.0,111.0,15182.0,0.0,178.0,15472.0,544.0,0.0,13276.0,1651.0,15472.0,247.0,1147.0,1019.0,-761.0,1406.0,481.9148936170213,91.27659574468086,14.810697704832275,0.0,0,0.030377456049638055,2166.0,1019.0,204.0,152.93,16.0,0.0,1147.0,0,0,0,52.2
249,BAJAJHLDNG,Mar 2017,842,215,628.0,75.0,8,0,5,630,21.0,2473,222.0,15.0,329.0,111.0,17707.0,0.0,71.0,17889.0,222.0,0.0,17364.0,302.0,17889.0,248.0,-923.0,-372.0,-110.0,-1406.0,293.70546318289786,74.58432304038006,13.879223257380177,0.0,0,0.047068030633350105,-1295.0,372.0,222.0,178.18,15.0,0.0,-923.0,0,0,0,52.2
250,BAJAJHLDNG,Mar 2018,420,65,355.0,85.0,2390,0,5,2739,3.0,2655,239.0,17.0,330.0,111.0,25090.0,0.0,68.0,25269.0,215.0,0.0,24575.0,478.0,25269.0,249.0,1631.0,-1123.0,-434.0,74.0,632.1428571428571,84.52380952380952,10.535296218404032,0.0,0,0.016621156357592308,508.0,1123.0,239.0,252.01,17.0,0.0,1631.0,0,0,0,52.2
251,BAJAJHLDNG,Mar 2019,431,85,347.0,80.0,2827,0,4,3170,4.0,3048,274.0,12.0,331.0,111.0,26841.0,0.0,56.0,27008.0,193.0,0.0,26257.0,558.0,27008.0,250.0,628.0,-163.0,-536.0,-72.0,707.1925754060325,80.51044083526682,11.308993766696348,0.0,0,0.0159582345971564,465.0,163.0,274.0,269.52,12.0,0.0,628.0,0,0,0,52.2
252,BAJAJHLDNG,Mar 2020,435,134,301.0,69.0,3058,13,33,3314,7.0,3080,269.0,15.0,332.0,111.0,27652.0,168.0,4797.0,32729.0,374.0,0.0,32068.0,287.0,32729.0,251.0,1920.0,-800.0,-1028.0,92.0,708.0459770114943,69.19540229885057,11.093901955840508,0.006051219248640277,258.38461538461536,0.013290965199058938,1120.0,800.0,269.0,277.63,15.0,168.0,1920.0,0,0,0,52.2
253,BAJAJHLDNG,Mar 2021,457,106,352.0,77.0,3451,4,34,3766,3.0,3654,328.0,12.0,333.0,111.0,37056.0,136.0,8186.0,45490.0,342.0,0.0,44914.0,234.0,45490.0,252.0,272.0,-308.0,-37.0,-73.0,799.562363238512,77.02407002188184,9.831301961417386,0.0036591600075335648,950.75,0.010046163992086172,-36.0,308.0,328.0,371.67,12.0,136.0,272.0,0,0,0,52.2
254,BAJAJHLDNG,Mar 2022,484,117,367.0,76.0,3896,3,34,4226,2.0,4126,364.0,32.0,334.0,111.0,42731.0,114.0,10632.0,53588.0,310.0,0.0,52964.0,314.0,53588.0,253.0,1610.0,-151.0,-1460.0,-1.0,852.4793388429752,75.82644628099173,9.630736193455022,0.0026609401988702676,1421.0,0.009031872807344929,1459.0,151.0,364.0,428.42,32.0,114.0,1610.0,0,0,0,52.2
255,BAJAJHLDNG,Mar 2023,522,142,380.0,73.0,4673,7,34,5012,1.0,4946,436.0,28.0,335.0,111.0,44071.0,93.0,8913.0,53188.0,278.0,0.0,52555.0,355.0,53188.0,254.0,1728.0,-137.0,-1587.0,4.0,947.5095785440614,72.79693486590038,11.194604137431535,0.0021049296093431716,721.8571428571429,0.009814243814394224,1591.0,137.0,436.0,441.82,28.0,93.0,1728.0,0,0,0,52.2
256,BAJAJHLDNG,Mar 2024,1702,140,1562.0,92.0,5967,2,34,7493,2.0,7365,653.0,20.0,336.0,111.0,54136.0,63.0,10851.0,65161.0,244.0,0.0,64715.0,203.0,65161.0,255.0,1941.0,-472.0,-1455.0,14.0,432.7262044653349,91.7743830787309,13.576787656460265,0.0011613545449517945,3764.5,0.026119918356071883,1469.0,472.0,653.0,542.47,20.0,63.0,1941.0,4.5,7.42,7.43,52.2
258,BAJFINANCE,Mar 2015,5392,2274,1752.0,1367.0,25,26,36,1357,34.0,898,18.0,10.0,338.0,50.0,4750.0,26655.0,1325.0,32780.0,252.0,0.0,326.0,32201.0,32780.0,256.0,-7064.0,-360.0,6867.0,-557.0,16.654302670623146,32.49258160237389,18.708333333333332,5.553125,68.34615384615384,0.16449054301403296,-7424.0,360.0,18.0,48.0,10.0,26655.0,-7064.0,0,0,0,82.2
259,BAJFINANCE,Mar 2016,7299,2959,2354.0,1986.0,27,35,56,1965,35.0,1279,24.0,10.0,339.0,54.0,7373.0,37025.0,2522.0,46973.0,290.0,0.0,1029.0,45654.0,46973.0,257.0,-9870.0,-687.0,11656.0,1100.0,17.522948349088914,32.25099328675161,17.220950585700823,4.985189174633096,68.02857142857142,0.1553871372916356,-10557.0,687.0,24.0,74.27,10.0,37025.0,-9870.0,0,0,0,82.2
260,BAJFINANCE,Mar 2017,9970,3853,3250.0,2867.0,29,22,71,2817,35.0,1836,33.0,11.0,340.0,109.0,9491.0,49250.0,4881.0,63731.0,366.0,0.0,4070.0,59295.0,63731.0,258.0,-10439.0,-3047.0,12513.0,-972.0,18.415245737211634,32.59779338014042,19.125,5.130208333333333,149.04545454545453,0.15643878175456213,-13486.0,3047.0,33.0,96.0,11.0,49250.0,-10439.0,0,0,0,82.2
261,BAJFINANCE,Mar 2018,12746,4696,4115.0,3935.0,31,10,102,3843,35.0,2496,43.0,9.0,341.0,115.0,15733.0,66557.0,2393.0,84798.0,470.0,0.0,3139.0,81189.0,84798.0,259.0,-20566.0,1075.0,19503.0,13.0,19.58261415345991,32.28463831790366,15.749621403331652,4.1997097425542655,414.6,0.15031014882426472,-19491.0,1075.0,43.0,158.48,9.0,66557.0,-20566.0,0,0,0,82.2
262,BAJFINANCE,Mar 2019,18487,6723,5454.0,6310.0,34,13,144,6179,35.0,3995,69.0,9.0,342.0,115.0,19582.0,101588.0,2948.0,124233.0,695.0,0.0,8599.0,114939.0,124233.0,260.0,-29062.0,-5379.0,34449.0,9.0,21.609779845296696,29.501812084167252,20.2822764888054,5.1575366807127985,422.15384615384613,0.1488090925921454,-34441.0,5379.0,69.0,196.97,9.0,101588.0,-29062.0,0,0,0,82.2
263,BAJFINANCE,Mar 2020,26374,9608,9159.0,7608.0,29,9,295,7322,28.0,5264,87.0,11.0,343.0,120.0,32208.0,129806.0,2257.0,164391.0,1321.0,0.0,17544.0,145526.0,164391.0,261.0,-24412.0,-8758.0,34167.0,998.0,19.959050580116784,34.72738302874043,16.283098243009157,4.015280871071517,1020.8888888888889,0.1604345736688748,-33170.0,8758.0,87.0,323.28,11.0,129806.0,-24412.0,0,0,0,82.2
264,BAJFINANCE,Mar 2021,26673,9519,10839.0,6314.0,24,3,325,5992,26.0,4420,73.0,14.0,344.0,120.0,36798.0,131634.0,2918.0,171470.0,1316.0,51.0,18397.0,151707.0,171470.0,262.0,-807.0,-429.0,1741.0,505.0,16.5710643722116,40.63659880778315,11.972479549271359,3.5655777669429547,3621.0,0.15555490756400536,-1236.0,429.0,73.0,369.18,14.0,131634.0,-807.0,0,0,0,82.2
265,BAJFINANCE,Mar 2022,31641,9855,11880.0,9906.0,31,-17,385,9504,26.0,7028,116.0,17.0,345.0,121.0,43592.0,165232.0,3562.0,212506.0,1716.0,34.0,12246.0,198510.0,212506.0,263.0,-37090.0,6347.0,32275.0,1532.0,22.211687367655887,37.546221674409786,16.07759705350811,3.779928167821929,-700.6470588235294,0.14889461944603918,-30743.0,6347.0,116.0,437.13,17.0,165232.0,-37090.0,0,0,0,82.2
266,BAJFINANCE,Mar 2023,41411,12701,12693.0,16018.0,39,-5,485,15528,26.0,11508,190.0,16.0,346.0,121.0,54251.0,216690.0,4164.0,275226.0,2308.0,80.0,22752.0,250087.0,275226.0,264.0,-42112.0,-10394.0,50675.0,-1831.0,27.7897177078554,30.65127623095313,21.16530567203708,3.985323328183624,-2546.4,0.15046180230065473,-52506.0,10394.0,190.0,543.72,16.0,216690.0,-42112.0,0,0,0,82.2
267,BAJFINANCE,Mar 2024,54972,18886,16099.0,19987.0,36,6,683,19310,25.0,14451,233.0,15.0,347.0,124.0,76572.0,293346.0,5700.0,375742.0,3250.0,43.0,30881.0,341568.0,375742.0,265.0,-72760.0,-7171.0,82415.0,2484.0,26.287928399912687,29.285818234737686,18.841921351830603,3.824788776468134,2689.1666666666665,0.14630251608816688,-79931.0,7171.0,233.0,766.96,15.0,293346.0,-72760.0,37.37,42.43,37.04,82.2
269,BANKBARODA,Mar 2013,36442,24486,10950.0,1006.0,3,4511,322,5195,9.0,4829,23.0,19.0,349.0,423.0,32859.0,509192.0,16914.0,559387.0,2550.0,0.0,125617.0,431220.0,559387.0,266.0,23196.0,-514.0,-790.0,21892.0,13.251193677624718,30.047747104988748,14.509344390361157,15.299320954269575,2.4280647306583907,0.06514631194503984,22682.0,514.0,23.0,332.82,19.0,509192.0,23196.0,0,0,0,43.10000000000001
270,BANKBARODA,Mar 2014,40463,27604,12049.0,809.0,2,5555,368,5996,18.0,5036,23.0,19.0,350.0,431.0,37416.0,616973.0,21284.0,676104.0,2849.0,0.0,122113.0,551142.0,676104.0,267.0,42233.0,-730.0,5151.0,46654.0,12.4459382645874,29.777821713664338,13.306206568552328,16.301767643406347,2.169396939693969,0.059847301598570636,41503.0,730.0,23.0,378.47,19.0,616973.0,42233.0,0,0,0,43.10000000000001
271,BANKBARODA,Mar 2015,44915,30547,13466.0,902.0,2,5449,368,5983,36.0,3950,18.0,18.0,351.0,444.0,41574.0,665483.0,26465.0,733966.0,2978.0,0.0,124739.0,606248.0,733966.0,268.0,17838.0,-556.0,-6.0,17276.0,8.794389402204164,29.981075364577535,9.400733019182256,15.838045599504975,2.4716461736098365,0.06119493273530382,17282.0,556.0,18.0,420.18,18.0,665483.0,17838.0,0,0,0,43.10000000000001
272,BANKBARODA,Mar 2016,45799,32107,25391.0,-11700.0,-26,5992,525,-6233,-19.0,-5033,-22.0,0.0,352.0,462.0,42041.0,620536.0,28134.0,691173.0,6359.0,0.0,128894.0,555920.0,691173.0,269.0,-10011.0,-4005.0,-616.0,-14632.0,-10.98932291098059,55.440075110810284,-11.841517069383338,14.599816483542337,4.233144192256342,0.06626271570214692,-14016.0,4005.0,-22.0,425.03,0.0,620536.0,-10011.0,0,0,0,43.10000000000001
273,BANKBARODA,Mar 2017,44473,29596,19250.0,-4372.0,-10,7937,540,3024,41.0,1855,8.0,15.0,353.0,462.0,42605.0,648499.0,27649.0,719216.0,5930.0,0.0,140716.0,572570.0,719216.0,270.0,17865.0,-551.0,-198.0,17116.0,4.171070087468801,43.28468958694039,4.307242204007709,15.057909768500243,2.4240897064382008,0.06183538742185936,17314.0,551.0,8.0,430.67,15.0,648499.0,17865.0,0,0,0,43.10000000000001
274,BANKBARODA,Mar 2018,46056,29160,26093.0,-9197.0,-20,7992,901,-2106,-9.0,-1836,-7.0,0.0,354.0,530.0,46036.0,672311.0,28919.0,747796.0,5532.0,0.0,175137.0,567126.0,747796.0,271.0,-59692.0,-414.0,3413.0,-56692.0,-3.986451276706618,56.654941809970474,-3.9427908774642444,14.437808701627796,3.2623873873873874,0.061588989510508216,-60106.0,414.0,-7.0,465.66,0.0,672311.0,-59692.0,0,0,0,43.10000000000001
275,BANKBARODA,Mar 2019,52906,32506,25815.0,-5414.0,-10,7887,948,1525,29.0,1166,4.0,0.0,355.0,530.0,54466.0,734456.0,30217.0,819670.0,7368.0,0.0,195716.0,616586.0,819670.0,272.0,-1449.0,-2537.0,4449.0,462.0,2.203908819415567,48.79408762711223,2.1201541930322207,13.354716706669576,3.271839736274883,0.06454548781826833,-3986.0,2537.0,4.0,549.96,0.0,734456.0,-1449.0,0,0,0,43.10000000000001
276,BANKBARODA,Mar 2020,78895,50040,40583.0,-11728.0,-15,12191,1697,-1234,-99.0,981,2.0,0.0,356.0,925.0,75179.0,1068981.0,54850.0,1199935.0,9268.0,0.0,289727.0,900941.0,1199935.0,273.0,18531.0,-139.0,14729.0,33120.0,1.2434248051207302,51.439254705621394,1.2890255439924314,14.046318196152633,3.327700762857846,0.06574939475888278,18392.0,139.0,2.0,761.04,0.0,1068981.0,18531.0,0,0,0,43.10000000000001
277,BANKBARODA,Mar 2021,74314,43201,38070.0,-6957.0,-9,14687,1357,6373,77.0,1620,3.0,0.0,357.0,1036.0,81354.0,1067173.0,53104.0,1202667.0,8441.0,0.0,281859.0,912367.0,1202667.0,274.0,-887.0,-471.0,-986.0,-2344.0,2.1799391770056786,51.22857065963344,1.9662580410243962,12.95270057045758,2.591475454483557,0.061791002829544674,-1358.0,471.0,3.0,823.9,0.0,1067173.0,-887.0,0,0,0,43.10000000000001
278,BANKBARODA,Mar 2022,73385,38815,37518.0,-2948.0,-4,14395,1438,10008,23.0,7933,15.0,19.0,358.0,1036.0,90833.0,1185331.0,62922.0,1340121.0,11098.0,1.0,347587.0,981435.0,1340121.0,275.0,6210.0,-3645.0,-998.0,1567.0,10.810111058118144,51.12488928255093,8.635121749447583,12.902404510770772,2.6060437651962487,0.05475998062861488,2565.0,3645.0,15.0,918.69,19.0,1185331.0,6210.0,0,0,0,43.10000000000001
279,BANKBARODA,Mar 2023,94503,49942,38231.0,6329.0,7,16275,2040,20565,29.0,15005,29.0,19.0,359.0,1036.0,104019.0,1342592.0,78224.0,1525871.0,9865.0,3.0,397487.0,1118516.0,1525871.0,276.0,-21354.0,-1096.0,-5405.0,-27855.0,15.877802821074463,40.45480037670762,14.282994621864736,12.77989624482414,2.3494930875576037,0.06193380698630487,-22450.0,1096.0,29.0,1050.55,19.0,1342592.0,-21354.0,0,0,0,43.10000000000001
280,BANKBARODA,Mar 2024,118379,69899,44379.0,4102.0,3,23399,1702,25799,29.0,18869,36.0,21.0,360.0,1036.0,118677.0,1453761.0,81302.0,1654775.0,9054.0,6.0,407136.0,1238579.0,1654775.0,277.0,-6274.0,-1285.0,5476.0,-2084.0,15.93948250956673,37.4889127294537,15.761863790899902,12.143718727289434,1.8967477242617206,0.07153782236255685,-7559.0,1285.0,36.0,1197.13,21.0,1453761.0,-6274.0,4.79,0,0,43.10000000000001
295,BEL,Mar 2013,6273,5604,669.0,11.0,622,7,136,1147,21.0,911,1.0,20.0,361.0,2.0,4.0,24.0,15.0,45.0,12.0,0.0,0.0,33.0,45.0,278.0,-1539.0,1753.0,-158.0,56.0,14.522556990275785,10.664753706360592,200.0,4.0,184.42857142857142,139.4,214.0,1753.0,1.0,0.06,20.0,24.0,-1539.0,0,0,0,66.10000000000001
296,BEL,Mar 2014,6518,5593,925.0,14.0,438,7,150,1206,21.0,952,1.0,20.0,362.0,2.0,5.0,21.0,18.0,46.0,7.0,0.0,0.0,39.0,46.0,279.0,-569.0,759.0,-213.0,-23.0,14.605707272169377,14.191469776004908,200.0,3.0,194.71428571428572,141.69565217391303,190.0,759.0,1.0,0.07,20.0,21.0,-569.0,0,0,0,66.10000000000001
297,BEL,Mar 2015,7093,5913,1179.0,17.0,507,7,166,1513,21.0,1197,2.0,20.0,363.0,2.0,5.0,26.0,16.0,49.0,6.0,0.0,0.0,43.0,49.0,280.0,1434.0,-839.0,-209.0,386.0,16.875793035387,16.622021711546594,200.0,3.7142857142857144,240.85714285714286,144.75510204081633,595.0,839.0,2.0,0.07,20.0,26.0,1434.0,0,0,0,66.10000000000001
298,BEL,Mar 2016,7354,5961,1393.0,19.0,573,10,192,1764,24.0,1337,2.0,31.0,364.0,9.0,3.0,25.0,15.0,52.0,6.0,0.0,0.0,46.0,52.0,281.0,2260.0,-1470.0,-318.0,472.0,18.18058199619255,18.94207234158281,200.0,2.0833333333333335,196.6,141.42307692307693,790.0,1470.0,2.0,0.12,31.0,25.0,2260.0,0,0,0,66.10000000000001
299,BEL,Mar 2017,8656,6864,1792.0,21.0,420,18,212,1983,24.0,1523,2.0,33.0,365.0,9.0,6.0,29.0,32.0,77.0,6.0,0.0,0.0,71.0,77.0,282.0,-61.0,3115.0,-2857.0,197.0,17.594731977818853,20.70240295748614,200.0,1.9333333333333333,122.88888888888889,112.41558441558442,3054.0,3115.0,2.0,0.15,33.0,29.0,-61.0,0,0,0,66.10000000000001
300,BEL,Mar 2018,10401,8361,2039.0,20.0,196,6,272,1957,28.0,1431,2.0,34.0,366.0,10.0,21.0,48.0,42.0,121.0,11.0,0.0,0.0,110.0,121.0,283.0,-687.0,-6.0,-1202.0,-1895.0,13.758292471877704,19.603884241899816,200.0,1.5483870967741935,372.5,85.95867768595042,-693.0,6.0,2.0,0.31,34.0,48.0,-687.0,0,0,0,66.10000000000001
301,BEL,Mar 2019,12164,9255,2909.0,24.0,73,16,338,2628,30.0,1887,3.0,44.0,367.0,11.0,38.0,47.0,30.0,126.0,11.0,0.0,0.0,114.0,126.0,284.0,1514.0,-896.0,-663.0,-45.0,15.512989148306477,23.914830647813222,200.0,0.9591836734693877,186.375,96.53968253968254,618.0,896.0,3.0,0.49,44.0,47.0,1514.0,0,0,0,66.10000000000001
302,BEL,Mar 2020,12968,10209,2759.0,21.0,99,8,372,2478,28.0,1825,3.0,37.0,368.0,11.0,44.0,44.0,23.0,122.0,14.0,0.0,0.0,108.0,122.0,285.0,2570.0,-649.0,-1061.0,861.0,14.073103022825418,21.275447254781,200.0,0.8,357.25,106.29508196721312,1921.0,649.0,3.0,0.55,37.0,44.0,2570.0,0,0,0,66.10000000000001
303,BEL,Mar 2021,14109,10895,3214.0,23.0,125,10,387,2942,30.0,2100,3.0,46.0,369.0,11.0,48.0,49.0,43.0,152.0,15.0,1.0,0.0,136.0,152.0,286.0,5093.0,-2595.0,-1076.0,1422.0,14.88411652136934,22.779785952229073,200.0,0.8305084745762712,333.9,92.82236842105263,2498.0,2595.0,3.0,0.59,46.0,49.0,5093.0,0,0,0,66.10000000000001
304,BEL,Mar 2022,15368,12024,3344.0,22.0,232,9,401,3166,26.0,2400,3.0,46.0,370.0,11.0,58.0,58.0,35.0,163.0,17.0,0.0,0.0,145.0,163.0,287.0,4207.0,-4872.0,-1078.0,-1742.0,15.616866215512754,21.759500260281104,200.0,0.8405797101449275,397.3333333333333,94.28220858895706,-665.0,4872.0,3.0,0.69,46.0,58.0,4207.0,0,0,0,66.10000000000001
305,BEL,Mar 2023,17734,13645,4090.0,23.0,281,19,429,3923,25.0,2986,4.0,44.0,371.0,11.0,64.0,39.0,29.0,144.0,17.0,0.0,0.0,126.0,144.0,288.0,1199.0,2708.0,-1262.0,2645.0,16.837712867937295,23.063042742754032,200.0,0.52,230.05263157894737,123.15277777777777,3907.0,2708.0,4.0,0.75,44.0,39.0,1199.0,0,0,0,66.10000000000001
306,BEL,Mar 2024,20268,15217,5051.0,25.0,670,12,443,5266,25.0,3985,5.0,40.0,372.0,11.0,73.0,43.0,33.0,161.0,18.0,0.0,1.0,142.0,161.0,289.0,4659.0,-5924.0,-1475.0,-2739.0,19.661535425300965,24.921057825143084,200.0,0.5119047619047619,476.75,125.88819875776397,-1265.0,5924.0,5.0,0.84,40.0,43.0,4659.0,10.64,9.45,14.87,66.10000000000001
282,BHARTIARTL,Mar 2013,76947,53987,22960.0,30.0,1159,4519,14815,4785,53.0,2267,4.0,17.0,374.0,1899.0,48423.0,66736.0,40912.0,157970.0,125674.0,2992.0,7710.0,21594.0,157970.0,290.0,22608.0,-18676.0,-4566.0,-634.0,2.9461837368578374,29.838720158030853,4.50498787806526,1.326179404634156,5.337242752821421,0.48709881623092993,3932.0,18676.0,4.0,503.22,17.0,66736.0,22608.0,0,0,0,29.7
283,BHARTIARTL,Mar 2014,85864,59352,26512.0,31.0,2881,5879,15650,7864,62.0,3019,5.0,26.0,375.0,1999.0,57757.0,75896.0,45840.0,181492.0,140614.0,0.0,15531.0,25347.0,181492.0,291.0,26233.0,-25181.0,2774.0,3826.0,3.516025342401938,30.87673530233858,5.05221233014258,1.2700984001606532,4.999659806089471,0.47310074273246205,1052.0,25181.0,5.0,597.56,26.0,75896.0,26233.0,0,0,0,29.7
284,BHARTIARTL,Mar 2015,96101,62499,33602.0,35.0,1243,4446,19858,10540,52.0,5048,8.0,33.0,376.0,1999.0,37778.0,83415.0,58747.0,181939.0,124279.0,17415.0,10752.0,29494.0,181939.0,292.0,28059.0,-22301.0,-9672.0,-3914.0,5.252806942695706,34.96529692719118,12.690750936470824,2.097066143751414,7.837381916329285,0.5282045081043647,5758.0,22301.0,8.0,397.77,33.0,83415.0,28059.0,0,0,0,29.7
285,BHARTIARTL,Mar 2016,96532,62548,33984.0,35.0,4858,8546,17450,12846,46.0,6893,11.0,9.0,377.0,1999.0,64771.0,100646.0,57056.0,224472.0,172293.0,5702.0,11977.0,34500.0,224472.0,293.0,27942.0,-14091.0,-11946.0,1905.0,7.140637301620188,35.2049061451125,10.323498577205331,1.5073536019170286,4.545050315937281,0.4300402722834028,13851.0,14091.0,11.0,667.7,9.0,100646.0,27942.0,0,0,0,29.7
286,BHARTIARTL,Mar 2017,95468,60138,35330.0,37.0,1713,9547,19773,7723,45.0,4241,7.0,11.0,378.0,1999.0,65458.0,107288.0,57578.0,232322.0,178235.0,10838.0,14339.0,28910.0,232322.0,294.0,28280.0,-30680.0,-351.0,-2752.0,4.442326224494071,37.00716470440357,6.286967994426079,1.5904650369865247,3.880067036765476,0.41092965797470754,-2400.0,30680.0,7.0,674.57,11.0,107288.0,28280.0,0,0,0,29.7
287,BHARTIARTL,Mar 2018,82639,52560,30079.0,36.0,1756,9326,19243,3267,33.0,2184,2.0,194.0,379.0,1999.0,67536.0,111334.0,68653.0,249521.0,187200.0,9751.0,16159.0,36411.0,249521.0,295.0,29854.0,-27940.0,1920.0,3835.0,2.6428199760403683,36.398068708479045,3.1408643129359315,1.60112173725462,3.413574951747802,0.33119056111509654,1914.0,27940.0,2.0,695.35,194.0,111334.0,29854.0,0,0,0,29.7
288,BHARTIARTL,Mar 2019,80780,55016,25764.0,32.0,4474,10622,21348,-1732,-99.0,1688,1.0,244.0,380.0,1999.0,69424.0,125428.0,77176.0,274026.0,200832.0,9634.0,15711.0,47850.0,274026.0,296.0,20070.0,-28286.0,9464.0,1248.0,2.0896261450854174,31.894033176528847,2.3633843439788302,1.7561289780602887,2.8467331952551307,0.29478954551757863,-8216.0,28286.0,1.0,714.23,244.0,125428.0,20070.0,0,0,0,29.7
289,BHARTIARTL,Mar 2020,87539,50930,36610.0,42.0,-37775,13992,27690,-42846,-28.0,-30664,-55.0,-3.0,381.0,2728.0,74417.0,148228.0,133718.0,359091.0,229256.0,4282.0,25476.0,100077.0,359091.0,297.0,18129.0,-29598.0,19144.0,7675.0,-35.02895852134477,41.821359622568224,-39.748525503921186,1.9214207012768163,-0.08326186392224127,0.2437794319545742,-11469.0,29598.0,-55.0,771.45,-3.0,148228.0,18129.0,0,0,0,29.7
290,BHARTIARTL,Mar 2021,100616,55337,45279.0,45.0,-4215,15091,29404,-3432,99.0,-12364,-26.0,0.0,382.0,2746.0,56207.0,162785.0,122679.0,344417.0,223480.0,5726.0,27550.0,87661.0,344417.0,298.0,48205.0,-27286.0,-24910.0,-3991.0,-12.28830404707005,45.00178897988392,-20.972639221074417,2.7612674503417978,2.7210920416142073,0.2921342442446221,20919.0,27286.0,-26.0,589.53,0.0,162785.0,48205.0,0,0,0,29.7
291,BHARTIARTL,Mar 2022,116547,59013,57534.0,49.0,4656,16616,33091,12483,33.0,8305,7.0,39.0,383.0,2795.0,63759.0,169678.0,124975.0,361207.0,244083.0,5955.0,29349.0,81820.0,361207.0,299.0,55017.0,-41478.0,-15203.0,-1664.0,7.125880546045801,49.36549203325697,12.478588815097515,2.5494786188658836,3.742778045257583,0.32265985985875134,13539.0,41478.0,7.0,665.54,39.0,169678.0,55017.0,0,0,0,29.7
292,BHARTIARTL,Mar 2023,139145,67871,71274.0,51.0,1019,19300,36432,16561,26.0,12287,15.0,27.0,384.0,2837.0,74726.0,226020.0,140974.0,444557.0,277394.0,49425.0,32954.0,84784.0,444557.0,300.0,65325.0,-39232.0,-24470.0,1623.0,8.830356822020196,51.22282511049624,15.84131609143535,2.914018281912768,3.7457512953367877,0.3129969835139251,26093.0,39232.0,15.0,775.63,27.0,226020.0,65325.0,0,0,0,29.7
293,BHARTIARTL,Mar 2024,149982,71691,78292.0,52.0,-3428,22648,39538,12679,32.0,8558,13.0,62.0,385.0,2877.0,79742.0,215592.0,144408.0,442019.0,303303.0,16904.0,31602.0,90210.0,442019.0,301.0,78898.0,-51089.0,-27778.0,31.0,5.706018055499993,52.20093077836007,10.35839213740181,2.6094723973904306,3.3055457435535147,0.3393112060793767,27809.0,51089.0,13.0,826.19,62.0,215592.0,78898.0,1.44,-0.74,-12.94,29.7
308,BHEL,Mar 2013,48903,39420,9483.0,19.0,1132,128,957,9531,30.0,6693,18.0,20.0,387.0,490.0,30059.0,2698.0,38572.0,71818.0,4667.0,2467.0,6.0,64679.0,71818.0,302.0,1759.0,-1113.0,472.0,1118.0,13.686276915526655,19.39144837740016,21.90906412648532,0.08831712985695113,82.9296875,0.6809295719735999,646.0,1113.0,18.0,305.49,20.0,2698.0,1759.0,0,0,0,4.6
309,BHEL,Mar 2014,39561,34982,4579.0,12.0,1617,133,985,5078,31.0,3502,10.0,20.0,388.0,490.0,32681.0,4693.0,37468.0,75331.0,4729.0,2931.0,6.0,67665.0,75331.0,303.0,4512.0,-868.0,523.0,4167.0,8.852152372285838,11.574530471929426,10.557414609146544,0.14147900274336017,46.58646616541353,0.5251622837875509,3644.0,868.0,10.0,331.71,20.0,4693.0,4512.0,0,0,0,4.6
310,BHEL,Mar 2015,31323,29183,2141.0,7.0,1221,92,1082,2187,34.0,1450,4.0,20.0,389.0,490.0,33717.0,1889.0,34887.0,70983.0,4230.0,2614.0,6.0,64134.0,70983.0,304.0,821.0,650.0,-3543.0,-2071.0,4.629186220987772,6.835232895955048,4.238898471073172,0.055222615254187736,36.54347826086956,0.44127467140019444,1471.0,650.0,4.0,342.07,20.0,1889.0,821.0,0,0,0,4.6
311,BHEL,Mar 2016,25505,26862,-1357.0,-5.0,1492,360,937,-1161,-39.0,-706,-2.0,-14.0,390.0,490.0,31825.0,211.0,33051.0,65577.0,3969.0,318.0,796.0,60494.0,65577.0,305.0,374.0,23.0,-122.0,275.0,-2.768084689276612,-5.320525387178984,-2.1847439269689,0.006529475475785239,0.375,0.3889320950943166,397.0,23.0,-2.0,323.15,-14.0,211.0,374.0,0,0,0,4.6
312,BHEL,Mar 2017,28465,27370,1095.0,4.0,753,413,850,586,22.0,455,1.0,85.0,391.0,490.0,31899.0,156.0,29153.0,61698.0,3601.0,168.0,757.0,57171.0,61698.0,306.0,560.0,-565.0,-468.0,-473.0,1.5984542420516425,3.846829439662744,1.4047979252215257,0.0048164500293309456,4.47457627118644,0.4613601737495543,-5.0,565.0,1.0,323.89,85.0,156.0,560.0,0,0,0,4.6
313,BHEL,Mar 2018,28827,27174,1653.0,6.0,679,330,787,1215,64.0,438,1.0,151.0,392.0,734.0,31601.0,110.0,31495.0,63940.0,3073.0,203.0,429.0,60235.0,63940.0,307.0,989.0,961.0,-667.0,1283.0,1.5194088875013008,5.734207513789156,1.3545693520952529,0.0034018865006958405,7.066666666666666,0.450844541757898,1950.0,961.0,1.0,323.35,151.0,110.0,989.0,0,0,0,4.6
314,BHEL,Mar 2019,30441,28409,2032.0,7.0,662,378,476,1840,46.0,1002,3.0,69.0,393.0,696.0,30208.0,2598.0,30987.0,64490.0,2970.0,235.0,152.0,61132.0,64490.0,308.0,-3860.0,1919.0,-32.0,-1973.0,3.2916132847146935,6.675207778982293,3.2422987315557856,0.08406678747087756,7.126984126984127,0.47202667080167465,-1941.0,1919.0,3.0,309.04,69.0,2598.0,-3860.0,0,0,0,4.6
315,BHEL,Mar 2020,21463,21596,-133.0,-1.0,590,613,503,-659,99.0,-1468,-4.0,0.0,394.0,696.0,27964.0,5080.0,26550.0,60291.0,2817.0,314.0,162.0,56998.0,60291.0,309.0,-2892.0,1877.0,1622.0,608.0,-6.839677584680613,-0.6196710618273308,-5.12212142358688,0.17725052337752967,0.7455138662316476,0.35599011461080426,-1015.0,1877.0,-4.0,286.6,0.0,5080.0,-2892.0,0,0,0,4.6
316,BHEL,Mar 2021,17309,20357,-3049.0,-18.0,393,467,473,-3596,-25.0,-2700,-8.0,0.0,395.0,696.0,25287.0,4951.0,25025.0,55960.0,2491.0,420.0,185.0,52864.0,55960.0,310.0,560.0,-42.0,-394.0,123.0,-15.59882142238142,-17.615113524755905,-10.391409767925182,0.1905476657814725,-5.687366167023555,0.30931022158684773,518.0,42.0,-8.0,259.83,0.0,4951.0,560.0,0,0,0,4.6
317,BHEL,Mar 2022,21211,20383,828.0,4.0,405,448,314,470,5.0,445,1.0,31.0,396.0,696.0,25810.0,4830.0,25654.0,56991.0,2398.0,431.0,205.0,53956.0,56991.0,311.0,660.0,-1118.0,-329.0,-787.0,2.0979680354533023,3.9036349064164817,1.678865162604693,0.18222289292990265,2.752232142857143,0.3721815725289958,-458.0,1118.0,1.0,265.06,31.0,4830.0,660.0,0,0,0,4.6
318,BHEL,Mar 2023,23365,22321,1044.0,4.0,544,612,260,716,9.0,654,2.0,21.0,397.0,696.0,23682.0,5454.0,27832.0,57664.0,2476.0,354.0,235.0,54599.0,57664.0,312.0,-741.0,1480.0,89.0,829.0,2.7990584207147444,4.468221699122619,2.682746738862909,0.22372631060792517,2.5947712418300655,0.4051921476137625,739.0,1480.0,2.0,243.78,21.0,5454.0,-741.0,0,0,0,4.6
319,BHEL,Mar 2024,23893,23182,711.0,3.0,608,828,249,243,-16.0,282,1.0,31.0,398.0,696.0,23742.0,8856.0,26493.0,59788.0,2574.0,308.0,256.0,56650.0,59788.0,313.0,-3713.0,1331.0,2656.0,274.0,1.180262001423011,2.9757669610346125,1.1539405843358703,0.36238644733611586,1.5929951690821256,0.399628688031043,-2382.0,1331.0,1.0,244.38,31.0,8856.0,-3713.0,-10.03,-42.03,-43.9,4.6
321,BOSCHLTD,Dec 2012,8659,7310,1350.0,16.0,369,6,367,1346,29.0,958,305.0,20.0,400.0,31.0,5542.0,230.0,2098.0,7902.0,863.0,408.0,1529.0,5102.0,7902.0,314.0,871.0,-824.0,-156.0,-108.0,11.063633213996997,15.59071486314817,17.19002332675399,0.041270410909743406,286.5,1.0957985320172108,47.0,824.0,305.0,55.73,20.0,230.0,871.0,0,0,0,44.59999999999999
322,BOSCHLTD,Dec 2013,8757,7468,1289.0,15.0,353,0,384,1257,30.0,885,282.0,20.0,401.0,31.0,6263.0,183.0,2414.0,8891.0,938.0,440.0,2202.0,5311.0,8891.0,315.0,1057.0,-846.0,-238.0,-27.0,10.106200753682767,14.71965284914925,14.061010486177311,0.029075309818875118,0,0.9849285794623777,211.0,846.0,282.0,62.94,20.0,183.0,1057.0,0,0,0,44.59999999999999
323,BOSCHLTD,Mar 2015,12086,10104,1981.0,16.0,537,14,548,1956,32.0,1338,426.0,20.0,402.0,31.0,7316.0,111.0,2973.0,10431.0,968.0,276.0,2890.0,6298.0,10431.0,316.0,1396.0,-1183.0,-237.0,-24.0,11.070660268078768,16.390865464173423,18.211514904042467,0.015108207431604737,179.85714285714286,1.1586616815262198,213.0,1183.0,426.0,73.47,20.0,111.0,1396.0,0,0,0,44.59999999999999
324,BOSCHLTD,Mar 2016,9701,7823,1878.0,19.0,623,13,386,2102,27.0,1531,488.0,17.0,403.0,31.0,9504.0,50.0,2848.0,12433.0,1149.0,151.0,4628.0,6505.0,12433.0,317.0,1318.0,-995.0,-356.0,-33.0,15.781878156891041,19.3588289867024,16.056633455689564,0.005243838489774515,192.3846153846154,0.7802622054210568,323.0,995.0,488.0,95.35,17.0,50.0,1318.0,0,0,0,44.59999999999999
325,BOSCHLTD,Mar 2017,10435,8473,1963.0,19.0,912,27,456,2391,27.0,1741,570.0,29.0,404.0,30.0,8769.0,0.0,3000.0,11800.0,1514.0,129.0,3927.0,6231.0,11800.0,318.0,1457.0,1246.0,-2670.0,33.0,16.684235745088642,18.811691423095354,19.786339356745085,0.0,106.48148148148148,0.8843220338983051,2703.0,1246.0,570.0,87.99,29.0,0.0,1457.0,0,0,0,44.59999999999999
326,BOSCHLTD,Mar 2018,11690,9597,2093.0,18.0,418,3,467,2041,33.0,1371,449.0,22.0,405.0,30.0,9951.0,0.0,3946.0,13927.0,1318.0,313.0,5240.0,7056.0,13927.0,319.0,1729.0,-1170.0,-325.0,234.0,11.72797262617622,17.904191616766468,13.736098587315901,0.0,837.0,0.8393767501974582,559.0,1170.0,449.0,99.81,22.0,0.0,1729.0,0,0,0,44.59999999999999
327,BOSCHLTD,Mar 2019,12085,9931,2154.0,18.0,600,13,402,2339,32.0,1598,542.0,19.0,406.0,30.0,9097.0,0.0,3583.0,12710.0,1176.0,644.0,4054.0,6836.0,12710.0,320.0,593.0,1766.0,-2531.0,-172.0,13.223003723624327,17.823748448489862,17.508491289580366,0.0,211.84615384615384,0.9508261211644374,2359.0,1766.0,542.0,91.27,19.0,0.0,593.0,0,0,0,44.59999999999999
328,BOSCHLTD,Mar 2020,9842,8358,1483.0,15.0,-105,10,383,985,34.0,650,220.0,48.0,407.0,30.0,9240.0,74.0,3977.0,13320.0,1342.0,487.0,4042.0,7450.0,13320.0,321.0,1336.0,-873.0,-399.0,64.0,6.604348709611868,15.068075594391384,7.011866235167206,0.007982740021574973,137.8,0.7388888888888889,463.0,873.0,220.0,92.7,48.0,74.0,1336.0,0,0,0,44.59999999999999
329,BOSCHLTD,Mar 2021,9718,8555,1163.0,12.0,-241,14,341,567,15.0,482,164.0,70.0,408.0,30.0,9793.0,54.0,4898.0,14774.0,1241.0,488.0,5157.0,7888.0,14774.0,322.0,835.0,-463.0,-338.0,34.0,4.959868285655484,11.967483021197777,4.9068512674335745,0.005497302249821846,65.85714285714286,0.6577771761202111,372.0,463.0,164.0,98.23,70.0,54.0,835.0,0,0,0,44.59999999999999
330,BOSCHLTD,Mar 2022,11782,10319,1462.0,12.0,391,29,324,1500,19.0,1217,413.0,51.0,409.0,30.0,10658.0,73.0,4650.0,15410.0,1211.0,606.0,5528.0,8066.0,15410.0,323.0,271.0,-33.0,-383.0,-146.0,10.329315905618742,12.408759124087592,11.386601796407184,0.0068300898203592815,63.89655172413793,0.764568462037638,238.0,33.0,413.0,106.88,51.0,73.0,271.0,0,0,0,44.59999999999999
331,BOSCHLTD,Mar 2023,14929,13120,1810.0,13.0,471,12,386,1882,24.0,1424,483.0,99.0,410.0,30.0,10983.0,53.0,5194.0,16259.0,1731.0,366.0,5023.0,9140.0,16259.0,324.0,1214.0,262.0,-1239.0,236.0,9.538482148837831,12.124053854913257,12.930173431399256,0.004812494324888767,190.08333333333334,0.9181991512393136,1476.0,262.0,483.0,110.13,99.0,53.0,1214.0,0,0,0,44.59999999999999
332,BOSCHLTD,Mar 2024,16727,14632,2095.0,13.0,1566,51,430,3181,22.0,2490,844.0,44.0,411.0,30.0,12034.0,39.0,5252.0,17355.0,1770.0,224.0,5125.0,10236.0,17355.0,325.0,1253.0,283.0,-1452.0,84.0,14.886112273569676,12.524660728164047,20.639920424403183,0.003232758620689655,71.7843137254902,0.9638144626908672,1536.0,283.0,844.0,120.64,44.0,39.0,1253.0,6.19,7.43,8.04,44.59999999999999
334,BPCL,Mar 2013,242181,235472,6709.0,3.0,1492,2518,2463,3220,40.0,1936,4.0,42.0,413.0,723.0,16052.0,33157.0,29696.0,79628.0,24721.0,7463.0,7470.0,39974.0,79628.0,326.0,5926.0,-3604.0,-846.0,1476.0,0.7994021000821699,2.770242091658718,11.540983606557377,1.9765722801788375,3.256949960285941,3.0414050334053346,2322.0,3604.0,4.0,167.75,42.0,33157.0,5926.0,0,0,0,58.900000000000006
335,BPCL,Mar 2014,264421,255007,9414.0,4.0,1344,1982,2611,6166,34.0,4053,9.0,31.0,414.0,723.0,18717.0,33152.0,35868.0,88460.0,27580.0,9372.0,6985.0,44523.0,88460.0,327.0,9588.0,-6881.0,-3736.0,-1029.0,1.5327829484042492,3.5602316003645704,20.848765432098766,1.705349794238683,5.4278506559031285,2.9891589418946416,2707.0,6881.0,9.0,194.4,31.0,33152.0,9588.0,0,0,0,58.900000000000006
336,BPCL,Mar 2015,242598,232818,9780.0,4.0,2117,1180,3027,7690,34.0,5082,11.0,34.0,415.0,723.0,21839.0,25492.0,38268.0,86322.0,29109.0,15787.0,7712.0,33714.0,86322.0,328.0,20742.0,-10536.0,-9792.0,414.0,2.0948235352311233,4.031360522345609,22.524598883077743,1.1298643737257335,10.082203389830509,2.81038437478279,10206.0,10536.0,11.0,225.62,34.0,25492.0,20742.0,0,0,0,58.900000000000006
337,BPCL,Mar 2016,187815,174844,12971.0,7.0,1913,680,2072,12132,33.0,8089,19.0,25.0,416.0,656.0,27138.0,23388.0,35241.0,86422.0,25358.0,17459.0,9401.0,34203.0,86422.0,329.0,11119.0,-9233.0,-1332.0,555.0,4.306897745121529,6.906264142906584,29.103403612290425,0.8414765776786357,21.888235294117646,2.173231353127676,1886.0,9233.0,19.0,277.94,25.0,23388.0,11119.0,0,0,0,58.900000000000006
338,BPCL,Mar 2017,201251,187468,13783.0,7.0,2721,696,2108,13700,31.0,9507,20.0,49.0,417.0,1311.0,29508.0,35725.0,42541.0,109086.0,33684.0,16834.0,21327.0,37241.0,109086.0,330.0,9041.0,-15274.0,4804.0,-1429.0,4.723951682227666,6.84866162155716,30.847853596807163,1.1591875141957884,23.71264367816092,1.844883853106723,-6233.0,15274.0,20.0,308.19,49.0,35725.0,9041.0,0,0,0,58.900000000000006
339,BPCL,Mar 2018,235895,220578,15317.0,6.0,2927,1186,2885,14174,31.0,9792,21.0,46.0,418.0,1967.0,34652.0,37659.0,46078.0,120356.0,45539.0,9875.0,23725.0,41217.0,120356.0,331.0,11068.0,-7066.0,-4218.0,-215.0,4.150999385319739,6.493143135717163,26.740216827330077,1.0284005570878505,15.382799325463743,1.9599770680315065,4002.0,7066.0,21.0,366.19,46.0,37659.0,11068.0,0,0,0,58.900000000000006
340,BPCL,Mar 2019,298226,283113,15112.0,5.0,2975,1764,3418,12905,34.0,8528,18.0,48.0,419.0,1967.0,36798.0,44839.0,53322.0,136926.0,49315.0,13654.0,24907.0,49050.0,136926.0,332.0,10157.0,-10451.0,207.0,-87.0,2.859576294488073,5.067297955241997,21.999226106023475,1.1566877337804722,10.253401360544217,2.1780085593678336,-294.0,10451.0,18.0,387.65,48.0,44839.0,10157.0,0,0,0,58.900000000000006
341,BPCL,Mar 2020,284572,275597,8975.0,3.0,1393,2637,4080,3652,0.0,3666,7.0,106.0,420.0,1967.0,34565.0,65476.0,48852.0,150860.0,60175.0,17757.0,27029.0,45900.0,150860.0,333.0,7881.0,-11135.0,3583.0,329.0,1.2882504251999494,3.1538591287969298,10.035037775101282,1.792291689477718,3.931740614334471,1.8863316982632905,-3254.0,11135.0,7.0,365.32,106.0,65476.0,7881.0,0,0,0,58.900000000000006
342,BPCL,Mar 2021,230171,209170,21001.0,9.0,7489,1723,4334,22432,23.0,17320,37.0,102.0,421.0,2093.0,51462.0,54532.0,52891.0,160978.0,64098.0,17037.0,26768.0,53075.0,160978.0,334.0,23455.0,-2474.0,-13981.0,7000.0,7.524840227483046,9.124086005621908,32.340584445896745,1.0182429278312015,16.535113174695297,1.4298289207220862,20981.0,2474.0,37.0,535.55,102.0,54532.0,23455.0,0,0,0,58.900000000000006
343,BPCL,Mar 2022,346791,327654,19137.0,6.0,4939,2606,5434,16037,27.0,11682,27.0,29.0,422.0,2129.0,49776.0,64534.0,71089.0,187529.0,83901.0,15433.0,23616.0,64578.0,187529.0,335.0,20336.0,-8138.0,-17672.0,-5474.0,3.3685995311297003,5.518309298684223,22.50650226375108,1.243309893073885,9.23867996930161,1.849265980195063,12198.0,8138.0,27.0,519.05,29.0,64534.0,20336.0,0,0,0,58.900000000000006
344,BPCL,Mar 2023,473187,462288,10899.0,2.0,2036,3745,6369,2821,24.0,2131,5.0,40.0,423.0,2129.0,51393.0,69376.0,65210.0,188109.0,86675.0,16249.0,26778.0,58406.0,188109.0,336.0,12466.0,-7806.0,-4402.0,257.0,0.45035049568141133,2.3033177158290488,3.9815403011845594,1.2962146407084938,3.4539385847797064,2.5154936765386027,4660.0,7806.0,5.0,535.22,40.0,69376.0,12466.0,0,0,0,58.900000000000006
345,BPCL,Mar 2024,448083,404001,44082.0,10.0,3032,4149,6771,36194,26.0,26859,62.0,33.0,424.0,2136.0,73499.0,54599.0,72184.0,202418.0,86798.0,20204.0,26631.0,68785.0,202418.0,337.0,35936.0,-10521.0,-25427.0,-12.0,5.994201967046283,9.837909494446341,35.511337343822305,0.7218747934157467,11.355507351168956,2.213651947949293,25415.0,10521.0,62.0,756.35,33.0,54599.0,35936.0,-0.52,38.29,39.33,58.900000000000006
347,BRITANNIA,Mar 2013,6185,5765,421.0,7.0,52,41,73,358,27.0,260,11.0,39.0,426.0,24.0,534.0,380.0,946.0,1883.0,737.0,147.0,108.0,891.0,1883.0,338.0,320.0,28.0,-378.0,-30.0,4.203718674211803,6.806790622473727,46.59498207885305,0.6810035842293907,11.536585365853659,3.2846521508231548,348.0,28.0,11.0,5.58,39.0,380.0,320.0,0,0,0,71.0
348,BRITANNIA,Mar 2014,6913,6286,627.0,9.0,34,8,83,569,30.0,395,16.0,36.0,427.0,24.0,774.0,150.0,1159.0,2107.0,848.0,107.0,198.0,954.0,2107.0,339.0,671.0,-246.0,-357.0,68.0,5.713872414291914,9.069868363951974,49.49874686716792,0.18796992481203006,82.625,3.280968201233982,425.0,246.0,16.0,7.98,36.0,150.0,671.0,0,0,0,71.0
349,BRITANNIA,Mar 2015,7858,6988,870.0,11.0,228,4,144,950,28.0,689,29.0,28.0,428.0,24.0,1221.0,145.0,1403.0,2793.0,844.0,48.0,518.0,1383.0,2793.0,340.0,584.0,-450.0,-181.0,-47.0,8.768134385339781,11.071519470603207,55.34136546184739,0.11646586345381527,274.5,2.8134622269960614,134.0,450.0,29.0,12.45,28.0,145.0,584.0,0,0,0,71.0
350,BRITANNIA,Mar 2016,8397,7174,1224.0,15.0,115,5,113,1220,32.0,825,34.0,29.0,429.0,24.0,2068.0,131.0,1271.0,3494.0,950.0,90.0,788.0,1665.0,3494.0,341.0,959.0,-705.0,-246.0,8.0,9.824937477670597,14.576634512325832,39.4359464627151,0.06261950286806883,267.8,2.403262736119061,254.0,705.0,34.0,20.92,29.0,131.0,959.0,0,0,0,71.0
351,BRITANNIA,Mar 2017,9054,7776,1278.0,14.0,151,5,119,1304,32.0,885,37.0,30.0,430.0,24.0,2672.0,125.0,1288.0,4109.0,1160.0,30.0,487.0,2432.0,4109.0,342.0,441.0,-150.0,-295.0,-4.0,9.774685222001326,14.115308151093439,32.826409495548965,0.046364985163204746,285.8,2.2034558286687758,291.0,150.0,37.0,26.96,30.0,125.0,441.0,0,0,0,71.0
352,BRITANNIA,Mar 2018,9914,8413,1501.0,15.0,166,8,142,1518,34.0,1004,42.0,30.0,431.0,24.0,3382.0,201.0,1581.0,5188.0,1346.0,203.0,1079.0,2560.0,5188.0,343.0,1249.0,-957.0,-232.0,60.0,10.127092999798265,15.14020576961872,29.47739283617146,0.05901350557839107,208.375,1.9109483423284503,292.0,957.0,42.0,34.06,30.0,201.0,1249.0,0,0,0,71.0
353,BRITANNIA,Mar 2019,11055,9322,1732.0,16.0,206,9,162,1768,35.0,1155,48.0,31.0,432.0,24.0,4229.0,156.0,1829.0,6238.0,1688.0,101.0,1476.0,2972.0,6238.0,344.0,1156.0,-852.0,-353.0,-49.0,10.44776119402985,15.66711895070104,27.157300728897248,0.03667999059487421,215.33333333333334,1.7722026290477717,304.0,852.0,48.0,42.53,31.0,156.0,1156.0,0,0,0,71.0
354,BRITANNIA,Mar 2020,11600,9756,1843.0,16.0,263,77,185,1844,24.0,1394,58.0,60.0,433.0,24.0,4379.0,1538.0,1889.0,7830.0,1878.0,40.0,2893.0,3019.0,7830.0,345.0,1485.0,-1526.0,58.0,17.0,12.017241379310345,15.887931034482758,31.66023166023166,0.3493072904837611,27.350649350649352,1.4814814814814814,-41.0,1526.0,58.0,44.03,60.0,1538.0,1485.0,0,0,0,71.0
355,BRITANNIA,Mar 2021,13136,10627,2509.0,19.0,313,111,198,2514,26.0,1851,77.0,204.0,434.0,24.0,3524.0,2122.0,2331.0,8000.0,1793.0,117.0,2781.0,3310.0,8000.0,346.0,1876.0,433.0,-2242.0,66.0,14.091047503045068,19.10018270401949,52.17023675310034,0.5980834272829764,25.423423423423422,1.642,2309.0,433.0,77.0,35.48,204.0,2122.0,1876.0,0,0,0,71.0
356,BRITANNIA,Mar 2022,14136,11935,2201.0,16.0,222,144,201,2078,27.0,1516,63.0,89.0,435.0,24.0,2534.0,2481.0,2487.0,7527.0,1753.0,536.0,1762.0,3475.0,7527.0,347.0,1300.0,914.0,-2246.0,-32.0,10.724391624221845,15.570175438596493,59.26505082095387,0.9698983580922595,16.82638888888889,1.8780390593862097,2214.0,914.0,63.0,25.58,89.0,2481.0,1300.0,0,0,0,71.0
357,BRITANNIA,Mar 2023,16301,13470,2831.0,17.0,597,169,226,3033,24.0,2316,96.0,75.0,436.0,24.0,3510.0,2997.0,2819.0,9351.0,2655.0,105.0,3324.0,3266.0,9351.0,348.0,2526.0,-1507.0,-1028.0,-9.0,14.207717317955954,17.36703269738053,65.53480475382003,0.8480475382003395,20.284023668639055,1.743236017538231,1019.0,1507.0,96.0,35.34,75.0,2997.0,2526.0,0,0,0,71.0
358,BRITANNIA,Mar 2024,16769,13603,3167.0,19.0,211,164,300,2913,27.0,2134,89.0,83.0,437.0,24.0,3917.0,2065.0,3065.0,9072.0,2771.0,188.0,2767.0,3346.0,9072.0,349.0,2573.0,477.0,-2830.0,219.0,12.725863199952292,18.886039716142882,54.14869322506978,0.5239786856127886,20.597560975609756,1.8484347442680775,3050.0,477.0,89.0,39.41,83.0,2065.0,2573.0,9.9,31.02,30.73,71.0
360,CANBK,Mar 2013,34070,26198,7217.0,655.0,2,3308,191,3771,22.0,2995,12.0,19.0,439.0,443.0,24733.0,376040.0,18108.0,419324.0,2883.0,1.0,127534.0,288907.0,419324.0,350.0,8010.0,-435.0,-1043.0,6532.0,8.790724977986498,21.182858820076316,11.896250397203687,14.936447410231967,2.1822853688029022,0.08124982114069311,7575.0,435.0,12.0,251.76,19.0,376040.0,8010.0,0,0,0,42.300000000000004
361,CANBK,Mar 2014,39570,30606,9636.0,-672.0,-2,4144,230,3242,20.0,2672,10.0,19.0,440.0,461.0,29715.0,447913.0,23000.0,501090.0,6661.0,1.0,135445.0,358982.0,501090.0,351.0,14244.0,-380.0,-3771.0,10092.0,6.7525903462218855,24.351781652767247,8.854718981972429,14.843352332979851,2.3248069498069497,0.07896785008681076,13864.0,380.0,10.0,301.76,19.0,447913.0,14244.0,0,0,0,42.300000000000004
362,CANBK,Mar 2015,43813,34133,10302.0,-621.0,-1,4733,429,3683,22.0,2931,11.0,17.0,441.0,475.0,32017.0,499488.0,26578.0,558558.0,6969.0,1.0,152122.0,399466.0,558558.0,352.0,6344.0,-1104.0,-1464.0,3776.0,6.689795266245178,23.513569032022456,9.020682014034225,15.37264557429521,2.1764208747094864,0.07843948166528812,5240.0,1104.0,11.0,324.92,17.0,499488.0,6344.0,0,0,0,42.300000000000004
363,CANBK,Mar 2016,44039,34263,17785.0,-8008.0,-18,5266,172,-2914,-13.0,-2535,-9.0,0.0,442.0,543.0,31867.0,506712.0,24603.0,563725.0,7206.0,0.0,152470.0,404049.0,563725.0,353.0,9346.0,-443.0,-806.0,8096.0,-5.756261495492632,40.38465905220373,-7.821659981487196,15.634433816723234,3.3739080896315987,0.07812142445341257,8903.0,443.0,-9.0,324.1,0.0,506712.0,9346.0,0,0,0,42.300000000000004
364,CANBK,Mar 2017,41457,31540,15691.0,-5775.0,-14,7852,331,1746,29.0,1411,5.0,4.0,443.0,597.0,34088.0,534858.0,26615.0,596159.0,7185.0,0.0,162073.0,426901.0,596159.0,354.0,2575.0,-476.0,124.0,2224.0,3.403526545577345,37.84885544057698,4.06804093988756,15.420441112873,1.9965613856342332,0.06954017300753658,2099.0,476.0,5.0,346.85,4.0,534858.0,2575.0,0,0,0,42.300000000000004
365,CANBK,Mar 2018,41345,29113,25582.0,-13350.0,-32,7398,456,-6408,-36.0,-3873,-11.0,0.0,444.0,733.0,36164.0,563756.0,30781.0,631435.0,8335.0,0.0,157444.0,465657.0,631435.0,355.0,-11120.0,-487.0,2865.0,-8743.0,-9.367517233039061,61.874470915467406,-10.496788356776973,15.279182589370409,3.4536361178696944,0.06547784015773594,-11607.0,487.0,-11.0,368.97,0.0,563756.0,-11120.0,0,0,0,42.300000000000004
366,CANBK,Mar 2019,47951,32339,27202.0,-11590.0,-24,9907,429,-2111,-99.0,696,2.0,0.0,445.0,753.0,36936.0,640166.0,33928.0,711783.0,8433.0,0.0,168678.0,534672.0,711783.0,356.0,18237.0,-745.0,-1185.0,16307.0,1.4514817209234425,56.72874392609122,1.8466926689484995,16.98548648146674,2.7433128091248613,0.06736744204343177,17492.0,745.0,2.0,376.89,0.0,640166.0,18237.0,0,0,0,42.300000000000004
367,CANBK,Mar 2020,49759,35817,26809.0,-12867.0,-26,11799,446,-1514,34.0,-1921,-4.0,0.0,446.0,1030.0,40176.0,668170.0,32064.0,741440.0,8323.0,0.0,192645.0,540472.0,741440.0,357.0,-5289.0,-445.0,7792.0,2059.0,-3.8606081311923472,53.87769046805603,-4.661942435567636,16.215356986846576,2.2699381303500297,0.0671112969356927,-5734.0,445.0,-4.0,412.06,0.0,668170.0,-5289.0,0,0,0,42.300000000000004
368,CANBK,Mar 2021,70253,45182,43437.0,-18367.0,-26,23086,838,3882,30.0,2957,4.0,0.0,447.0,1647.0,60763.0,1060998.0,56132.0,1179540.0,11269.0,2.0,286191.0,882077.0,1179540.0,358.0,59118.0,-1116.0,290.0,58291.0,4.2090729221527905,61.82938806883692,4.73802275276398,17.000448646050312,1.8804037078749025,0.05955965885006019,58002.0,1116.0,4.0,624.1,0.0,1060998.0,59118.0,0,0,0,42.300000000000004
369,CANBK,Mar 2022,70614,43035,41235.0,-13657.0,-19,23643,841,9145,37.0,6158,7.0,19.0,448.0,1814.0,68147.0,1132626.0,56202.0,1258789.0,11447.0,2.0,311347.0,935992.0,1258789.0,359.0,919.0,-1429.0,4035.0,3525.0,8.720650295975302,58.39493584841533,8.802046854676176,16.18939123225797,1.7432643911517152,0.056096772374083344,-510.0,1429.0,7.0,699.61,19.0,1132626.0,919.0,0,0,0,42.300000000000004
370,CANBK,Mar 2023,85885,52990,42772.0,-9877.0,-12,25325,1021,14427,25.0,11345,12.0,19.0,449.0,1814.0,76240.0,1237160.0,65816.0,1381030.0,10334.0,0.0,352893.0,1017803.0,1381030.0,360.0,-39978.0,-1156.0,445.0,-40689.0,13.209524363975083,49.80147872154625,14.534809234632434,15.850052527737208,1.6884501480750247,0.06218909075110606,-41134.0,1156.0,12.0,780.54,19.0,1237160.0,-39978.0,0,0,0,42.300000000000004
371,CANBK,Mar 2024,110519,72118,46146.0,-7745.0,-7,28646,902,20000,26.0,15401,17.0,19.0,450.0,1814.0,90319.0,1369780.0,73104.0,1535018.0,12331.0,0.0,399207.0,1123480.0,1535018.0,361.0,15046.0,-1750.0,-3834.0,9462.0,13.935160470145405,41.753906568101414,16.716051794688113,14.867419925542423,1.6106611743349857,0.0719985042520674,13296.0,1750.0,17.0,921.33,19.0,1369780.0,15046.0,3.95,0,0,42.300000000000004
373,CHOLAFIN,Mar 2013,2570,1410,688.0,472.0,18,1,22,452,32.0,308,4.0,16.0,451.0,143.0,1809.0,15269.0,1007.0,18228.0,73.0,0.0,172.0,17984.0,18228.0,362.0,-3754.0,5.0,4067.0,317.0,11.98443579766537,26.770428015564203,15.778688524590164,7.822233606557377,706.0,0.14099188062321702,-3749.0,5.0,4.0,19.52,16.0,15269.0,-3754.0,0,0,0,71.89999999999999
374,CHOLAFIN,Mar 2014,3279,1769,932.0,578.0,18,1,25,554,34.0,368,5.0,14.0,452.0,143.0,2144.0,18075.0,1182.0,21544.0,74.0,0.0,39.0,21431.0,21544.0,363.0,-2447.0,-83.0,2749.0,219.0,11.222933821286977,28.42329978652028,16.09094884127678,7.903366856143419,950.0,0.1522001485332343,-2530.0,83.0,5.0,22.87,14.0,18075.0,-2447.0,0,0,0,71.89999999999999
375,CHOLAFIN,Mar 2015,3715,1958,1061.0,696.0,19,0,30,666,33.0,444,6.0,11.0,453.0,144.0,2531.0,19950.0,1243.0,23868.0,69.0,0.0,25.0,23775.0,23868.0,364.0,-2264.0,-40.0,1819.0,-485.0,11.951547779273216,28.559892328398384,16.598130841121495,7.457943925233645,0,0.15564772917714095,-2304.0,40.0,6.0,26.75,11.0,19950.0,-2264.0,0,0,0,71.89999999999999
376,CHOLAFIN,Mar 2016,4214,2048,1266.0,899.0,21,2,22,879,35.0,575,7.0,12.0,454.0,156.0,3514.0,22546.0,1673.0,27889.0,120.0,0.0,16.0,27753.0,27889.0,365.0,-2809.0,-137.0,3031.0,85.0,13.64499288087328,30.042714760322735,15.66757493188011,6.143324250681199,643.5,0.15109899960557927,-2946.0,137.0,7.0,36.7,12.0,22546.0,-2809.0,0,0,0,71.89999999999999
377,CHOLAFIN,Mar 2017,4694,2228,1322.0,1143.0,24,3,39,1107,35.0,718,9.0,12.0,455.0,156.0,4142.0,24071.0,2230.0,30598.0,150.0,0.0,182.0,30266.0,30598.0,366.0,-1468.0,-222.0,1692.0,2.0,15.296122709842352,28.163613123135917,16.70544439274081,5.600511865984179,448.6666666666667,0.15340871952415192,-1690.0,222.0,9.0,42.98,12.0,24071.0,-1468.0,0,0,0,71.89999999999999
378,CHOLAFIN,Mar 2018,5559,2657,1451.0,1451.0,26,0,51,1401,34.0,918,12.0,11.0,456.0,156.0,4969.0,38330.0,711.0,44167.0,170.0,4.0,23.0,43970.0,44167.0,367.0,-7926.0,-60.0,8009.0,22.0,16.51376146788991,26.101816873538407,17.912195121951218,7.479024390243903,0,0.12586320103244503,-7986.0,60.0,12.0,51.25,11.0,38330.0,-7926.0,0,0,0,71.89999999999999
379,CHOLAFIN,Mar 2019,7108,3588,1632.0,1888.0,27,1,57,1832,35.0,1197,15.0,8.0,457.0,156.0,6052.0,50567.0,715.0,57490.0,167.0,14.0,42.0,57267.0,57490.0,368.0,-9317.0,-11.0,12191.0,2862.0,16.840180078784467,22.960045019696118,19.281572164948454,8.145457474226804,1659.0,0.12363889372064707,-9328.0,11.0,15.0,62.08,8.0,50567.0,-9317.0,0,0,0,71.89999999999999
380,CHOLAFIN,Mar 2020,8712,4592,2421.0,1699.0,20,0,111,1588,34.0,1054,13.0,13.0,458.0,164.0,8036.0,55005.0,853.0,64058.0,283.0,11.0,33.0,63732.0,64058.0,369.0,-2075.0,-54.0,2452.0,323.0,12.098255280073463,27.789256198347108,12.853658536585366,6.707926829268293,0,0.13600174841549845,-2129.0,54.0,13.0,82.0,13.0,55005.0,-2075.0,0,0,0,71.89999999999999
381,CHOLAFIN,Mar 2021,9583,4576,2913.0,2094.0,22,56,102,2048,26.0,1521,19.0,11.0,459.0,164.0,9436.0,63730.0,1314.0,74644.0,228.0,10.0,1583.0,72823.0,74644.0,370.0,-8848.0,-1746.0,8707.0,-1888.0,15.871856412396953,30.397579046227698,15.84375,6.638541666666667,52.410714285714285,0.12838272332672418,-10594.0,1746.0,19.0,96.0,11.0,63730.0,-8848.0,0,0,0,71.89999999999999
382,CHOLAFIN,Mar 2022,10148,4298,2926.0,2924.0,29,84,101,2908,26.0,2154,26.0,8.0,460.0,164.0,11605.0,69174.0,1536.0,82478.0,259.0,37.0,2055.0,80127.0,82478.0,371.0,-5571.0,1640.0,5150.0,1218.0,21.225857311785575,28.83326763894363,18.302319653326535,5.87764465969921,35.17857142857143,0.12303887097165304,-3931.0,1640.0,26.0,117.69,8.0,69174.0,-5571.0,0,0,0,71.89999999999999
383,CHOLAFIN,Mar 2023,12884,5748,3621.0,3515.0,27,220,121,3615,26.0,2665,32.0,6.0,461.0,164.0,14182.0,97358.0,1923.0,113627.0,403.0,60.0,3562.0,109602.0,113627.0,372.0,-27105.0,-2148.0,27466.0,-1787.0,20.684570009313877,28.104625892579943,18.576606719643106,6.786421302105117,16.581818181818182,0.113388543215961,-29253.0,2148.0,32.0,143.46,6.0,97358.0,-27105.0,0,0,0,71.89999999999999
384,CHOLAFIN,Mar 2024,19163,9231,5385.0,4548.0,24,255,198,4605,26.0,3420,41.0,5.0,462.0,168.0,19425.0,134475.0,2618.0,156686.0,1563.0,13.0,4036.0,151075.0,156686.0,373.0,-35683.0,-2855.0,38471.0,-66.0,17.846892448990243,28.10102802275218,17.455213596692694,6.863420609401317,21.211764705882352,0.12230192869816066,-38538.0,2855.0,41.0,195.93,5.0,134475.0,-35683.0,16.68,24.41,24.57,71.89999999999999
386,CIPLA,Mar 2013,8279,34,6065.0,2214.0,27,245,330,2095,26.0,1545,19.0,10.0,464.0,161.0,8858.0,967.0,1672.0,11658.0,3610.0,378.0,2532.0,5138.0,11658.0,374.0,1398.0,-2063.0,718.0,53.0,18.661674115231307,73.25763981157145,17.130502272979268,0.10721809513249805,24.86530612244898,0.7101561159718648,-665.0,2063.0,19.0,90.19,10.0,967.0,1398.0,0,0,0,46.6
387,CIPLA,Mar 2014,10173,146,8026.0,2147.0,21,251,373,1880,25.0,1404,17.0,12.0,465.0,161.0,9890.0,1248.0,2102.0,13400.0,6496.0,442.0,709.0,5753.0,13400.0,375.0,1563.0,-1265.0,-266.0,33.0,13.80123857269242,78.89511451882434,13.968759327430105,0.1241667495771565,32.059760956175296,0.7591791044776119,298.0,1265.0,17.0,100.51,12.0,1248.0,1563.0,0,0,0,46.6
388,CIPLA,Mar 2015,11345,168,9183.0,2163.0,19,164,505,1654,24.0,1229,15.0,14.0,466.0,161.0,10641.0,1703.0,3166.0,15670.0,6830.0,581.0,640.0,7620.0,15670.0,376.0,1173.0,-950.0,165.0,388.0,10.832966064345527,80.94314676068753,11.377522680985003,0.15765598963154973,56.109756097560975,0.7239948947032546,223.0,950.0,15.0,108.02,14.0,1703.0,1173.0,0,0,0,46.6
389,CIPLA,Mar 2016,13790,207,11310.0,2480.0,18,208,754,1727,19.0,1383,17.0,12.0,467.0,161.0,11356.0,5202.0,4331.0,21049.0,9368.0,2061.0,759.0,8862.0,21049.0,377.0,1741.0,-4533.0,3104.0,312.0,10.029006526468455,82.01595358955765,12.00833550403751,0.45168012503256055,54.46153846153846,0.6551380113069505,-2792.0,4533.0,17.0,115.17,12.0,5202.0,1741.0,0,0,0,46.6
390,CIPLA,Mar 2017,14394,159,11898.0,2496.0,17,208,1323,1222,15.0,1035,13.0,16.0,468.0,161.0,12383.0,4113.0,4213.0,20869.0,9492.0,1683.0,973.0,8721.0,20869.0,378.0,2382.0,-1304.0,-1326.0,-248.0,7.190496040016674,82.65944143393081,8.250956632653061,0.3278858418367347,57.28365384615385,0.6897311802194642,1078.0,1304.0,13.0,125.44,16.0,4113.0,2382.0,0,0,0,46.6
391,CIPLA,Mar 2018,15156,114,12329.0,2826.0,19,280,1323,1669,15.0,1417,18.0,17.0,469.0,161.0,14068.0,4098.0,4346.0,22673.0,9950.0,981.0,1259.0,10483.0,22673.0,379.0,1463.0,-834.0,-385.0,243.0,9.349432567959884,81.3473211929269,9.958535385480358,0.2880033733923677,44.1,0.668460283156177,629.0,834.0,18.0,142.29,17.0,4098.0,1463.0,0,0,0,46.6
392,CIPLA,Mar 2019,16362,168,13265.0,3097.0,19,477,1326,2079,27.0,1492,19.0,16.0,470.0,161.0,14851.0,4316.0,4433.0,23762.0,9608.0,676.0,2554.0,10923.0,23762.0,380.0,1691.0,-1688.0,-349.0,-345.0,9.118689646742451,81.07199608849774,9.938715694111377,0.2875033306687983,27.849056603773583,0.6885784024913728,3.0,1688.0,19.0,150.12,16.0,4316.0,1691.0,0,0,0,46.6
393,CIPLA,Mar 2020,17132,197,13926.0,3206.0,19,344,1175,2178,29.0,1500,19.0,21.0,471.0,161.0,15602.0,2816.0,4843.0,23423.0,9683.0,825.0,1471.0,11444.0,23423.0,381.0,3068.0,114.0,-2949.0,234.0,8.755545178613122,81.28648143824422,9.515955084692001,0.17864619678995114,40.53779069767442,0.731417837168595,3182.0,114.0,19.0,157.63,21.0,2816.0,3068.0,0,0,0,46.6
394,CIPLA,Mar 2021,19160,161,14907.0,4252.0,22,266,1068,3290,27.0,2389,30.0,17.0,472.0,161.0,18165.0,2014.0,4514.0,24855.0,9516.0,969.0,2710.0,11661.0,24855.0,382.0,3755.0,-2374.0,-1240.0,141.0,12.468684759916492,77.80271398747391,13.036123540325221,0.10989850485648806,56.12406015037594,0.7708710521021928,1381.0,2374.0,30.0,183.26,17.0,2014.0,3755.0,0,0,0,46.6
395,CIPLA,Mar 2022,21763,106,17211.0,4553.0,21,99,1052,3493,27.0,2547,31.0,16.0,473.0,161.0,20680.0,1056.0,4960.0,26857.0,9683.0,766.0,2551.0,13857.0,26857.0,383.0,3326.0,-1858.0,-1600.0,-132.0,11.703349722005237,79.08376602490466,12.221102634230602,0.05066935367784655,174.06060606060606,0.8103287783445656,1468.0,1858.0,31.0,208.41,16.0,1056.0,3326.0,0,0,0,46.6
396,CIPLA,Mar 2023,22753,110,17726.0,5027.0,22,293,1172,4038,30.0,2833,35.0,24.0,474.0,161.0,23246.0,803.0,5089.0,29300.0,9160.0,1093.0,3662.0,15384.0,29300.0,384.0,3238.0,-2376.0,-958.0,-97.0,12.45110534874522,77.90621017008746,12.103216986371597,0.03430597684453369,60.57337883959045,0.7765529010238907,862.0,2376.0,35.0,234.07,24.0,803.0,3238.0,0,0,0,46.6
397,CIPLA,Mar 2024,25774,90,19483.0,6291.0,24,552,1051,5702,27.0,4154,51.0,25.0,475.0,161.0,26545.0,559.0,5267.0,32533.0,9607.0,1153.0,5449.0,16323.0,32533.0,385.0,4134.0,-2982.0,-1200.0,-49.0,16.11701714906495,75.59168153953597,15.554557028383135,0.020931625851868495,35.33876811594203,0.7922417237881536,1152.0,2982.0,51.0,267.06,25.0,559.0,4134.0,12.86,-1.71,-1.08,46.6
399,COALINDIA,Mar 2013,68303,46,50216.0,18087.0,26,8752,1813,24979,31.0,17356,27.0,51.0,477.0,6316.0,42156.0,1305.0,61206.0,110983.0,13466.0,3496.0,2395.0,91626.0,110983.0,386.0,9109.0,-1833.0,-7852.0,-575.0,25.41030408620412,73.51946473800565,35.80623865324311,0.026922759531275788,5.740630712979891,0.6154365983979528,7276.0,1833.0,27.0,484.72,51.0,1305.0,9109.0,0,0,0,42.8
400,COALINDIA,Mar 2014,70608,59,52842.0,17766.0,25,7169,1996,22880,34.0,15112,24.0,121.0,478.0,6316.0,36088.0,178.0,62356.0,104938.0,14784.0,4316.0,3775.0,82063.0,104938.0,387.0,14525.0,8580.0,-25350.0,-2246.0,21.402673917969636,74.83854520734195,35.63814734459013,0.0041977171964908975,7.374389733575115,0.6728544473879815,23105.0,8580.0,24.0,424.04,121.0,178.0,14525.0,0,0,0,42.8
401,COALINDIA,Mar 2015,74120,9,56777.0,17343.0,23,6570,2320,21584,36.0,13727,22.0,95.0,479.0,6316.0,34037.0,408.0,70505.0,111267.0,16115.0,5159.0,2813.0,87179.0,111267.0,388.0,14382.0,894.0,-15026.0,250.0,18.519967620075555,76.60145709660011,34.01729735087849,0.010110772433276337,8.645357686453577,0.6661453980065968,15276.0,894.0,22.0,403.53,95.0,408.0,14382.0,0,0,0,42.8
402,COALINDIA,Mar 2016,77861,388,59147.0,18714.0,24,5939,2826,21440,33.0,14267,23.0,121.0,480.0,6316.0,28517.0,1199.0,77528.0,113560.0,22082.0,4553.0,2906.0,84018.0,113560.0,389.0,13154.0,8154.0,-19587.0,1721.0,18.323679377351947,75.96486045645446,40.95828668216921,0.034421382022794475,9.963125105236571,0.6856375484325467,21308.0,8154.0,23.0,348.33,121.0,1199.0,13154.0,0,0,0,42.8
403,COALINDIA,Mar 2017,78164,410,65716.0,12448.0,16,5316,2907,14446,36.0,9280,15.0,133.0,481.0,6207.0,18311.0,3014.0,91054.0,118587.0,23811.0,8585.0,1483.0,84708.0,118587.0,390.0,16461.0,455.0,-17598.0,-682.0,11.872473261347935,84.0745100046057,37.84974304592544,0.12293009217717596,12.364936042136945,0.6591278976616324,16916.0,455.0,15.0,245.18,133.0,3014.0,16461.0,0,0,0,42.8
404,COALINDIA,Mar 2018,85244,430,75956.0,9288.0,11,4975,3063,10770,35.0,7038,11.0,146.0,482.0,6207.0,13971.0,1538.0,103754.0,125471.0,27574.0,10273.0,1704.0,85920.0,125471.0,391.0,21115.0,-7747.0,-13564.0,-196.0,8.25629956360565,89.10421847871991,34.87957181088314,0.07622162751511548,15.269748743718592,0.6793920507527635,13368.0,7747.0,11.0,201.78,146.0,1538.0,21115.0,0,0,0,42.8
405,COALINDIA,Mar 2019,99586,264,74579.0,25007.0,25,5834,3450,27127,36.0,17464,28.0,46.0,483.0,6163.0,20292.0,2210.0,104356.0,133021.0,32618.0,9658.0,3170.0,87576.0,133021.0,392.0,16356.0,-7896.0,-10885.0,-2426.0,17.536601530335588,74.88904062820076,66.01398601398601,0.08353808353808354,12.787795680493657,0.7486487096022433,8460.0,7896.0,28.0,264.55,46.0,2210.0,16356.0,0,0,0,42.8
406,COALINDIA,Mar 2020,96080,503,74500.0,21581.0,22,6444,3451,24071,31.0,16700,27.0,44.0,484.0,6163.0,25994.0,6434.0,111430.0,150020.0,36784.0,8328.0,1973.0,102936.0,150020.0,393.0,4977.0,1033.0,-4791.0,1219.0,17.38134887593672,77.53955037468776,51.93270516528283,0.20008085331343098,11.56455617628802,0.64044794027463,6010.0,1033.0,27.0,321.57,44.0,6434.0,4977.0,0,0,0,42.8
407,COALINDIA,Mar 2021,90026,642,71398.0,18628.0,21,3742,3718,18009,29.0,12702,21.0,78.0,485.0,6163.0,30355.0,5884.0,118649.0,161051.0,42405.0,10490.0,5950.0,102206.0,161051.0,394.0,10592.0,182.0,-8453.0,2321.0,14.109257325661476,79.3081998533757,34.78284681526918,0.16112602004490936,19.085783003741316,0.5589906302972351,10774.0,182.0,21.0,365.18,78.0,5884.0,10592.0,0,0,0,42.8
408,COALINDIA,Mar 2022,109715,541,84995.0,24721.0,23,3866,4429,23616,26.0,17378,28.0,60.0,486.0,6163.0,36980.0,3514.0,132780.0,179436.0,46677.0,12897.0,8921.0,110942.0,179436.0,395.0,41107.0,-25715.0,-13441.0,1951.0,15.839219796746114,77.46889668687052,40.27999907285075,0.08145006142363767,21.99120538023797,0.6114436344992086,15392.0,25715.0,28.0,431.43,60.0,3514.0,41107.0,0,0,0,42.8
409,COALINDIA,Mar 2023,138252,684,94020.0,44232.0,32,6560,6833,43275,27.0,31723,52.0,47.0,487.0,6163.0,54680.0,4331.0,156222.0,221396.0,64547.0,17622.0,7139.0,132087.0,221396.0,396.0,35734.0,-23465.0,-13704.0,-1436.0,22.94578016954547,68.00624945751237,52.13911214108443,0.07118320924346268,14.33719512195122,0.6244557263907207,12269.0,23465.0,52.0,608.43,47.0,4331.0,35734.0,0,0,0,42.8
410,COALINDIA,Mar 2024,142324,819,94352.0,47971.0,34,8396,6735,48813,23.0,37369,61.0,42.0,488.0,6163.0,76567.0,6523.0,147217.0,236470.0,75668.0,18960.0,7110.0,134731.0,236470.0,397.0,18103.0,-4486.0,-13899.0,-282.0,26.25628846856468,66.29380849329698,45.16982956605826,0.0788468512027076,11.24178180085755,0.6018691588785047,13617.0,4486.0,61.0,827.3,42.0,6523.0,18103.0,4.53,-16.52,-16.44,42.8
412,DABUR,Mar 2013,6140,5148,992.0,16.0,100,59,85,948,19.0,766,4.0,34.0,490.0,174.0,1921.0,1151.0,1462.0,4709.0,1582.0,93.0,929.0,2105.0,4709.0,398.0,870.0,-622.0,-234.0,13.0,12.47557003257329,16.156351791530945,36.563245823389025,0.5494033412887828,18.508474576271187,1.3038861754087916,248.0,622.0,4.0,20.95,34.0,1151.0,870.0,0,0,0,51.89999999999999
413,DABUR,Mar 2014,7058,5897,1162.0,16.0,126,54,97,1136,19.0,916,5.0,33.0,491.0,174.0,2482.0,708.0,1948.0,5312.0,1767.0,22.0,1076.0,2447.0,5312.0,399.0,1098.0,-104.0,-804.0,190.0,12.978180787758573,16.463587418532164,34.48795180722892,0.26656626506024095,23.85185185185185,1.3286897590361446,994.0,104.0,5.0,26.56,33.0,708.0,1098.0,0,0,0,51.89999999999999
414,DABUR,Mar 2015,7795,6475,1320.0,17.0,154,40,115,1319,19.0,1068,6.0,33.0,492.0,176.0,3178.0,734.0,2019.0,6106.0,1877.0,50.0,1813.0,2365.0,6106.0,400.0,1047.0,-876.0,-417.0,-245.0,13.701090442591404,16.93393200769724,31.84257602862254,0.21884317233154443,36.85,1.2766131673763512,171.0,876.0,6.0,33.54,33.0,734.0,1047.0,0,0,0,51.89999999999999
415,DABUR,Mar 2016,7780,6261,1518.0,20.0,217,48,133,1554,19.0,1254,7.0,32.0,493.0,176.0,3995.0,805.0,1956.0,6932.0,1667.0,45.0,2691.0,2529.0,6932.0,401.0,1187.0,-730.0,-374.0,82.0,16.118251928020566,19.511568123393317,30.064732678014867,0.19299928074802206,36.145833333333336,1.122331217541835,457.0,730.0,7.0,41.71,32.0,805.0,1187.0,0,0,0,51.89999999999999
416,DABUR,Mar 2017,7614,6102,1512.0,20.0,296,54,143,1611,21.0,1280,7.0,31.0,494.0,176.0,4671.0,975.0,1910.0,7732.0,1958.0,42.0,3240.0,2492.0,7732.0,402.0,1227.0,-807.0,-339.0,81.0,16.811137378513266,19.858156028368796,26.408087476789767,0.20115535382710956,33.48148148148148,0.9847387480600104,420.0,807.0,7.0,48.47,31.0,975.0,1227.0,0,0,0,51.89999999999999
417,DABUR,Mar 2018,7722,6104,1617.0,21.0,291,53,162,1693,20.0,1358,8.0,81.0,495.0,176.0,5530.0,938.0,2058.0,8702.0,2028.0,42.0,3805.0,2827.0,8702.0,403.0,1092.0,-541.0,-577.0,-27.0,17.586117586117584,20.94017094017094,23.79950928846828,0.16438836312653346,36.0,0.8873822109859802,551.0,541.0,8.0,57.06,81.0,938.0,1092.0,0,0,0,51.89999999999999
418,DABUR,Mar 2019,8515,6775,1740.0,20.0,222,60,177,1725,16.0,1446,8.0,34.0,496.0,177.0,5455.0,699.0,2106.0,8437.0,1969.0,64.0,3359.0,3045.0,8437.0,404.0,1499.0,338.0,-1888.0,-51.0,16.981796829125074,20.434527304756312,25.67471590909091,0.12411221590909091,32.7,1.0092449922958397,1837.0,338.0,8.0,56.32,34.0,699.0,1499.0,0,0,0,51.89999999999999
419,DABUR,Mar 2020,8685,6892,1792.0,21.0,205,50,220,1728,16.0,1448,8.0,37.0,497.0,177.0,6429.0,522.0,2209.0,9337.0,2253.0,147.0,2800.0,4137.0,9337.0,405.0,1614.0,-517.0,-1043.0,54.0,16.672423719055843,20.63327576280944,21.91946715107478,0.07901907356948229,39.94,0.9301702902431188,1097.0,517.0,8.0,66.06,37.0,522.0,1614.0,0,0,0,51.89999999999999
420,DABUR,Mar 2021,9562,7560,2002.0,21.0,325,31,240,2056,18.0,1695,10.0,50.0,498.0,177.0,7487.0,509.0,2661.0,10833.0,2243.0,147.0,4160.0,4283.0,10833.0,406.0,2115.0,-1404.0,-613.0,97.0,17.72641706755909,20.937042459736457,22.116388308977037,0.06641440501043841,75.06451612903226,0.8826733130250162,711.0,1404.0,10.0,76.64,50.0,509.0,2115.0,0,0,0,51.89999999999999
421,DABUR,Mar 2022,10889,8637,2252.0,21.0,308,39,253,2269,23.0,1742,10.0,53.0,499.0,177.0,8205.0,1030.0,2872.0,12284.0,2308.0,168.0,6220.0,3589.0,12284.0,407.0,1802.0,-1273.0,-490.0,38.0,15.997795940857745,20.681421618146754,20.782629444046766,0.12288236697685516,65.64102564102564,0.8864376424617388,529.0,1273.0,10.0,83.82,53.0,1030.0,1802.0,0,0,0,51.89999999999999
422,DABUR,Mar 2023,11530,9367,2162.0,19.0,445,78,311,2219,23.0,1701,10.0,54.0,500.0,177.0,8796.0,1174.0,3505.0,13652.0,3579.0,175.0,6265.0,3633.0,13652.0,408.0,1488.0,-583.0,-1035.0,-130.0,14.752818733738074,18.751084128360798,18.956870611835505,0.13083695531037556,33.42307692307692,0.8445648989159098,905.0,583.0,10.0,89.73,54.0,1174.0,1488.0,0,0,0,51.89999999999999
423,DABUR,Mar 2024,12404,10004,2400.0,19.0,482,124,399,2359,23.0,1811,10.0,53.0,501.0,177.0,9689.0,1365.0,3885.0,15116.0,3815.0,232.0,6933.0,4136.0,15116.0,409.0,2013.0,-971.0,-1161.0,-119.0,14.600128990648178,19.348597226701063,18.355969997972835,0.13835394283397526,23.241935483870968,0.8205874569992061,1042.0,971.0,10.0,98.66,53.0,1365.0,2013.0,4.69,12.13,14.87,51.89999999999999
425,DIVISLAB,Mar 2013,2145,1329,816.0,38.0,45,3,77,781,23.0,602,23.0,33.0,503.0,27.0,2474.0,33.0,605.0,3139.0,909.0,303.0,408.0,1519.0,3139.0,410.0,480.0,-255.0,-231.0,-5.0,28.065268065268068,38.04195804195804,24.070371851259495,0.013194722111155539,287.0,0.6833386428798981,225.0,255.0,23.0,25.01,33.0,33.0,480.0,0,0,0,50.8
426,DIVISLAB,Mar 2014,2532,1514,1018.0,40.0,68,3,92,991,22.0,773,29.0,34.0,504.0,27.0,2937.0,18.0,729.0,3710.0,1222.0,144.0,502.0,1842.0,3710.0,411.0,557.0,-305.0,-248.0,3.0,30.529225908372826,40.20537124802528,26.07962213225371,0.006072874493927126,362.0,0.6824797843665769,252.0,305.0,29.0,29.64,34.0,18.0,557.0,0,0,0,50.8
427,DIVISLAB,Mar 2015,3115,1942,1173.0,38.0,38,3,136,1072,21.0,852,32.0,31.0,505.0,27.0,3469.0,27.0,883.0,4405.0,1309.0,218.0,733.0,2145.0,4405.0,412.0,826.0,-521.0,-303.0,3.0,27.351524879614768,37.65650080256822,24.37070938215103,0.007723112128146453,403.6666666666667,0.7071509648127128,305.0,521.0,32.0,34.96,31.0,27.0,826.0,0,0,0,50.8
428,DIVISLAB,Mar 2016,3776,2354,1423.0,38.0,93,5,118,1393,19.0,1126,42.0,24.0,506.0,53.0,4240.0,42.0,562.0,4898.0,1439.0,264.0,803.0,2392.0,4898.0,413.0,1038.0,-406.0,-631.0,0.0,29.81991525423729,37.6853813559322,26.22874446773818,0.009783368273934312,303.2,0.7709269089424254,632.0,406.0,42.0,42.93,24.0,42.0,1038.0,0,0,0,50.8
429,DIVISLAB,Mar 2017,4064,2615,1450.0,36.0,72,3,123,1395,24.0,1060,40.0,25.0,507.0,53.0,5304.0,36.0,762.0,6155.0,1559.0,444.0,1631.0,2521.0,6155.0,414.0,1150.0,-1140.0,2.0,13.0,26.08267716535433,35.67913385826771,19.787194325182007,0.006720179204778794,507.3333333333333,0.6602761982128351,10.0,1140.0,40.0,53.57,25.0,36.0,1150.0,0,0,0,50.8
430,DIVISLAB,Mar 2018,3891,2622,1269.0,33.0,107,2,142,1231,29.0,877,33.0,30.0,508.0,53.0,5872.0,63.0,797.0,6785.0,1996.0,120.0,1889.0,2780.0,6785.0,415.0,776.0,-478.0,-314.0,-17.0,22.539193009509123,32.61372397841172,14.801687763713081,0.010632911392405063,688.0,0.5734708916728076,298.0,478.0,33.0,59.25,30.0,63.0,776.0,0,0,0,50.8
431,DIVISLAB,Mar 2019,4946,3072,1874.0,38.0,154,5,169,1855,27.0,1353,51.0,31.0,509.0,53.0,6904.0,106.0,973.0,8036.0,2088.0,492.0,1946.0,3511.0,8036.0,416.0,954.0,-685.0,-246.0,23.0,27.355438738374442,37.88920339668419,19.448037947391118,0.015236452493891045,405.6,0.6154803384768541,269.0,685.0,51.0,69.57,31.0,106.0,954.0,0,0,0,50.8
432,DIVISLAB,Mar 2020,5394,3568,1826.0,34.0,186,7,186,1819,24.0,1377,52.0,31.0,510.0,53.0,7257.0,39.0,1183.0,8531.0,2782.0,920.0,971.0,3858.0,8531.0,417.0,1216.0,-83.0,-1091.0,41.0,25.528364849833146,33.852428624397476,18.83720930232558,0.00533515731874145,287.42857142857144,0.6322822646817489,1133.0,83.0,52.0,73.1,31.0,39.0,1216.0,0,0,0,50.8
433,DIVISLAB,Mar 2021,6969,4102,2867.0,41.0,57,2,256,2666,26.0,1984,75.0,27.0,511.0,53.0,9242.0,5.0,1471.0,10771.0,3704.0,711.0,0.0,6356.0,10771.0,418.0,1947.0,75.0,-35.0,1987.0,28.46893384990673,41.13933132443679,21.34480903711673,0.0005379236148466917,1462.0,0.6470151332281125,2022.0,75.0,75.0,92.95,27.0,5.0,1947.0,0,0,0,50.8
434,DIVISLAB,Mar 2022,8960,5075,3885.0,43.0,112,2,312,3684,20.0,2960,112.0,27.0,512.0,53.0,11675.0,4.0,1628.0,13360.0,4325.0,470.0,72.0,8493.0,13360.0,419.0,1912.0,-2195.0,-532.0,-816.0,33.035714285714285,43.359375,25.2387448840382,0.00034106412005457026,1998.5,0.6706586826347305,-283.0,2195.0,112.0,117.28,27.0,4.0,1912.0,0,0,0,50.8
435,DIVISLAB,Mar 2023,7767,5397,2370.0,31.0,344,2,343,2369,23.0,1824,69.0,44.0,513.0,53.0,12714.0,4.0,1654.0,14425.0,4722.0,212.0,77.0,9414.0,14425.0,420.0,2459.0,-2707.0,-797.0,-1045.0,23.483970645036695,30.513711857860176,14.286833241951907,0.0003133077465340331,1357.0,0.5384402079722703,-248.0,2707.0,69.0,127.67,44.0,4.0,2459.0,0,0,0,50.8
436,DIVISLAB,Mar 2024,7845,5635,2210.0,28.0,335,4,378,2163,26.0,1600,60.0,50.0,514.0,53.0,13518.0,3.0,1886.0,15460.0,4739.0,778.0,82.0,9861.0,15460.0,421.0,1261.0,-269.0,-799.0,193.0,20.395156150414277,28.170809432759718,11.78984599513669,0.0002210596124088129,636.25,0.5074385510996119,992.0,269.0,60.0,135.71,50.0,3.0,1261.0,12.65,7.82,7.49,50.8
438,DLF,Mar 2013,7773,5140,2633.0,34.0,1279,2314,796,802,17.0,667,4.0,48.0,516.0,340.0,25389.0,26600.0,12318.0,64647.0,19849.0,7834.0,1334.0,35630.0,64647.0,422.0,2009.0,1995.0,-3951.0,52.0,8.580985462498392,33.87366525151164,2.5924054568774535,1.0338528508686695,1.6905790838375108,0.1202375980323913,4004.0,1995.0,4.0,257.29,48.0,26600.0,2009.0,0,0,0,55.99999999999999
439,DLF,Mar 2014,8298,5805,2493.0,30.0,1133,2463,663,500,-16.0,590,4.0,55.0,517.0,356.0,27039.0,24133.0,12997.0,64525.0,18835.0,5979.0,891.0,38820.0,64525.0,423.0,1468.0,3924.0,-4532.0,860.0,7.1101470233791275,30.04338394793926,2.1536776784084686,0.8809271764920606,1.4721883881445392,0.12860131731886865,5392.0,3924.0,4.0,273.95,55.0,24133.0,1468.0,0,0,0,55.99999999999999
440,DLF,Mar 2015,7649,4635,3014.0,39.0,503,2304,545,668,24.0,507,3.0,66.0,518.0,356.0,27013.0,24495.0,14398.0,66262.0,19619.0,5901.0,623.0,40119.0,66262.0,424.0,2037.0,98.0,-1547.0,588.0,6.628317427114655,39.40384363969146,1.8524608133289489,0.8949906828894004,1.5264756944444444,0.11543569466662643,2135.0,98.0,3.0,273.69,66.0,24495.0,2037.0,0,0,0,55.99999999999999
441,DLF,Mar 2016,9926,5960,3966.0,40.0,506,2680,766,1026,55.0,305,2.0,117.0,519.0,357.0,23712.0,25264.0,12396.0,61729.0,3943.0,1779.0,21310.0,34697.0,61729.0,425.0,2957.0,-818.0,-1929.0,210.0,3.07273826314729,39.955671972597216,1.2671901616186798,1.049648926004404,1.6686567164179105,0.1607996241636832,2139.0,818.0,2.0,240.69,117.0,25264.0,2957.0,0,0,0,55.99999999999999
442,DLF,Mar 2017,8221,4775,3446.0,42.0,1135,2980,572,1030,22.0,708,4.0,50.0,520.0,357.0,24216.0,29202.0,10179.0,63954.0,24640.0,153.0,1209.0,37952.0,63954.0,426.0,-898.0,872.0,787.0,761.0,8.612090986497993,41.9170417224182,2.881211085337566,1.1883774874862654,1.537248322147651,0.12854551709040873,-26.0,872.0,4.0,245.73,50.0,29202.0,-898.0,0,0,0,55.99999999999999
443,DLF,Mar 2018,6707,4329,2378.0,35.0,9722,2951,534,8615,50.0,4477,25.0,8.0,521.0,357.0,34954.0,17491.0,7783.0,60585.0,8082.0,137.0,20832.0,31533.0,60585.0,427.0,270.0,-2102.0,-232.0,-2064.0,66.75115550916952,35.455494259728646,12.678768655659708,0.49534139503270935,4.1003049813622505,0.11070396962944623,-1832.0,2102.0,25.0,353.11,8.0,17491.0,270.0,0,0,0,55.99999999999999
444,DLF,Mar 2019,8366,6218,2148.0,26.0,784,2062,225,646,43.0,1314,6.0,33.0,522.0,441.0,33135.0,17222.0,15684.0,66483.0,6322.0,103.0,21005.0,39053.0,66483.0,428.0,2043.0,3.0,875.0,2921.0,15.706430791298112,25.67535261773847,3.913509649749821,0.5129258994519895,1.4219204655674103,0.12583668005354753,2046.0,3.0,6.0,335.76,33.0,17222.0,2043.0,0,0,0,55.99999999999999
445,DLF,Mar 2020,6083,4937,1146.0,19.0,1135,1427,200,653,99.0,-590,-2.0,-85.0,523.0,495.0,33952.0,8103.0,13341.0,55890.0,5187.0,89.0,18566.0,32049.0,55890.0,429.0,356.0,6508.0,-9522.0,-2658.0,-9.699161597895776,18.839388459641622,-1.7127761488663744,0.23523093447905477,1.598458304134548,0.10883879048130256,6864.0,6508.0,-2.0,344.47,-85.0,8103.0,356.0,0,0,0,55.99999999999999
446,DLF,Mar 2021,5414,3945,1469.0,27.0,383,853,159,840,43.0,1083,4.0,45.0,524.0,495.0,34849.0,6886.0,11258.0,53488.0,4856.0,95.0,19746.0,28791.0,53488.0,430.0,1460.0,150.0,-2184.0,-573.0,20.003694126339123,27.133357960842257,3.0641693073789047,0.19482797645993663,2.17116060961313,0.10121896500149566,1610.0,150.0,4.0,353.44,45.0,6886.0,1460.0,0,0,0,55.99999999999999
447,DLF,Mar 2022,5717,3974,1743.0,30.0,195,625,149,1165,28.0,1500,6.0,49.0,525.0,495.0,35867.0,4182.0,10623.0,51167.0,4862.0,81.0,19779.0,26444.0,51167.0,431.0,2832.0,267.0,-3828.0,-729.0,26.237537169844323,30.488018191359107,4.125185633353501,0.1150101754578956,3.1008,0.111732171125921,3099.0,267.0,6.0,363.62,49.0,4182.0,2832.0,0,0,0,55.99999999999999
448,DLF,Mar 2023,5695,3969,1726.0,30.0,317,392,149,1502,27.0,2034,8.0,49.0,526.0,495.0,37192.0,3334.0,11551.0,52572.0,4785.0,61.0,19481.0,28245.0,52572.0,432.0,2375.0,-461.0,-2013.0,-98.0,35.71553994732221,30.307287093942055,5.397086528511158,0.08846551861384562,5.211734693877551,0.10832762687362094,1914.0,461.0,8.0,376.87,49.0,3334.0,2375.0,0,0,0,55.99999999999999
449,DLF,Mar 2024,6427,4303,2124.0,33.0,531,356,148,2151,24.0,2724,11.0,45.0,527.0,495.0,38936.0,4834.0,14804.0,59069.0,3880.0,71.0,20138.0,34981.0,59069.0,433.0,2539.0,-1529.0,177.0,1186.0,42.38369379181578,33.04807841916913,6.908270142781061,0.12259389820192235,7.457865168539326,0.10880495691479457,1010.0,1529.0,11.0,394.31,45.0,4834.0,2539.0,-2.91,46.34,44.27,55.99999999999999
451,DMART,Mar 2013,3341,3126,215.0,6.0,15,43,46,141,34.0,94,2.0,0.0,529.0,544.0,245.0,526.0,176.0,1492.0,925.0,118.0,16.0,433.0,1492.0,434.0,127.0,-231.0,118.0,14.0,2.8135288835677943,6.435199042202933,11.913814955640051,0.6666666666666666,5.348837209302325,2.2392761394101877,-104.0,231.0,2.0,7.89,0.0,526.0,127.0,0,0,0,68.5
452,DMART,Mar 2014,4686,4345,341.0,7.0,16,56,57,245,34.0,161,3.0,0.0,530.0,547.0,409.0,641.0,211.0,1808.0,1172.0,89.0,16.0,532.0,1808.0,435.0,198.0,-270.0,65.0,-7.0,3.4357661118224496,7.276995305164319,16.84100418410042,0.6705020920502092,6.375,2.5918141592920354,-72.0,270.0,3.0,9.56,0.0,641.0,198.0,0,0,0,68.5
453,DMART,Mar 2015,6439,5983,456.0,7.0,20,72,82,323,34.0,212,4.0,0.0,531.0,562.0,638.0,904.0,251.0,2355.0,1528.0,98.0,15.0,713.0,2355.0,436.0,222.0,-474.0,234.0,-17.0,3.292436713775431,7.081845006988663,17.666666666666668,0.7533333333333333,6.611111111111111,2.7341825902335457,-252.0,474.0,4.0,12.0,0.0,904.0,222.0,0,0,0,68.5
454,DMART,Mar 2016,8584,7919,664.0,8.0,17,91,98,492,35.0,320,6.0,0.0,532.0,562.0,959.0,1192.0,389.0,3102.0,2094.0,82.0,29.0,897.0,3102.0,437.0,433.0,-633.0,196.0,-3.0,3.727865796831314,7.735321528424977,21.038790269559502,0.7836949375410914,7.483516483516484,2.7672469374597033,-200.0,633.0,6.0,15.21,0.0,1192.0,433.0,0,0,0,68.5
455,DMART,Mar 2017,11898,10929,969.0,8.0,28,122,128,747,36.0,479,8.0,0.0,533.0,624.0,3218.0,1497.0,480.0,5819.0,2578.0,153.0,26.0,3063.0,5819.0,438.0,455.0,-2482.0,2025.0,-1.0,4.025886703647672,8.144225920322743,12.467464862051015,0.3896408120770432,8.172131147540984,2.044681216703901,-2027.0,2482.0,8.0,38.42,0.0,1497.0,455.0,0,0,0,68.5
456,DMART,Mar 2018,15033,13680,1353.0,9.0,88,60,159,1222,34.0,806,13.0,0.0,534.0,624.0,4045.0,439.0,540.0,5648.0,3400.0,147.0,68.0,2033.0,5648.0,439.0,730.0,464.0,-1159.0,34.0,5.361537949843678,9.000199560965875,17.262797172842152,0.09402441636324695,24.016666666666666,2.6616501416430594,1194.0,464.0,13.0,46.69,0.0,439.0,730.0,0,0,0,68.5
457,DMART,Mar 2019,20005,18371,1633.0,8.0,48,47,212,1422,37.0,902,14.0,0.0,535.0,624.0,4963.0,700.0,718.0,7006.0,4400.0,377.0,17.0,2212.0,7006.0,440.0,807.0,-958.0,209.0,57.0,4.508872781804548,8.162959260184955,16.144621442634687,0.12529085376767496,35.765957446808514,2.8554096488723952,-151.0,958.0,14.0,55.87,0.0,700.0,807.0,0,0,0,68.5
458,DMART,Mar 2020,24870,22742,2128.0,9.0,60,69,374,1745,25.0,1301,20.0,0.0,536.0,648.0,10432.0,333.0,663.0,12076.0,5948.0,364.0,15.0,5749.0,12076.0,441.0,1280.0,-4657.0,3357.0,-19.0,5.231202251708886,8.556493767591476,11.74187725631769,0.030054151624548737,31.71014492753623,2.0594567737661476,-3377.0,4657.0,20.0,110.8,0.0,333.0,1280.0,0,0,0,68.5
459,DMART,Mar 2021,24143,22398,1745.0,7.0,194,42,414,1483,26.0,1099,17.0,0.0,537.0,648.0,11536.0,393.0,1079.0,13655.0,7009.0,1020.0,3.0,5624.0,13655.0,442.0,1375.0,-1110.0,-180.0,86.0,4.5520440707451435,7.227767883030278,9.020026263952726,0.032255416940249505,46.166666666666664,1.7680703039179788,265.0,1110.0,17.0,121.84,0.0,393.0,1375.0,0,0,0,68.5
460,DMART,Mar 2022,30976,28474,2502.0,8.0,114,54,498,2064,28.0,1492,23.0,0.0,538.0,648.0,13030.0,647.0,1146.0,15471.0,9260.0,1129.0,6.0,5076.0,15471.0,443.0,1372.0,-1289.0,-179.0,-96.0,4.8166322314049586,8.077221074380166,10.908027489399034,0.04730223716917678,48.44444444444444,2.0021976601383233,83.0,1289.0,23.0,136.78,0.0,647.0,1372.0,0,0,0,68.5
461,DMART,Mar 2023,42840,39201,3639.0,8.0,128,67,639,3060,22.0,2378,37.0,0.0,539.0,648.0,15430.0,643.0,1383.0,18105.0,11340.0,829.0,202.0,5733.0,18105.0,444.0,2630.0,-2313.0,-205.0,112.0,5.550887021475257,8.494397759103641,14.790396815524318,0.039992536385122526,56.223880597014926,2.3661971830985915,317.0,2313.0,37.0,160.78,0.0,643.0,2630.0,0,0,0,68.5
462,DMART,Mar 2024,50789,46683,4106.0,8.0,145,58,731,3461,27.0,2536,39.0,0.0,540.0,651.0,18047.0,592.0,1882.0,21172.0,13415.0,935.0,107.0,6716.0,21172.0,445.0,2746.0,-2468.0,-148.0,130.0,4.993207190533383,8.084427730414067,13.56294790886726,0.031661140228901485,73.29310344827586,2.398875873795579,278.0,2468.0,39.0,186.98,0.0,592.0,2746.0,35.09,53.69,45.41,68.5
464,DRREDDY,Mar 2013,11833,9164,2669.0,23.0,146,100,550,2165,29.0,1527,18.0,17.0,542.0,85.0,6284.0,3682.0,3329.0,13380.0,4051.0,565.0,197.0,8567.0,13380.0,446.0,1378.0,-1437.0,-157.0,-216.0,12.904588861658075,22.555564945491422,23.97550635892605,0.5781127335531481,28.15,0.8843796711509716,-59.0,1437.0,18.0,63.69,17.0,3682.0,1378.0,0,0,0,33.6
465,DRREDDY,Mar 2014,13415,10164,3251.0,24.0,170,127,648,2646,26.0,1963,23.0,16.0,543.0,85.0,7780.0,4477.0,3563.0,15906.0,4641.0,639.0,1067.0,9559.0,15906.0,447.0,1970.0,-1604.0,-24.0,342.0,14.632873648900485,24.23406634364517,24.958677685950413,0.5692307692307692,26.937007874015748,0.84339243052936,366.0,1604.0,23.0,78.65,16.0,4477.0,1970.0,0,0,0,33.6
466,DRREDDY,Mar 2015,15023,11515,3508.0,23.0,260,108,760,2900,19.0,2336,27.0,15.0,544.0,85.0,9768.0,4314.0,4290.0,18457.0,5377.0,529.0,2248.0,10303.0,18457.0,448.0,2524.0,-2370.0,-433.0,-280.0,15.549490780802769,23.35086201158224,23.708515173043743,0.4378361920227342,34.888888888888886,0.8139459283740587,154.0,2370.0,27.0,98.53,15.0,4314.0,2524.0,0,0,0,33.6
467,DRREDDY,Mar 2016,15568,11983,3585.0,23.0,295,83,939,2859,26.0,2131,25.0,16.0,545.0,85.0,12484.0,3352.0,4408.0,20330.0,6563.0,772.0,3833.0,9162.0,20330.0,449.0,3263.0,-1610.0,-1700.0,-47.0,13.688335046248715,23.028006166495373,16.95441164770467,0.2666878828864667,46.74698795180723,0.7657648794884407,1653.0,1610.0,25.0,125.69,16.0,3352.0,3263.0,0,0,0,33.6
468,DRREDDY,Mar 2017,14196,11724,2472.0,17.0,172,79,1027,1554,19.0,1292,16.0,26.0,546.0,83.0,12179.0,4918.0,4474.0,21654.0,6931.0,3324.0,2110.0,9290.0,21654.0,450.0,2144.0,-1890.0,-369.0,-114.0,9.101155255001409,17.413355874894336,10.536617191322787,0.4010764964932311,33.46835443037975,0.655583264062067,254.0,1890.0,16.0,122.62,26.0,4918.0,2144.0,0,0,0,33.6
469,DRREDDY,Mar 2018,14281,11930,2351.0,16.0,155,79,1077,1350,32.0,947,11.0,35.0,547.0,83.0,12489.0,5071.0,4706.0,22349.0,6968.0,3470.0,2298.0,9612.0,22349.0,451.0,1803.0,-1483.0,-444.0,-124.0,6.631188292136406,16.462432602758913,7.532612153993,0.40335666560610883,31.72151898734177,0.6389995078079556,320.0,1483.0,11.0,125.72,35.0,5071.0,1803.0,0,0,0,33.6
470,DRREDDY,Mar 2019,15448,12270,3178.0,21.0,381,89,1135,2336,17.0,1950,23.0,17.0,548.0,83.0,13941.0,3838.0,4557.0,22418.0,7191.0,2934.0,2587.0,9707.0,22418.0,452.0,2870.0,-769.0,-2133.0,-31.0,12.622993267736923,20.572242361470742,13.904734740444951,0.27367370222475756,39.98876404494382,0.6890891248104202,2101.0,769.0,23.0,140.24,17.0,3838.0,2870.0,0,0,0,33.6
471,DRREDDY,Mar 2020,17517,15040,2477.0,14.0,670,98,1163,1886,-7.0,2026,24.0,21.0,549.0,83.0,15516.0,2210.0,5414.0,23223.0,6850.0,1535.0,2678.0,12160.0,23223.0,453.0,2984.0,-495.0,-2516.0,-27.0,11.565907404235885,14.140549180795798,12.988012052054618,0.14167574844541317,32.11224489795919,0.7542953106833742,2489.0,495.0,24.0,155.99,21.0,2210.0,2984.0,0,0,0,33.6
472,DRREDDY,Mar 2021,19048,15173,3874.0,20.0,335,97,1229,2884,32.0,1952,23.0,21.0,550.0,83.0,17558.0,3031.0,5915.0,26588.0,8206.0,1565.0,2212.0,14605.0,26588.0,454.0,3570.0,-2255.0,-30.0,1286.0,10.247795044099119,20.338093238135237,11.06513236211099,0.17181565670880336,43.391752577319586,0.7164134195877839,1315.0,2255.0,23.0,176.41,21.0,3031.0,3570.0,0,0,0,33.6
473,DRREDDY,Mar 2022,21545,17778,3768.0,17.0,555,96,1165,3061,29.0,2182,26.0,23.0,551.0,83.0,19129.0,3384.0,7149.0,29746.0,8122.0,1293.0,2616.0,17715.0,29746.0,455.0,2811.0,-2565.0,-242.0,3.0,10.127639823624971,17.488976560686933,11.35748490526754,0.17613991255465333,45.03125,0.7242990654205608,246.0,2565.0,26.0,192.12,23.0,3384.0,2811.0,0,0,0,33.6
474,DRREDDY,Mar 2023,24670,18200,6470.0,26.0,971,143,1250,6048,25.0,4507,54.0,15.0,552.0,83.0,23203.0,1347.0,7576.0,32209.0,9219.0,1030.0,4986.0,16974.0,32209.0,456.0,5888.0,-4109.0,-2686.0,-907.0,18.269152817186868,26.22618565058776,19.35497723954307,0.05784591600103066,52.03496503496503,0.7659349871154025,1779.0,4109.0,54.0,232.86,15.0,1347.0,5888.0,0,0,0,33.6
475,DRREDDY,Mar 2024,28011,20078,7933.0,28.0,909,171,1470,7201,23.0,5578,67.0,12.0,553.0,83.0,28171.0,2002.0,8523.0,38780.0,10426.0,1419.0,4930.0,22004.0,38780.0,457.0,4543.0,-4034.0,-376.0,133.0,19.913605369319196,28.321016743422227,19.74233736816026,0.07085722375592836,51.707602339181285,0.7223053120165034,509.0,4034.0,67.0,282.54,12.0,2002.0,4543.0,3.83,-9.11,-9.38,33.6
477,EICHERMOT,Dec 2012,6390,5840,550.0,9.0,136,4,82,600,21.0,475,12.0,17.0,555.0,27.0,1728.0,23.0,2694.0,4471.0,992.0,504.0,638.0,2337.0,4471.0,458.0,496.0,-773.0,-111.0,-388.0,7.433489827856025,8.607198748043817,27.065527065527068,0.013105413105413105,171.5,1.4292104674569448,-277.0,773.0,12.0,17.55,17.0,23.0,496.0,0,0,0,70.19999999999999
478,EICHERMOT,Dec 2013,6810,6094,715.0,11.0,93,8,130,671,22.0,525,15.0,21.0,556.0,27.0,2028.0,84.0,3197.0,5337.0,1656.0,464.0,825.0,2391.0,5337.0,459.0,716.0,-790.0,-47.0,-121.0,7.709251101321586,10.499265785609397,25.547445255474454,0.040875912408759124,101.0,1.2759977515458123,-74.0,790.0,15.0,20.55,21.0,84.0,716.0,0,0,0,70.19999999999999
479,EICHERMOT,Dec 2014,8738,7621,1118.0,13.0,105,10,220,993,29.0,702,23.0,22.0,557.0,27.0,2489.0,58.0,3829.0,6403.0,2309.0,419.0,1078.0,2597.0,6403.0,460.0,1047.0,-1214.0,-162.0,-329.0,8.033875028610666,12.794689860379949,27.90143084260731,0.023052464228934817,122.3,1.3646728096204903,-167.0,1214.0,23.0,25.16,22.0,58.0,1047.0,0,0,0,70.19999999999999
480,EICHERMOT,Mar 2016,6173,4484,1690.0,27.0,326,2,137,1877,29.0,1338,49.0,20.0,558.0,27.0,3626.0,23.0,1263.0,4939.0,790.0,94.0,3388.0,667.0,4939.0,461.0,1463.0,-1001.0,-466.0,-4.0,21.675036449052325,27.37728819050705,36.627429509991785,0.006296194908294552,1008.0,1.2498481473982588,462.0,1001.0,49.0,36.53,20.0,23.0,1463.0,0,0,0,70.19999999999999
481,EICHERMOT,Mar 2017,7033,4859,2174.0,31.0,416,4,154,2433,30.0,1667,61.0,16.0,559.0,27.0,5318.0,112.0,1552.0,7009.0,873.0,374.0,4987.0,775.0,7009.0,462.0,1708.0,-1744.0,25.0,-10.0,23.702545144319636,30.911417602729983,31.18802619270346,0.02095416276894294,647.5,1.003424168925667,-36.0,1744.0,61.0,53.45,16.0,112.0,1708.0,0,0,0,70.19999999999999
482,EICHERMOT,Mar 2018,8965,6156,2809.0,31.0,536,5,223,3116,30.0,1960,72.0,15.0,560.0,27.0,7003.0,151.0,2341.0,9522.0,1502.0,333.0,5581.0,2106.0,9522.0,463.0,2482.0,-2145.0,-262.0,75.0,21.862799776910204,31.3329615170106,27.880512091038405,0.021479374110953058,669.0,0.9415038857382902,337.0,2145.0,72.0,70.3,15.0,151.0,2482.0,0,0,0,70.19999999999999
483,EICHERMOT,Mar 2019,9797,6893,2904.0,30.0,701,7,300,3297,33.0,2203,81.0,15.0,561.0,27.0,8891.0,187.0,2281.0,11387.0,1875.0,450.0,4923.0,4140.0,11387.0,464.0,1575.0,-660.0,-292.0,623.0,22.486475451668877,29.641727059303868,24.702848172235928,0.020968827091276072,515.0,0.8603670852726794,915.0,660.0,81.0,89.18,15.0,187.0,1575.0,0,0,0,70.19999999999999
484,EICHERMOT,Mar 2020,9154,6971,2183.0,24.0,572,19,382,2355,22.0,1827,67.0,19.0,562.0,27.0,9954.0,249.0,2220.0,12450.0,2378.0,312.0,5749.0,4011.0,12450.0,465.0,1694.0,-1508.0,-858.0,-673.0,19.958488092637097,23.847498361372075,18.30477908025248,0.024947400060114217,145.0,0.7352610441767068,186.0,1508.0,67.0,99.81,19.0,249.0,1694.0,0,0,0,70.19999999999999
485,EICHERMOT,Mar 2021,8720,6937,1783.0,20.0,482,16,451,2203,25.0,1347,49.0,34.0,563.0,27.0,11411.0,219.0,2901.0,14559.0,2433.0,314.0,3902.0,7909.0,14559.0,466.0,1691.0,-1625.0,-15.0,51.0,15.447247706422019,20.44724770642202,11.776534359153699,0.01914670396922539,141.5625,0.5989422350436157,66.0,1625.0,49.0,114.38,34.0,219.0,1691.0,0,0,0,70.19999999999999
486,EICHERMOT,Mar 2022,10298,8120,2178.0,21.0,496,19,452,2203,24.0,1677,61.0,34.0,564.0,27.0,12581.0,108.0,3424.0,16140.0,2424.0,505.0,7721.0,5490.0,16140.0,467.0,1527.0,-983.0,-593.0,-50.0,16.284715478733737,21.149737813167604,13.301078680203046,0.008565989847715736,140.73684210526315,0.6380421313506816,544.0,983.0,61.0,126.08,34.0,108.0,1527.0,0,0,0,70.19999999999999
487,EICHERMOT,Mar 2023,14442,10996,3446.0,24.0,908,28,526,3800,23.0,2914,107.0,35.0,565.0,27.0,14963.0,288.0,3919.0,19198.0,2690.0,472.0,12321.0,3715.0,19198.0,468.0,2823.0,-2397.0,-417.0,8.0,20.177260767206757,23.8609610857222,19.43962641761174,0.019212808539026016,155.5,0.7522658610271903,426.0,2397.0,107.0,149.9,35.0,288.0,2823.0,0,0,0,70.19999999999999
488,EICHERMOT,Mar 2024,16536,12206,4329.0,26.0,1521,51,598,5202,23.0,4001,146.0,35.0,566.0,27.0,18018.0,419.0,4650.0,23115.0,2914.0,555.0,13527.0,6119.0,23115.0,469.0,3724.0,-2834.0,-844.0,45.0,24.195694242864054,26.179245283018872,22.172346910501524,0.023219728456636186,114.70588235294117,0.7153796236210254,890.0,2834.0,146.0,180.45,35.0,419.0,3724.0,7.01,32.77,43.1,70.19999999999999
490,GAIL,Mar 2013,50974,43547,7427.0,15.0,887,437,1319,6558,34.0,4367,6.0,28.0,568.0,1268.0,27526.0,16472.0,14542.0,59809.0,24303.0,18376.0,1254.0,15876.0,59809.0,470.0,6603.0,-8626.0,3642.0,1618.0,8.567112645662494,14.570173029387531,15.166354101548935,0.5720636243661874,19.02517162471396,0.8522797572271732,-2023.0,8626.0,6.0,287.94,28.0,16472.0,6603.0,0,0,0,29.4
491,GAIL,Mar 2014,61765,53777,7988.0,13.0,1247,669,1644,6922,32.0,4786,7.0,28.0,569.0,1268.0,31188.0,18537.0,15872.0,66865.0,27779.0,18490.0,1282.0,19314.0,66865.0,471.0,4615.0,-4466.0,-3.0,146.0,7.7487250060714,12.932890795758114,14.746117821050037,0.5711424698052748,13.804185351270553,0.9237269124355044,149.0,4466.0,7.0,324.56,28.0,18537.0,4615.0,0,0,0,29.4
492,GAIL,Mar 2015,60557,54926,5631.0,9.0,945,652,1433,4492,32.0,3160,5.0,24.0,570.0,1268.0,32754.0,18291.0,17355.0,69669.0,33976.0,13806.0,1272.0,20615.0,69669.0,472.0,4214.0,-2809.0,-3058.0,-1653.0,5.21822415245141,9.298677279257559,9.288107695020868,0.5376227147140086,10.085889570552148,0.8692101221490189,1405.0,2809.0,5.0,340.22,24.0,18291.0,4214.0,0,0,0,29.4
493,GAIL,Mar 2016,52053,47517,4536.0,9.0,731,822,1496,2949,37.0,1874,3.0,37.0,571.0,1268.0,35135.0,9052.0,13608.0,59063.0,29946.0,3688.0,9844.0,15584.0,59063.0,473.0,3960.0,-904.0,-3028.0,29.0,3.6001767429350853,8.71419514725376,5.147927368623465,0.24866082465730846,6.407542579075426,0.8813131740683676,3056.0,904.0,3.0,364.03,37.0,9052.0,3960.0,0,0,0,29.4
494,GAIL,Mar 2017,48552,42531,6021.0,12.0,1212,509,1541,5183,35.0,3374,5.0,56.0,572.0,1691.0,37614.0,6553.0,12433.0,58291.0,30092.0,4126.0,10125.0,13948.0,58291.0,474.0,6024.0,-334.0,-5275.0,415.0,6.949250288350635,12.40113692535838,8.584149599287622,0.16672179112072255,14.210216110019646,0.8329244651833044,5690.0,334.0,5.0,393.05,56.0,6553.0,6024.0,0,0,0,29.4
495,GAIL,Mar 2018,54496,46695,7802.0,14.0,948,295,1527,6928,31.0,4805,7.0,43.0,573.0,2255.0,39424.0,3876.0,15798.0,61353.0,30480.0,5938.0,10452.0,14482.0,61353.0,475.0,8769.0,-2660.0,-5252.0,858.0,8.817160892542573,14.31664709336465,11.528587538088725,0.09299647304397898,29.661016949152543,0.8882369240297948,6109.0,2660.0,7.0,416.79,43.0,3876.0,8769.0,0,0,0,29.4
496,GAIL,Mar 2019,76190,66252,9938.0,13.0,1719,159,1667,9831,33.0,6553,10.0,25.0,574.0,2255.0,43749.0,2224.0,20199.0,68426.0,32700.0,9738.0,10722.0,15267.0,68426.0,476.0,7984.0,-5701.0,-3364.0,-1081.0,8.600866255414097,13.04370652316577,14.244413529258326,0.04834362229371359,73.31446540880503,1.1134656417151376,2283.0,5701.0,10.0,460.04,25.0,2224.0,7984.0,0,0,0,29.4
497,GAIL,Mar 2020,72518,63495,9022.0,12.0,3796,309,2080,10429,9.0,9515,14.0,31.0,575.0,4510.0,44758.0,6912.0,18754.0,74934.0,38230.0,11666.0,9893.0,15145.0,74934.0,477.0,8345.0,-8299.0,281.0,328.0,13.120880333158663,12.44104911883946,19.31273849151579,0.14029390273605585,41.48220064724919,0.9677582939653562,46.0,8299.0,14.0,492.68,31.0,6912.0,8345.0,0,0,0,29.4
498,GAIL,Mar 2021,57372,50127,7245.0,13.0,2833,179,2174,7725,20.0,6143,9.0,36.0,576.0,4440.0,48742.0,7873.0,19975.0,81030.0,41160.0,13400.0,13058.0,13413.0,81030.0,478.0,8993.0,-4640.0,-3471.0,882.0,10.70731367217458,12.628111273792095,11.550900680681433,0.14803881012372608,56.30167597765363,0.7080340614587189,4353.0,4640.0,9.0,531.82,36.0,7873.0,8993.0,0,0,0,29.4
499,GAIL,Mar 2022,92770,77608,15161.0,16.0,2925,202,2420,15464,20.0,12304,18.0,36.0,577.0,4440.0,59674.0,9216.0,23254.0,96584.0,44572.0,15490.0,16408.0,20114.0,96584.0,479.0,9420.0,-5490.0,-3917.0,13.0,13.262908267758974,16.342567640400993,19.19081635836167,0.14374395607823565,89.53465346534654,0.9605110577321295,3930.0,5490.0,18.0,641.14,36.0,9216.0,9420.0,0,0,0,29.4
500,GAIL,Mar 2023,145668,138168,7500.0,5.0,2822,365,2702,7256,23.0,5596,9.0,59.0,578.0,6575.0,58352.0,17816.0,25062.0,107805.0,49697.0,16646.0,17248.0,24214.0,107805.0,480.0,3205.0,-7453.0,2972.0,-1276.0,3.841612433753467,5.14869429112777,8.61891046868021,0.274400480539683,28.279452054794522,1.3512174759983304,-4248.0,7453.0,9.0,649.27,59.0,17816.0,3205.0,0,0,0,29.4
501,GAIL,Mar 2024,133228,118914,14314.0,11.0,2672,719,3672,12595,21.0,9903,15.0,37.0,579.0,6575.0,70422.0,21794.0,25944.0,124735.0,55188.0,23627.0,21910.0,24010.0,124735.0,481.0,12586.0,-8226.0,-3457.0,902.0,7.433122166511544,10.743987750322754,12.861540060002339,0.28304998896060884,23.624478442280946,1.0680883472962681,4360.0,8226.0,15.0,769.97,37.0,21794.0,12586.0,1.35,1.93,3.13,29.4
503,GODREJCP,Mar 2013,6412,5417,995.0,16.0,194,87,77,1025,17.0,845,8.0,22.0,581.0,34.0,3279.0,2456.0,1926.0,7695.0,4496.0,141.0,121.0,2937.0,7695.0,482.0,820.0,-865.0,282.0,237.0,13.178415470991892,15.517779164067374,25.505584062782976,0.7413220645940235,13.666666666666666,0.8332683560753736,-45.0,865.0,8.0,33.13,22.0,2456.0,820.0,0,0,0,45.49999999999999
504,GODREJCP,Mar 2014,7599,6430,1169.0,15.0,62,120,82,1030,20.0,819,7.0,24.0,582.0,34.0,3741.0,2373.0,2171.0,8320.0,5121.0,167.0,136.0,2895.0,8320.0,483.0,1116.0,-494.0,-620.0,1.0,10.777733912356888,15.383603105671797,21.695364238410598,0.6286092715231788,10.258333333333333,0.9133413461538461,622.0,494.0,7.0,37.75,24.0,2373.0,1116.0,0,0,0,45.49999999999999
505,GODREJCP,Mar 2015,8273,6894,1379.0,17.0,73,112,91,1249,22.0,976,9.0,21.0,583.0,34.0,4277.0,2717.0,2097.0,9125.0,5551.0,225.0,186.0,3164.0,9125.0,484.0,1027.0,-1236.0,-12.0,-221.0,11.797413272089932,16.66868125226641,22.639758756668986,0.6302482022732545,12.964285714285714,0.9066301369863013,-209.0,1236.0,9.0,43.11,21.0,2717.0,1027.0,0,0,0,45.49999999999999
506,GODREJCP,Mar 2016,8424,6766,1657.0,20.0,-262,128,101,1167,29.0,831,8.0,24.0,584.0,34.0,4233.0,2891.0,2521.0,9679.0,5931.0,44.0,190.0,3514.0,9679.0,485.0,847.0,-622.0,-202.0,23.0,9.864672364672366,19.669990503323838,19.475041012420906,0.67752519334427,10.8984375,0.8703378448186796,225.0,622.0,8.0,42.67,24.0,2891.0,847.0,0,0,0,45.49999999999999
507,GODREJCP,Mar 2017,9268,7361,1907.0,21.0,76,154,142,1687,22.0,1308,13.0,39.0,585.0,34.0,5268.0,4001.0,3637.0,12940.0,8083.0,97.0,934.0,3826.0,12940.0,486.0,1860.0,-2243.0,665.0,282.0,14.113077255071213,20.576176089771256,24.669935873255376,0.7546208977744248,12.876623376623376,0.7162287480680062,-383.0,2243.0,13.0,53.02,39.0,4001.0,1860.0,0,0,0,45.49999999999999
508,GODREJCP,Mar 2018,9847,7763,2084.0,21.0,283,173,156,2039,20.0,1634,16.0,42.0,586.0,68.0,6190.0,3508.0,4098.0,13864.0,8315.0,84.0,997.0,4468.0,13864.0,487.0,1723.0,-336.0,-1384.0,3.0,16.593886462882097,21.163806235401644,26.110578459571748,0.5605624800255673,13.68208092485549,0.7102567801500288,1387.0,336.0,16.0,62.58,42.0,3508.0,1723.0,0,0,0,45.49999999999999
509,GODREJCP,Mar 2019,10314,8183,2132.0,21.0,362,238,170,2085,-12.0,2342,23.0,44.0,587.0,102.0,7165.0,3382.0,3445.0,14094.0,8670.0,52.0,516.0,4855.0,14094.0,488.0,1729.0,274.0,-2039.0,-36.0,22.70700019391119,20.67093271281753,32.22787945507087,0.4653914958029448,10.478991596638656,0.7318007662835249,2003.0,274.0,23.0,72.67,44.0,3382.0,1729.0,0,0,0,45.49999999999999
510,GODREJCP,Mar 2020,9911,7757,2154.0,22.0,32,228,197,1760,15.0,1497,15.0,55.0,588.0,102.0,7796.0,3575.0,3407.0,14880.0,9231.0,57.0,672.0,4920.0,14880.0,489.0,1588.0,-552.0,-1295.0,-259.0,15.104429421854505,21.733427504792655,18.95416561154723,0.45264623955431754,9.587719298245615,0.6660618279569892,1036.0,552.0,15.0,78.98,55.0,3575.0,1588.0,0,0,0,45.49999999999999
511,GODREJCP,Mar 2021,11029,8629,2399.0,22.0,23,138,204,2080,17.0,1721,17.0,0.0,589.0,102.0,9337.0,1864.0,2941.0,14244.0,8905.0,57.0,679.0,4602.0,14244.0,490.0,2030.0,-292.0,-1816.0,-79.0,15.604315894460061,21.751745398494876,18.23286365081047,0.1974785464561924,17.55072463768116,0.7742909295141814,1738.0,292.0,17.0,94.39,0.0,1864.0,2030.0,0,0,0,45.49999999999999
512,GODREJCP,Mar 2022,12276,9867,2409.0,20.0,78,122,210,2155,17.0,1783,17.0,0.0,590.0,102.0,11454.0,1704.0,2822.0,16082.0,9219.0,116.0,1015.0,5731.0,16082.0,491.0,1451.0,-844.0,-380.0,227.0,14.524275008145976,19.623655913978492,15.429214260989962,0.1474558670820353,20.385245901639344,0.7633378932968536,607.0,844.0,17.0,115.56,0.0,1704.0,1451.0,0,0,0,45.49999999999999
513,GODREJCP,Mar 2023,13316,10873,2443.0,18.0,114,188,236,2133,20.0,1702,17.0,0.0,591.0,102.0,13692.0,1130.0,2513.0,17437.0,9934.0,45.0,3029.0,4429.0,17437.0,492.0,2151.0,-1754.0,-794.0,-398.0,12.781616100931211,18.34635025533193,12.338697984630999,0.08191967522111063,13.601063829787234,0.7636634742214831,397.0,1754.0,17.0,137.94,0.0,1130.0,2151.0,0,0,0,45.49999999999999
514,GODREJCP,Mar 2024,14096,11139,2957.0,21.0,-2209,310,241,198,99.0,-561,-5.0,0.0,592.0,102.0,12496.0,3222.0,2571.0,18392.0,10440.0,83.0,3504.0,4365.0,18392.0,493.0,2070.0,-3435.0,1406.0,41.0,-3.9798524404086266,20.977582292849036,-4.45308779171297,0.2557548817272583,2.412903225806452,0.7664201826881253,-1365.0,3435.0,-5.0,125.98,0.0,3222.0,2070.0,8.96,14.1,14.87,45.49999999999999
516,GRASIM,Mar 2013,27909,21986,5924.0,21.0,824,324,1252,5171,28.0,3778,57.0,8.0,594.0,92.0,19565.0,9550.0,14916.0,44123.0,20561.0,6084.0,8011.0,9467.0,44123.0,494.0,4242.0,-5687.0,1348.0,-97.0,13.536851911569745,21.226127772403167,19.219616421630974,0.48583201912804597,20.82716049382716,0.6325272533599257,-1445.0,5687.0,57.0,196.57,8.0,9550.0,4242.0,0,0,0,34.4
517,GRASIM,Mar 2014,28331,23416,4915.0,17.0,576,447,1457,3586,20.0,2954,44.0,9.0,595.0,92.0,21523.0,9681.0,16441.0,47736.0,25209.0,4045.0,7611.0,10872.0,47736.0,495.0,3549.0,-2336.0,-1046.0,168.0,10.42674102573153,17.348487522501856,13.66643534582466,0.44788341429562806,12.284116331096197,0.5934933802580862,1213.0,2336.0,44.0,216.15,9.0,9681.0,3549.0,0,0,0,34.4
518,GRASIM,Mar 2015,31734,26590,5144.0,16.0,530,667,1563,3443,30.0,2582,37.0,9.0,596.0,92.0,23048.0,11930.0,18963.0,54033.0,31828.0,2755.0,7255.0,12194.0,54033.0,496.0,4594.0,-2359.0,-2278.0,-42.0,8.136383689418288,16.209743492783765,11.158167675021607,0.5155574762316335,8.506746626686656,0.5873077563711065,2235.0,2359.0,37.0,231.4,9.0,11930.0,4594.0,0,0,0,34.4
519,GRASIM,Mar 2016,34487,28576,5911.0,17.0,1320,718,1834,4679,26.0,3455,51.0,9.0,597.0,93.0,27336.0,12505.0,19642.0,59576.0,34271.0,1788.0,10601.0,12916.0,59576.0,497.0,5868.0,-4515.0,-1365.0,-11.0,10.018267753066374,17.13979180560791,12.596157351708046,0.45590433482810166,10.071030640668523,0.5788740432388881,1353.0,4515.0,51.0,274.29,9.0,12505.0,5868.0,0,0,0,34.4
520,GRASIM,Mar 2017,36068,28682,7387.0,20.0,1076,702,1808,5952,29.0,4246,66.0,8.0,598.0,93.0,31294.0,9213.0,22147.0,62747.0,34786.0,1297.0,14200.0,12464.0,62747.0,498.0,7288.0,-3509.0,-3799.0,-20.0,11.772208051458357,20.480758567150936,13.527893713958008,0.29352916812693153,12.055555555555555,0.5748163258801218,3779.0,3509.0,66.0,313.87,8.0,9213.0,7288.0,0,0,0,34.4
521,GRASIM,Mar 2018,55894,44281,11612.0,21.0,410,3663,2724,5635,35.0,3688,39.0,15.0,599.0,131.0,57230.0,67070.0,83467.0,207899.0,69257.0,2290.0,65995.0,70356.0,207899.0,499.0,-4140.0,1546.0,3449.0,856.0,6.598203742798869,20.775038465667155,6.429455553424801,1.1692613448161644,3.282009282009282,0.26885170202838876,-2594.0,1546.0,39.0,573.61,15.0,67070.0,-4140.0,0,0,0,34.4
522,GRASIM,Mar 2019,77200,60560,16640.0,22.0,-1846,6060,3571,5163,47.0,2745,25.0,27.0,600.0,132.0,57888.0,84487.0,98620.0,241127.0,87129.0,2766.0,62747.0,88484.0,241127.0,500.0,-1659.0,-2212.0,4158.0,287.0,3.5556994818652847,21.554404145077722,4.731127197518097,1.4561702861082386,2.441254125412541,0.3201632334827705,-3871.0,2212.0,25.0,580.2,27.0,84487.0,-1659.0,0,0,0,34.4
523,GRASIM,Mar 2020,68252,57880,10373.0,15.0,7076,6890,4004,6554,-1.0,6639,65.0,6.0,601.0,132.0,56501.0,84777.0,102772.0,244181.0,87736.0,3904.0,66337.0,86204.0,244181.0,501.0,16620.0,-11364.0,-3418.0,1838.0,9.727187481685519,15.19808943327668,11.722847103279006,1.4969540727137889,2.532510885341074,0.27951396709817716,5256.0,11364.0,65.0,566.33,6.0,84777.0,16620.0,0,0,0,34.4
524,GRASIM,Mar 2021,76404,57769,18635.0,24.0,1130,5723,4033,10009,30.0,6987,63.0,14.0,602.0,132.0,65362.0,79078.0,122777.0,267349.0,85023.0,5769.0,88017.0,88540.0,267349.0,502.0,15075.0,-7146.0,-8003.0,-75.0,9.144809172294645,24.39008428878069,10.668152807890799,1.2074083122118056,3.4536082474226806,0.28578375082756996,7929.0,7146.0,63.0,654.94,14.0,79078.0,15075.0,0,0,0,34.4
525,GRASIM,Mar 2022,95701,75270,20431.0,21.0,1648,4776,4161,13143,15.0,11206,111.0,9.0,603.0,132.0,75567.0,74744.0,138706.0,289149.0,88996.0,6615.0,96766.0,96771.0,289149.0,503.0,7038.0,-1053.0,-6733.0,-748.0,11.709386526786554,21.34878423422953,14.803365962562253,0.9873842454986196,4.622906197654942,0.3309746877907238,5985.0,1053.0,111.0,756.99,9.0,74744.0,7038.0,0,0,0,34.4
526,GRASIM,Mar 2023,117627,96038,21589.0,18.0,3733,6044,4552,14727,25.0,11078,100.0,10.0,604.0,132.0,78610.0,103039.0,155042.0,336823.0,94896.0,7778.0,105355.0,128793.0,336823.0,504.0,-12685.0,-13712.0,26469.0,72.0,9.417905752930874,18.353779319373952,14.068730791699474,1.3085646795864976,4.1896095301125085,0.34922496385341856,-26397.0,13712.0,100.0,787.42,10.0,103039.0,-12685.0,0,0,0,34.4
527,GRASIM,Mar 2024,130978,103783,27195.0,21.0,783,9277,5001,13700,28.0,9926,85.0,12.0,605.0,133.0,88520.0,137155.0,186309.0,412116.0,100494.0,18358.0,129306.0,163959.0,412116.0,505.0,-10719.0,-23114.0,33908.0,75.0,7.578371940325857,20.763028905617738,11.196462612658342,1.5470993649397087,3.015845639754231,0.3178182841724175,-33833.0,23114.0,85.0,886.53,12.0,137155.0,-10719.0,14.9,-0.48,-7.31,34.4
529,HAL,Mar 2013,14328,13560,768.0,5.0,3335,5,601,3497,14.0,2997,124.0,28.0,0.0,0.0,0.0,0.0,0.0,0.0,0.0,0.0,0.0,0.0,0.0,0.0,0.0,0.0,0.0,0.0,20.917085427135678,5.360134003350084,0.0,0.0,820.6,0,0.0,0.0,124.0,0.0,28.0,0.0,0.0,0,0,0,41.8
530,HAL,Mar 2014,15135,13565,1570.0,10.0,2618,8,603,3578,25.0,2693,28.0,33.0,0.0,0.0,0.0,0.0,0.0,0.0,0.0,0.0,0.0,0.0,0.0,0.0,0.0,0.0,0.0,0.0,17.793194582094483,10.373306904525933,0.0,0.0,523.5,0,0.0,0.0,28.0,0.0,33.0,0.0,0.0,0,0,0,41.8
531,HAL,Mar 2015,15730,13379,2351.0,15.0,1642,15,806,3173,25.0,2388,25.0,20.0,0.0,0.0,0.0,0.0,0.0,0.0,0.0,0.0,0.0,0.0,0.0,0.0,0.0,0.0,0.0,0.0,15.181182453909727,14.945963127781308,0.0,0.0,266.2,0,0.0,0.0,25.0,0.0,20.0,0.0,0.0,0,0,0,41.8
532,HAL,Mar 2016,16758,14281,2478.0,15.0,1598,6,863,3207,38.0,1998,28.0,31.0,607.0,5.0,115.0,18.0,38.0,176.0,84.0,21.0,0.0,71.0,176.0,0.0,0.0,0.0,0.0,0.0,11.92266380236305,14.786967418546364,200.0,0.15,679.3333333333334,95.2159090909091,0.0,0.0,28.0,1.2,31.0,18.0,0.0,0,0,0,41.8
533,HAL,Mar 2017,17950,14714,3236.0,18.0,1044,16,681,3583,27.0,2616,36.0,31.0,608.0,5.0,128.0,2.0,34.0,170.0,75.0,1.0,22.0,72.0,170.0,506.0,-423.0,3021.0,-164.0,2433.0,14.573816155988858,18.027855153203344,200.0,0.015037593984962405,267.5,105.58823529411765,2598.0,3021.0,36.0,1.33,31.0,2.0,-423.0,0,0,0,41.8
534,HAL,Mar 2018,18519,15059,3460.0,19.0,761,35,947,3240,39.0,1987,30.0,54.0,609.0,5.0,125.0,3.0,33.0,166.0,66.0,1.0,24.0,74.0,166.0,507.0,-734.0,594.0,-2540.0,-2680.0,10.729521032453155,18.683514228630056,200.0,0.023076923076923078,120.6,111.56024096385542,-140.0,594.0,30.0,1.3,54.0,3.0,-734.0,0,0,0,41.8
535,HAL,Mar 2019,20008,15440,4569.0,23.0,376,177,1024,3742,37.0,2346,35.0,28.0,610.0,5.0,128.0,8.0,33.0,175.0,59.0,0.0,22.0,93.0,175.0,508.0,-7694.0,5292.0,2321.0,-80.0,11.72530987604958,22.835865653738505,200.0,0.06015037593984962,27.937853107344633,114.33142857142857,-2402.0,5292.0,35.0,1.33,28.0,8.0,-7694.0,0,0,0,41.8
536,HAL,Mar 2020,21445,16565,4880.0,23.0,415,359,998,3938,28.0,2842,42.0,39.0,611.0,5.0,133.0,2.0,33.0,173.0,50.0,0.0,18.0,104.0,173.0,509.0,1537.0,-1334.0,64.0,266.0,13.252506411750991,22.75588715318256,200.0,0.014492753623188406,14.749303621169917,123.95953757225433,203.0,1334.0,42.0,1.38,39.0,2.0,1537.0,0,0,0,41.8
537,HAL,Mar 2021,22882,17541,5341.0,23.0,360,267,1157,4277,24.0,3239,48.0,31.0,612.0,5.0,139.0,6.0,36.0,186.0,45.0,0.0,17.0,124.0,186.0,510.0,15124.0,-1190.0,-7070.0,6864.0,14.155231186085132,23.341491128397866,200.0,0.041666666666666664,21.352059925093634,123.02150537634408,13934.0,1190.0,48.0,1.44,31.0,6.0,15124.0,0,0,0,41.8
538,HAL,Mar 2022,24620,19200,5420.0,22.0,986,65,1110,5231,3.0,5086,76.0,26.0,613.0,5.0,148.0,12.0,36.0,202.0,45.0,1.0,29.0,127.0,202.0,511.0,10180.0,-12789.0,-1464.0,-4072.0,20.65800162469537,22.014622258326565,200.0,0.0784313725490196,98.55384615384615,121.88118811881188,-2609.0,12789.0,76.0,1.53,26.0,12.0,10180.0,0,0,0,41.8
539,HAL,Mar 2023,26928,20258,6669.0,25.0,1672,64,1784,6493,10.0,5811,87.0,32.0,614.0,5.0,172.0,47.0,47.0,271.0,57.0,23.0,35.0,156.0,271.0,512.0,8836.0,-5734.0,-1731.0,1370.0,21.57976827094474,24.766042780748663,200.0,0.2655367231638418,130.328125,99.36531365313652,3102.0,5734.0,87.0,1.77,32.0,47.0,8836.0,0,0,0,41.8
540,HAL,Mar 2024,30381,20631,9749.0,32.0,1899,43,1406,10199,26.0,7595,114.0,31.0,615.0,5.0,194.0,123.0,127.0,450.0,240.0,9.0,43.0,158.0,450.0,513.0,8226.0,-6412.0,-1999.0,-185.0,24.999177117277245,32.08913465652875,200.0,0.6180904522613065,270.8837209302326,67.51333333333334,1814.0,6412.0,114.0,1.99,31.0,123.0,8226.0,5.27,-7.89,-24.71,41.8
542,HAVELLS,Mar 2013,7135,6461,674.0,9.0,222,123,110,664,12.0,581,9.0,16.0,643.0,62.0,1380.0,982.0,2034.0,4458.0,1500.0,25.0,0.0,2933.0,4458.0,514.0,638.0,-144.0,-252.0,242.0,8.142957252978276,9.446391030133146,40.29126213592233,0.680998613037448,7.284552845528455,1.6004934948407357,494.0,144.0,9.0,14.42,16.0,982.0,638.0,0,0,0,34.599999999999994
543,HAVELLS,Mar 2014,8051,7274,777.0,10.0,35,102,116,594,25.0,446,7.0,42.0,644.0,62.0,1604.0,1054.0,2613.0,5332.0,1600.0,44.0,0.0,3688.0,5332.0,515.0,868.0,-376.0,-310.0,183.0,5.539684511240839,9.650975034157247,26.770708283313326,0.6326530612244898,7.96078431372549,1.5099399849962492,492.0,376.0,7.0,16.66,42.0,1054.0,868.0,0,0,0,34.599999999999994
544,HAVELLS,Mar 2015,8468,7713,755.0,9.0,48,96,139,569,32.0,385,6.0,49.0,645.0,62.0,1756.0,424.0,2546.0,4788.0,1541.0,38.0,0.0,3209.0,4788.0,516.0,963.0,-485.0,-754.0,-277.0,4.546528105810109,8.915918752952292,21.177117711771174,0.23322332233223322,8.364583333333334,1.7685881370091896,478.0,485.0,6.0,18.18,49.0,424.0,963.0,0,0,0,34.599999999999994
545,HAVELLS,Mar 2016,7594,6798,796.0,10.0,949,91,134,1520,14.0,1300,21.0,29.0,646.0,62.0,2965.0,134.0,1225.0,4387.0,1224.0,20.0,189.0,2954.0,4387.0,517.0,513.0,-121.0,-621.0,-229.0,17.118777982617857,10.481959441664472,42.94681202510737,0.04426825239511067,19.175824175824175,1.7310234784590837,392.0,121.0,21.0,30.27,29.0,134.0,513.0,0,0,0,34.599999999999994
546,HAVELLS,Mar 2017,6130,5315,815.0,13.0,42,13,121,723,32.0,494,8.0,44.0,647.0,62.0,3214.0,208.0,1683.0,5168.0,1300.0,12.0,162.0,3694.0,5168.0,518.0,767.0,-220.0,-98.0,450.0,8.05872756933116,13.295269168026099,15.079365079365079,0.06349206349206349,65.92307692307692,1.1861455108359134,547.0,220.0,8.0,32.76,44.0,208.0,767.0,0,0,0,34.599999999999994
547,HAVELLS,Mar 2018,8116,7083,1033.0,13.0,97,25,140,965,31.0,661,11.0,4.0,648.0,63.0,3667.0,115.0,2763.0,6608.0,2819.0,24.0,0.0,3765.0,6608.0,519.0,1100.0,-946.0,-409.0,-255.0,8.144406111384919,12.727944800394283,17.721179624664877,0.030831099195710455,45.2,1.2282082324455206,154.0,946.0,11.0,37.3,4.0,115.0,1100.0,0,0,0,34.599999999999994
548,HAVELLS,Mar 2019,10073,8885,1189.0,12.0,124,16,149,1147,31.0,788,13.0,36.0,649.0,63.0,4135.0,94.0,2856.0,7148.0,2904.0,233.0,0.0,4012.0,7148.0,520.0,501.0,185.0,-318.0,368.0,7.822892881961679,11.803832026208678,18.770843258694615,0.022391615054787994,82.0625,1.409205372132065,686.0,185.0,13.0,41.98,36.0,94.0,501.0,0,0,0,34.599999999999994
549,HAVELLS,Mar 2020,9440,8374,1067.0,11.0,107,51,218,904,19.0,735,12.0,34.0,650.0,63.0,4249.0,72.0,2690.0,7073.0,3350.0,86.0,0.0,3638.0,7073.0,521.0,827.0,-548.0,-716.0,-437.0,7.786016949152542,11.302966101694915,17.045454545454543,0.016697588126159554,23.019607843137255,1.3346529054149583,279.0,548.0,12.0,43.12,34.0,72.0,827.0,0,0,0,34.599999999999994
550,HAVELLS,Mar 2021,10457,8868,1589.0,15.0,187,90,249,1438,27.0,1044,17.0,39.0,651.0,63.0,5114.0,521.0,3155.0,8852.0,3290.0,90.0,306.0,5166.0,8852.0,522.0,660.0,-763.0,190.0,87.0,9.983742947308023,15.195562780912308,20.166119374154917,0.10063743480780375,19.733333333333334,1.1813149570718482,-103.0,763.0,17.0,51.77,39.0,521.0,660.0,0,0,0,34.599999999999994
551,HAVELLS,Mar 2022,13938,12163,1775.0,13.0,159,67,261,1607,26.0,1196,19.0,39.0,652.0,63.0,5940.0,616.0,3904.0,10523.0,3434.0,57.0,426.0,6606.0,10523.0,523.0,1728.0,-759.0,-547.0,421.0,8.58085808580858,12.73496914908882,19.923371647509576,0.10261535898717308,28.865671641791046,1.324527226076214,969.0,759.0,19.0,60.03,39.0,616.0,1728.0,0,0,0,34.599999999999994
552,HAVELLS,Mar 2023,16911,15290,1621.0,10.0,178,55,296,1447,26.0,1072,17.0,44.0,653.0,63.0,6563.0,223.0,4309.0,11157.0,3621.0,166.0,201.0,7170.0,11157.0,524.0,565.0,31.0,-907.0,-311.0,6.3390692448702035,9.58547690852108,16.178690009055238,0.03365529731361304,32.70909090909091,1.5157300349556333,596.0,31.0,17.0,66.26,44.0,223.0,565.0,0,0,0,34.599999999999994
553,HAVELLS,Mar 2024,18590,16709,1881.0,10.0,249,84,338,1707,26.0,1271,20.0,44.0,654.0,63.0,7384.0,303.0,4683.0,12433.0,3988.0,299.0,20.0,8126.0,12433.0,525.0,1953.0,-1618.0,-534.0,-199.0,6.837009144701453,10.118343195266272,17.067275412917954,0.040687525177924,25.357142857142858,1.4952143489101584,335.0,1618.0,20.0,74.47,44.0,303.0,1953.0,2.61,2.61,4.1,34.599999999999994
555,HCLTECH,Jun 2013,25581,19901,5680.0,22.0,332,106,637,5270,23.0,4040,14.0,21.0,630.0,139.0,13025.0,1044.0,8191.0,22399.0,6753.0,494.0,713.0,14440.0,22399.0,526.0,4492.0,-2361.0,-2086.0,44.0,15.792971345920801,22.203979516047063,30.689759951382555,0.07930720145852324,56.716981132075475,1.1420599133889906,2131.0,2361.0,14.0,131.64,21.0,1044.0,4492.0,0,0,0,67.0
556,HCLTECH,Jun 2014,32144,24108,8035.0,25.0,677,114,681,7917,18.0,6528,23.0,11.0,631.0,140.0,19410.0,1018.0,9412.0,29980.0,7444.0,531.0,662.0,21343.0,29980.0,527.0,6457.0,-4842.0,-1308.0,307.0,20.3086112493778,24.99688899950224,33.39130434782609,0.05207161125319693,76.42105263157895,1.0721814543028685,1615.0,4842.0,23.0,195.5,11.0,1018.0,6457.0,0,0,0,67.0
557,HCLTECH,Jun 2015,36701,28215,8486.0,23.0,1126,91,404,9117,20.0,7342,26.0,58.0,632.0,281.0,23943.0,648.0,10372.0,35245.0,8275.0,552.0,869.0,25548.0,35245.0,528.0,5539.0,-2088.0,-3140.0,311.0,20.004904498515028,23.121985776954308,30.30878467635403,0.026750330250990752,105.62637362637362,1.0413108242303872,3451.0,2088.0,26.0,242.24,58.0,648.0,5539.0,0,0,0,67.0
558,HCLTECH,Mar 2016 9m,31136,24482,6654.0,21.0,871,74,410,7041,20.0,5602,20.0,40.0,0.0,0.0,0.0,0.0,0.0,0.0,0.0,0.0,0.0,0.0,0.0,0.0,0.0,0.0,0.0,0.0,17.992034943473794,21.3707605344296,0.0,0.0,101.6891891891892,0,0.0,0.0,20.0,0.0,40.0,0.0,0.0,0,0,0,67.0
559,HCLTECH,Mar 2017,47568,37178,10390.0,22.0,1069,89,828,10542,18.0,8606,30.0,40.0,634.0,285.0,32664.0,582.0,12231.0,45762.0,15235.0,448.0,1306.0,28773.0,45762.0,530.0,8995.0,-3890.0,-4517.0,588.0,18.091994618230743,21.84241506895392,26.119153843819237,0.01766366202312665,128.75280898876406,1.039465058345352,5105.0,3890.0,30.0,329.49,40.0,582.0,8995.0,0,0,0,67.0
560,HCLTECH,Mar 2018,50569,39323,11246.0,22.0,1230,69,1383,11024,21.0,8722,31.0,19.0,635.0,278.0,36108.0,557.0,11046.0,47989.0,18753.0,320.0,2660.0,26256.0,47989.0,531.0,8328.0,-2236.0,-5714.0,378.0,17.24772093575115,22.238921078130872,23.97075798383994,0.015308085527400648,180.81159420289856,1.0537623205317885,6092.0,2236.0,31.0,363.86,19.0,557.0,8328.0,0,0,0,67.0
561,HCLTECH,Mar 2019,60427,46501,13926.0,23.0,943,174,2073,12622,20.0,10120,37.0,11.0,636.0,271.0,41095.0,4195.0,12788.0,58349.0,22888.0,235.0,2305.0,32921.0,58349.0,532.0,8971.0,-3256.0,-1471.0,4244.0,16.747480430933194,23.04598937561024,24.46453609244307,0.10141178745829908,85.45402298850574,1.035613292430033,5715.0,3256.0,37.0,413.66,11.0,4195.0,8971.0,0,0,0,67.0
562,HCLTECH,Mar 2020,70676,53360,17316.0,24.0,589,505,3420,13980,21.0,11057,41.0,25.0,637.0,543.0,50724.0,7986.0,23566.0,82819.0,37490.0,400.0,7066.0,37863.0,82819.0,533.0,13359.0,-12332.0,-3168.0,-2141.0,15.644631841077594,24.50053766483672,21.56748005539626,0.15577271929311254,35.45544554455446,0.8533790555307357,1027.0,12332.0,41.0,512.67,25.0,7986.0,13359.0,0,0,0,67.0
563,HCLTECH,Mar 2021,75379,55331,20048.0,27.0,927,511,4611,15853,30.0,11169,41.0,24.0,638.0,543.0,59370.0,6864.0,19270.0,86047.0,37145.0,312.0,6862.0,41728.0,86047.0,534.0,19618.0,-5665.0,-11192.0,2761.0,14.817124132716009,26.596266864776663,18.64203094487006,0.11456612087526914,41.04696673189824,0.8760212442037492,13953.0,5665.0,41.0,599.13,24.0,6864.0,19618.0,0,0,0,67.0
564,HCLTECH,Mar 2022,85651,65122,20529.0,24.0,1067,319,4326,16951,20.0,13523,50.0,84.0,639.0,543.0,61371.0,6343.0,20664.0,88921.0,35077.0,129.0,6351.0,47364.0,88921.0,535.0,16900.0,1597.0,-14508.0,3989.0,15.78849050215409,23.96819651842944,21.841586717059148,0.10244855767677746,67.69905956112852,0.9632257846852824,18497.0,1597.0,50.0,619.14,84.0,6343.0,16900.0,0,0,0,67.0
565,HCLTECH,Mar 2023,101456,78828,22628.0,22.0,1358,353,4145,19488,24.0,14845,55.0,88.0,640.0,543.0,64862.0,4794.0,23051.0,93250.0,34619.0,40.0,5495.0,53096.0,93250.0,536.0,18009.0,-3573.0,-15881.0,-1445.0,14.631958681595963,22.303264469326606,22.697041510587876,0.07329714853604465,67.94900849858357,1.088,14436.0,3573.0,55.0,654.05,88.0,4794.0,18009.0,0,0,0,67.0
566,HCLTECH,Mar 2024,109913,85715,24198.0,22.0,1495,553,4173,20967,25.0,15710,58.0,90.0,641.0,543.0,67720.0,5758.0,24985.0,99006.0,35063.0,108.0,7137.0,56698.0,99006.0,537.0,22448.0,-6608.0,-15464.0,376.0,14.293122742532729,22.015594151738192,23.01393141233172,0.08435023365512796,46.46112115732369,1.1101650405025958,15840.0,6608.0,58.0,682.63,90.0,5758.0,22448.0,14.6,16.64,17.23,67.0
568,HDFCBANK,Mar 2013,35861,19695,12631.0,3534.0,10,7133,663,10004,31.0,6903,14.0,19.0,656.0,476.0,36167.0,335588.0,35492.0,407723.0,2773.0,0.0,110960.0,293989.0,407723.0,538.0,-5847.0,-902.0,13105.0,6356.0,19.249323777920306,35.22210758205293,18.838523046693776,9.158311273640258,1.7721856161502874,0.08795432192934909,-6749.0,902.0,14.0,366.43,19.0,335588.0,-5847.0,0,0,0,74.0
569,HDFCBANK,Mar 2014,42555,23445,13508.0,5602.0,13,8298,689,13211,34.0,8768,18.0,19.0,657.0,480.0,43687.0,416677.0,42776.0,503620.0,3026.0,0.0,119571.0,381023.0,503620.0,539.0,4211.0,-1099.0,9270.0,12382.0,20.60392433321584,31.742450945834804,19.851925645844183,9.434125025471506,1.6294287780187997,0.08449823279456734,3112.0,1099.0,18.0,441.67,19.0,416677.0,4211.0,0,0,0,74.0
570,HDFCBANK,Mar 2015,50666,27288,16164.0,7214.0,14,9546,680,16079,33.0,10703,21.0,19.0,658.0,501.0,62653.0,509762.0,34181.0,607097.0,3225.0,0.0,149454.0,454417.0,607097.0,540.0,-21281.0,-800.0,18694.0,-3387.0,21.12462006079027,31.903051355938892,16.947461760141874,8.071729423314437,1.6947412528807877,0.08345618574955897,-22081.0,800.0,21.0,631.54,19.0,509762.0,-21281.0,0,0,0,74.0
571,HDFCBANK,Mar 2016,63162,34070,20055.0,9037.0,14,11212,738,19511,34.0,12821,25.0,19.0,659.0,506.0,73798.0,649587.0,38321.0,762212.0,3667.0,0.0,193634.0,564912.0,762212.0,541.0,-34435.0,-837.0,37815.0,2542.0,20.298597257844907,31.751686140400874,17.25479112833764,8.742288436692506,1.7899571887263646,0.08286670899959592,-35272.0,837.0,25.0,743.04,19.0,649587.0,-34435.0,0,0,0,74.0
572,HDFCBANK,Mar 2017,73271,38042,23856.0,11374.0,16,12905,886,23393,35.0,15317,30.0,18.0,660.0,513.0,91281.0,741550.0,59000.0,892344.0,4000.0,0.0,210777.0,677567.0,892344.0,542.0,17282.0,-1146.0,-5893.0,10242.0,20.904587080836894,32.558583887213224,16.686275791446064,8.078414711201168,1.849825648973266,0.08211071066763491,16136.0,1146.0,30.0,917.94,18.0,741550.0,17282.0,0,0,0,74.0
573,HDFCBANK,Mar 2018,85288,42381,29532.0,13374.0,16,16057,967,28464,35.0,18561,36.0,18.0,661.0,519.0,109080.0,944817.0,48770.0,1103186.0,4008.0,0.0,238461.0,860717.0,1103186.0,543.0,17214.0,-842.0,57378.0,73750.0,21.76273332708001,34.62620767282619,16.935373497933377,8.620671721457313,1.840194307778539,0.07731062576936255,16372.0,842.0,36.0,1095.99,18.0,944817.0,17214.0,0,0,0,74.0
574,HDFCBANK,Mar 2019,105161,53713,34856.0,16592.0,16,18947,1221,34318,35.0,22446,41.0,18.0,662.0,545.0,153128.0,1080235.0,58898.0,1292806.0,4369.0,0.0,289446.0,998991.0,1292806.0,544.0,-62872.0,-1503.0,23131.0,-41244.0,21.34441475451926,33.145367579235646,14.60633943503413,7.02943913374503,1.8405024542143875,0.0813432177759076,-64375.0,1503.0,41.0,1536.73,18.0,1080235.0,-62872.0,0,0,0,74.0
575,HDFCBANK,Mar 2020,122189,62137,45459.0,14593.0,12,24879,1277,38195,29.0,27296,50.0,5.0,663.0,548.0,175810.0,1333041.0,71430.0,1580830.0,4776.0,0.0,389305.0,1186750.0,1580830.0,545.0,-16869.0,-1403.0,24394.0,6122.0,22.339163099788035,37.203839952859916,15.477608047267491,7.558721464294219,1.8276860002411672,0.07729420620813117,-18272.0,1403.0,50.0,1763.58,5.0,1333041.0,-16869.0,0,0,0,74.0
576,HDFCBANK,Mar 2021,128552,59248,52457.0,16848.0,13,27333,1385,42796,26.0,31857,58.0,11.0,664.0,551.0,209259.0,1511418.0,78279.0,1799507.0,5248.0,0.0,438823.0,1355435.0,1799507.0,546.0,42476.0,-1823.0,-7321.0,33332.0,24.78141141328023,40.80605513722074,15.183737667413375,7.20374624660407,1.9196575567994731,0.0714373436724614,40653.0,1823.0,58.0,2098.1,11.0,1511418.0,42476.0,0,0,0,74.0
577,HDFCBANK,Mar 2022,135936,58584,56557.0,20795.0,15,31759,1681,50873,25.0,38151,69.0,23.0,665.0,555.0,246772.0,1784970.0,90639.0,2122934.0,6432.0,0.0,449264.0,1667238.0,2122934.0,547.0,-11960.0,-2051.0,48124.0,34113.0,28.06541313559322,41.60560852165725,15.425327602728373,7.217044641304831,1.7812903428949274,0.06403213665615605,-14011.0,2051.0,69.0,2473.27,23.0,1784970.0,-11960.0,0,0,0,74.0
578,HDFCBANK,Mar 2023,170754,77780,63042.0,29932.0,18,33912,2345,61498,25.0,46149,82.0,23.0,666.0,558.0,288880.0,2139212.0,101783.0,2530432.0,8431.0,0.0,511582.0,2010419.0,2530432.0,548.0,20814.0,-2992.0,23941.0,41762.0,27.026599669700268,36.91977933167012,15.944347321360706,7.39091618930479,1.859518754423213,0.06748017729778946,17822.0,2992.0,82.0,2894.38,23.0,2139212.0,20814.0,0,0,0,74.0
579,HDFCBANK,Mar 2024,283649,154139,174196.0,-44685.0,-16,124346,3092,76569,15.0,65446,84.0,23.0,667.0,760.0,455636.0,3107503.0,466296.0,4030194.0,12604.0,0.0,1005682.0,3011909.0,4030194.0,549.0,19069.0,16600.0,-3983.0,31687.0,23.07288232992184,61.41252040373843,14.33974005030719,6.808786667718385,1.4007688224792112,0.07038097917866981,35669.0,16600.0,84.0,4563.96,23.0,3107503.0,19069.0,18.92,21.87,20.79,74.0
581,HDFCLIFE,Mar 2013,14060,15,13535.0,525.0,4,28,35,502,11.0,447,2.0,0.0,668.0,1995.0,-658.0,0.0,40581.0,41918.0,252.0,29.0,40404.0,1232.0,41918.0,550.0,0.0,0.0,0.0,0.0,3.1792318634423897,96.26600284495022,33.43305908750935,0.0,483.5357142857143,0.33541676606708337,0.0,0.0,2.0,13.37,0.0,0.0,0.0,0,0,0,72.89999999999999
582,HDFCLIFE,Mar 2014,17166,11,16561.0,605.0,4,241,41,794,9.0,725,4.0,14.0,669.0,1995.0,-67.0,0.0,50347.0,52275.0,279.0,10.0,50527.0,1458.0,52275.0,551.0,0.0,0.0,0.0,0.0,4.223464988931609,96.47559128509845,37.60373443983403,0.0,68.7344398340249,0.3283787661406026,0.0,0.0,4.0,19.28,14.0,0.0,0.0,0,0,0,72.89999999999999
583,HDFCLIFE,Mar 2015,27215,-14,26341.0,874.0,3,79,43,924,15.0,786,4.0,18.0,670.0,1995.0,546.0,0.0,66767.0,69309.0,346.0,6.0,67024.0,1932.0,69309.0,552.0,4459.0,-3514.0,-168.0,777.0,2.8881131728826013,96.78853573397024,30.932703659976386,0.0,333.46835443037975,0.3926618476676911,945.0,3514.0,4.0,25.41,18.0,0.0,4459.0,0,0,0,72.89999999999999
584,HDFCLIFE,Mar 2016,18141,8,17187.0,953.0,5,108,45,1008,19.0,817,4.0,22.0,671.0,1995.0,1108.0,0.0,73441.0,76544.0,335.0,12.0,74144.0,2053.0,76544.0,553.0,5687.0,-3962.0,-212.0,1513.0,4.503610605810043,94.74119398048619,26.32935868514341,0.0,159.1851851851852,0.23700094063545152,1725.0,3962.0,4.0,31.03,22.0,0.0,5687.0,0,0,0,72.89999999999999
585,HDFCLIFE,Mar 2017,30647,9,29674.0,972.0,3,139,41,1061,16.0,887,4.0,25.0,672.0,1998.0,1828.0,0.0,91270.0,95097.0,337.0,16.0,91723.0,3020.0,95097.0,554.0,6230.0,-5177.0,-236.0,817.0,2.8942473977877117,96.82513786014944,23.183481442760062,0.0,213.50359712230215,0.32227094440413473,1053.0,5177.0,4.0,38.26,25.0,0.0,6230.0,0,0,0,72.89999999999999
586,HDFCLIFE,Mar 2018,32260,11,31186.0,1074.0,3,282,44,1300,15.0,1107,6.0,25.0,673.0,2012.0,2693.0,0.0,105778.0,110483.0,336.0,5.0,106590.0,3551.0,110483.0,555.0,6739.0,-4421.0,-196.0,2122.0,3.4314941103533787,96.67079975201489,23.52816153028693,0.0,110.59929078014184,0.2919906229917725,2318.0,4421.0,6.0,47.05,25.0,0.0,6739.0,0,0,0,72.89999999999999
587,HDFCLIFE,Mar 2019,38855,14,37640.0,1215.0,3,136,45,1291,1.0,1278,6.0,26.0,674.0,2017.0,3625.0,0.0,124378.0,130020.0,370.0,10.0,124958.0,4682.0,130020.0,556.0,9868.0,-10182.0,-337.0,-651.0,3.289151975292755,96.87298931926392,22.651542006380716,0.0,276.7867647058824,0.2988386402091986,-314.0,10182.0,6.0,56.42,26.0,0.0,9868.0,0,0,0,72.89999999999999
588,HDFCLIFE,Mar 2020,29380,0,28239.0,1141.0,4,369,47,1463,11.0,1297,6.0,0.0,675.0,2019.0,4788.0,0.0,125417.0,132224.0,322.0,8.0,127256.0,4637.0,132224.0,557.0,7388.0,-7789.0,38.0,-364.0,4.414567733151804,96.11640571817563,19.05391508741002,0.0,76.53929539295393,0.2221986931268151,-401.0,7789.0,6.0,68.07,0.0,0.0,7388.0,0,0,0,72.89999999999999
589,HDFCLIFE,Mar 2021,71528,0,70294.0,1235.0,2,445,51,1629,16.0,1361,7.0,30.0,676.0,2021.0,6619.0,600.0,170415.0,179655.0,585.0,14.0,173564.0,5493.0,179655.0,558.0,9703.0,-8952.0,678.0,1429.0,1.9027513700928307,98.27480147634493,15.752314814814813,0.06944444444444445,157.9685393258427,0.3981408811332832,751.0,8952.0,7.0,86.4,30.0,600.0,9703.0,0,0,0,72.89999999999999
590,HDFCLIFE,Mar 2022,67126,0,66348.0,778.0,1,766,56,1487,11.0,1327,6.0,27.0,677.0,2113.0,13501.0,600.0,214521.0,230734.0,6605.0,20.0,216551.0,7559.0,230734.0,559.0,5943.0,-801.0,-238.0,4904.0,1.976879301611894,98.84098560915294,8.498783143332906,0.038427052645062125,86.61749347258485,0.2909237476921477,5142.0,801.0,6.0,156.14,27.0,600.0,5943.0,0,0,0,72.89999999999999
591,HDFCLIFE,Mar 2023,70207,0,70127.0,80.0,0,1437,76,1441,5.0,1368,6.0,30.0,678.0,2149.0,10844.0,950.0,234126.0,248069.0,997.0,31.0,238197.0,8844.0,248069.0,560.0,6883.0,-10071.0,1985.0,-1203.0,1.9485236514877435,99.88605124845101,10.528746247979681,0.07311629338874778,48.80097425191371,0.28301400013705863,-3188.0,10071.0,6.0,129.93,30.0,950.0,6883.0,0,0,0,72.89999999999999
592,HDFCLIFE,Mar 2024,101482,0,100951.0,531.0,1,525,79,977,-61.0,1574,7.0,27.0,679.0,2151.0,12515.0,950.0,287071.0,302687.0,1549.0,28.0,291128.0,9982.0,302687.0,561.0,10721.0,-13614.0,-403.0,-3296.0,1.5510139729213062,99.47675449833469,10.732306013909723,0.06477567162143734,192.2895238095238,0.33527042786773137,-2893.0,13614.0,7.0,146.66,27.0,950.0,10721.0,18.07,19.89,24.57,72.89999999999999
594,HEROMOTOCO,Mar 2014,25275,12,21722.0,3553.0,14,430,1107,2864,26.0,2102,105.0,62.0,681.0,40.0,5583.0,284.0,4215.0,10122.0,2247.0,855.0,4106.0,2914.0,10122.0,562.0,2963.0,-1616.0,-1414.0,-66.0,8.316518298714143,85.94263105835806,37.38218033078428,0.050506846878890274,50.54883720930233,2.497036158861885,1347.0,1616.0,105.0,56.23,62.0,284.0,2963.0,0,0,0,62.6
595,HEROMOTOCO,Mar 2015,27538,12,24018.0,3520.0,13,325,540,3292,29.0,2364,118.0,51.0,682.0,40.0,6500.0,100.0,4014.0,10654.0,2952.0,719.0,3118.0,3864.0,10654.0,563.0,2186.0,31.0,-2131.0,86.0,8.584501416224853,87.21766286585809,36.14678899082569,0.01529051987767584,73.94153846153846,2.5847568988173455,2217.0,31.0,118.0,65.4,51.0,100.0,2186.0,0,0,0,62.6
596,HEROMOTOCO,Mar 2016,28457,15,24033.0,4424.0,16,421,443,4387,29.0,3112,157.0,46.0,683.0,40.0,8794.0,232.0,3829.0,12896.0,3784.0,653.0,4501.0,3958.0,12896.0,564.0,3722.0,-2300.0,-1475.0,-53.0,10.935797870471237,84.45373721755631,35.22752999773602,0.026262168892913742,57.12351543942993,2.2066532258064515,1422.0,2300.0,157.0,88.34,46.0,232.0,3722.0,0,0,0,62.6
597,HEROMOTOCO,Mar 2017,28610,27,24025.0,4585.0,16,830,502,4885,27.0,3546,179.0,47.0,684.0,40.0,10276.0,261.0,4736.0,15312.0,4599.0,581.0,6066.0,4066.0,15312.0,565.0,4007.0,-1972.0,-2036.0,-1.0,12.394267738552953,83.9741349178609,34.373788290034895,0.025300504071345483,28.965060240963854,1.8684691745036572,2035.0,1972.0,179.0,103.16,47.0,261.0,4007.0,0,0,0,62.6
598,HEROMOTOCO,Mar 2018,32458,31,27124.0,5334.0,16,564,575,5292,30.0,3722,186.0,51.0,685.0,40.0,11932.0,228.0,5197.0,17397.0,4961.0,355.0,7669.0,4411.0,17397.0,566.0,4017.0,-1858.0,-2102.0,57.0,11.467126748413333,83.56645511122065,31.089208152355496,0.019044437019712663,48.12056737588652,1.8657239753980572,2159.0,1858.0,186.0,119.72,51.0,228.0,4017.0,0,0,0,62.6
599,HEROMOTOCO,Mar 2019,33971,37,28946.0,5025.0,15,741,624,5104,32.0,3466,172.0,50.0,686.0,40.0,13080.0,312.0,5072.0,18504.0,4952.0,573.0,6114.0,6865.0,18504.0,567.0,1032.0,1298.0,-2252.0,78.0,10.202820052397634,85.2079715051073,26.417682926829265,0.02378048780487805,39.08367071524966,1.8358733246865542,2330.0,1298.0,172.0,131.2,50.0,312.0,1032.0,0,0,0,62.6
600,HEROMOTOCO,Mar 2020,29254,47,25184.0,4070.0,14,1434,846,4611,21.0,3659,182.0,49.0,687.0,40.0,14366.0,453.0,4815.0,19674.0,6473.0,391.0,8359.0,4451.0,19674.0,568.0,5518.0,-2819.0,-2602.0,97.0,12.50769125589663,86.0873726669857,25.39913924753575,0.031445231153685964,17.571827057182706,1.4869370743112738,2699.0,2819.0,182.0,144.06,49.0,453.0,5518.0,0,0,0,62.6
601,HEROMOTOCO,Mar 2021,30959,46,26902.0,4058.0,13,553,715,3849,24.0,2936,146.0,72.0,688.0,40.0,15376.0,584.0,7096.0,23096.0,6380.0,495.0,10582.0,5639.0,23096.0,569.0,4110.0,-2289.0,-1852.0,-31.0,9.483510449303918,86.89557156238897,19.045147898287492,0.03788271925272444,48.67088607594937,1.3404485625216487,1821.0,2289.0,146.0,154.16,72.0,584.0,4110.0,0,0,0,62.6
602,HEROMOTOCO,Mar 2022,29551,53,26295.0,3256.0,11,545,690,3058,24.0,2329,116.0,82.0,689.0,40.0,15807.0,605.0,6027.0,22478.0,6194.0,517.0,10528.0,5240.0,22478.0,570.0,2104.0,-222.0,-1975.0,-94.0,7.881289973266556,88.98176034651958,14.696788035590332,0.038177573042216195,48.26788990825688,1.314663226265682,1882.0,222.0,116.0,158.47,82.0,605.0,2104.0,0,0,0,62.6
603,HEROMOTOCO,Mar 2023,34158,105,30060.0,4099.0,12,567,697,3864,28.0,2800,141.0,71.0,690.0,40.0,16616.0,568.0,6694.0,23917.0,6159.0,454.0,10891.0,6413.0,23917.0,571.0,2614.0,-421.0,-2147.0,45.0,8.197201241290474,88.00281046899701,16.810758885686838,0.034101825168107586,53.03703703703704,1.4281891541581302,2193.0,421.0,141.0,166.56,71.0,568.0,2614.0,0,0,0,62.6
604,HEROMOTOCO,Mar 2024,37789,76,32554.0,5235.0,14,689,757,5090,26.0,3742,187.0,75.0,691.0,40.0,17659.0,606.0,7847.0,26153.0,6232.0,484.0,12751.0,6685.0,26153.0,572.0,4923.0,-1828.0,-2717.0,379.0,9.902352536452407,86.14676228532112,21.14243742584327,0.03423922255494661,47.268505079825836,1.4449202768324858,3095.0,1828.0,187.0,176.99,75.0,606.0,4923.0,6.09,10.52,10.37,62.6
606,HINDALCO,Mar 2013,80193,2079,72494.0,7699.0,10,1111,2822,3909,23.0,3007,16.0,6.0,693.0,191.0,35139.0,56951.0,28309.0,120590.0,37929.0,33834.0,12601.0,36226.0,120590.0,573.0,2977.0,-13801.0,10278.0,-545.0,3.749703839487237,90.39941141994937,8.511180300028306,1.6119728276252476,65.26012601260126,0.665005390165022,-10824.0,13801.0,16.0,353.3,6.0,56951.0,2977.0,0,0,0,57.99999999999999
607,HINDALCO,Mar 2014,87695,2702,79671.0,8024.0,9,677,3347,2653,20.0,2195,11.0,9.0,694.0,206.0,40398.0,64756.0,32621.0,137982.0,61163.0,23059.0,12961.0,40798.0,137982.0,574.0,7956.0,-8095.0,1493.0,1353.0,2.5029933291521753,90.85010547921775,5.405871342724855,1.5948182445079302,117.69571639586411,0.6355539128292096,-139.0,8095.0,11.0,406.04,9.0,64756.0,7956.0,0,0,0,57.99999999999999
608,HINDALCO,Mar 2015,104281,4178,95437.0,8844.0,8,-832,3493,340,75.0,259,4.0,24.0,695.0,207.0,38122.0,68468.0,34950.0,141746.0,71959.0,14111.0,12346.0,43330.0,141746.0,575.0,7143.0,-3873.0,-2437.0,833.0,0.248367391950595,91.51906867022755,0.6757285606198962,1.7863236713715462,-114.71754807692308,0.7356891905238948,3270.0,3873.0,4.0,383.29,24.0,68468.0,7143.0,0,0,0,57.99999999999999
609,HINDALCO,Mar 2016,98759,5134,90981.0,7778.0,8,1500,4347,-203,99.0,-702,-1.0,-82.0,696.0,207.0,40402.0,67552.0,32986.0,141146.0,85648.0,4214.0,12463.0,38821.0,141146.0,576.0,11688.0,-3220.0,-8862.0,-394.0,-0.7108212922366569,92.12426209256877,-1.7286808342978157,1.663473614223448,60.659333333333336,0.6996939339407422,8468.0,3220.0,-1.0,406.09,-82.0,67552.0,11688.0,0,0,0,57.99999999999999
610,HINDALCO,Mar 2017,100184,5742,87867.0,12317.0,12,1198,4457,3315,43.0,1882,8.0,13.0,697.0,223.0,45836.0,63817.0,36268.0,146144.0,84687.0,1814.0,15157.0,44486.0,146144.0,577.0,12687.0,-2876.0,-5552.0,4259.0,1.8785434799968057,87.70562165615267,4.086063527215094,1.3855489697996048,73.35475792988314,0.685515655791548,9811.0,2876.0,8.0,460.59,13.0,63817.0,12687.0,0,0,0,57.99999999999999
611,HINDALCO,Mar 2018,115183,3911,101488.0,13695.0,12,2879,4506,8157,25.0,6083,27.0,4.0,698.0,223.0,54629.0,52074.0,40088.0,147014.0,85088.0,2063.0,10781.0,49081.0,147014.0,578.0,10898.0,5333.0,-16412.0,-181.0,5.281161282480921,88.1102245991162,11.089841755997957,0.9493546269962809,35.2552969781174,0.7834832056810916,16231.0,5333.0,27.0,548.52,4.0,52074.0,10898.0,0,0,0,57.99999999999999
612,HINDALCO,Mar 2019,130542,3778,115031.0,15511.0,12,1127,4777,8083,32.0,5495,24.0,5.0,699.0,222.0,57279.0,52415.0,42056.0,151972.0,85860.0,4097.0,9012.0,53003.0,151972.0,579.0,11977.0,-5456.0,-5466.0,1055.0,4.209373228539474,88.11800033705627,9.556355541642754,0.9115493643588807,102.07897071872227,0.858987181849288,6521.0,5456.0,24.0,575.01,5.0,52415.0,11977.0,0,0,0,57.99999999999999
613,HINDALCO,Mar 2020,118144,4197,103838.0,14306.0,12,906,5091,5924,36.0,3767,17.0,6.0,700.0,222.0,58095.0,68399.0,41902.0,168618.0,89195.0,7721.0,9411.0,62291.0,168618.0,580.0,12745.0,-7227.0,6656.0,12174.0,3.188481852654388,87.89104821235102,6.459522952140885,1.172882692868289,114.62472406181016,0.7006606649349417,5518.0,7227.0,17.0,583.17,6.0,68399.0,12745.0,0,0,0,57.99999999999999
614,HINDALCO,Mar 2021,132008,3738,114449.0,17559.0,13,-987,6628,6206,44.0,3483,16.0,19.0,701.0,222.0,66311.0,67206.0,55083.0,188822.0,100269.0,10202.0,17133.0,61218.0,188822.0,581.0,17232.0,-25280.0,-4882.0,-12930.0,2.6384764559723655,86.69853342221684,5.234996167315468,1.010115281138683,-115.96960486322189,0.6991134507631526,-8048.0,25280.0,16.0,665.33,19.0,67206.0,17232.0,0,0,0,57.99999999999999
615,HINDALCO,Mar 2022,195059,3768,166712.0,28347.0,15,1253,6729,19103,28.0,13730,61.0,6.0,702.0,222.0,77969.0,64486.0,79178.0,221855.0,106874.0,4945.0,14119.0,95917.0,221855.0,582.0,16838.0,-6773.0,-6765.0,3300.0,7.038895923797416,85.46747394378112,17.559565678914453,0.8247240731030425,133.06225059856345,0.8792184084199139,10065.0,6773.0,61.0,781.91,6.0,64486.0,16838.0,0,0,0,57.99999999999999
616,HINDALCO,Mar 2023,223202,3646,200536.0,22666.0,10,1307,7086,13241,24.0,10097,45.0,7.0,703.0,222.0,94584.0,60291.0,68392.0,223489.0,110626.0,7700.0,14116.0,91047.0,223489.0,583.0,19208.0,-7559.0,-10450.0,1199.0,4.523704984722359,89.84507307282192,10.650169820475497,0.6359407632428328,153.43993879112472,0.9987158204654368,11649.0,7559.0,45.0,948.06,7.0,60291.0,19208.0,0,0,0,57.99999999999999
617,HINDALCO,Mar 2024,215962,3858,192090.0,23872.0,11,1519,7521,14012,28.0,10155,45.0,8.0,704.0,222.0,105924.0,56356.0,68221.0,230723.0,111810.0,14867.0,15444.0,88602.0,230723.0,584.0,24056.0,-14267.0,-10817.0,-1028.0,4.702216130615571,88.94620349876368,9.567011474761177,0.5309290976579428,126.46543778801843,0.9360228499109322,9789.0,14267.0,45.0,1061.46,8.0,56356.0,24056.0,7.51,15.13,11.03,57.99999999999999
619,HINDUNILVR,Mar 2013,27004,26,22784.0,4220.0,16,1123,251,5066,24.0,3839,18.0,104.0,706.0,216.0,2649.0,25.0,9202.0,12092.0,2431.0,222.0,2252.0,7186.0,12092.0,585.0,3605.0,63.0,-4147.0,-480.0,14.216412383350615,84.37268552806991,133.99650959860384,0.008726003490401396,20.302760463045413,2.2332120410188554,3668.0,63.0,18.0,28.65,104.0,25.0,3605.0,0,0,0,55.300000000000004
620,HINDUNILVR,Mar 2014,29234,41,24475.0,4759.0,16,792,296,5215,24.0,3956,18.0,71.0,707.0,216.0,3321.0,46.0,10171.0,13754.0,2746.0,373.0,2838.0,7797.0,13754.0,586.0,3818.0,-475.0,-2960.0,383.0,13.532188547581583,83.72100978312923,111.84619734238055,0.013005371783997738,30.9229797979798,2.125490766322524,3343.0,475.0,18.0,35.37,71.0,46.0,3818.0,0,0,0,55.300000000000004
621,HINDUNILVR,Mar 2015,31972,18,26560.0,5412.0,17,1247,322,6320,31.0,4376,20.0,74.0,708.0,216.0,3811.0,43.0,10359.0,14430.0,2821.0,516.0,3025.0,8067.0,14430.0,587.0,3292.0,138.0,-3462.0,-33.0,13.68697610409108,83.07268860252721,108.66650111745717,0.010677924012912838,21.312750601443465,2.2156618156618157,3430.0,138.0,20.0,40.27,74.0,43.0,3292.0,0,0,0,55.300000000000004
622,HINDUNILVR,Mar 2016,32186,17,26276.0,5910.0,18,486,353,6026,31.0,4151,19.0,83.0,709.0,216.0,6357.0,177.0,8043.0,14793.0,3258.0,408.0,2592.0,8535.0,14793.0,588.0,4171.0,-282.0,-3864.0,25.0,12.896911700739452,81.63797924563475,63.15228966986155,0.026928343222272933,54.10288065843621,2.175758804840127,3889.0,282.0,19.0,65.73,83.0,177.0,4171.0,0,0,0,55.300000000000004
623,HINDUNILVR,Mar 2017,33162,35,26834.0,6328.0,19,606,432,6467,31.0,4490,21.0,82.0,710.0,216.0,6528.0,277.0,8685.0,15706.0,4419.0,229.0,3794.0,7264.0,15706.0,589.0,5185.0,-1173.0,-4214.0,-202.0,13.539593510644716,80.91791809902901,66.57769869513642,0.041073546856465006,44.31188118811881,2.111422386349166,4012.0,1173.0,21.0,67.44,82.0,277.0,5185.0,0,0,0,55.300000000000004
624,HINDUNILVR,Mar 2018,35545,26,28046.0,7499.0,21,353,520,7306,28.0,5227,24.0,83.0,711.0,216.0,7065.0,0.0,10581.0,17862.0,4528.0,461.0,2873.0,10000.0,17862.0,590.0,6059.0,-1063.0,-4975.0,21.0,14.705303136868759,78.90279926853285,71.78958934212334,0.0,79.5099150141643,1.989978725786586,4996.0,1063.0,24.0,72.81,83.0,0.0,6059.0,0,0,0,55.300000000000004
625,HINDUNILVR,Mar 2019,39310,33,30430.0,8880.0,23,322,565,8604,30.0,6060,28.0,78.0,712.0,216.0,7651.0,99.0,10663.0,18629.0,4715.0,406.0,2716.0,10792.0,18629.0,591.0,5800.0,-438.0,-5390.0,-28.0,15.41592470109387,77.41032816077335,77.03063429515699,0.01258421253336723,94.57453416149069,2.1101508400880347,5362.0,438.0,28.0,78.67,78.0,99.0,5800.0,0,0,0,55.300000000000004
626,HINDUNILVR,Mar 2020,39783,118,29922.0,9861.0,25,424,1002,9165,26.0,6756,31.0,80.0,713.0,216.0,8013.0,0.0,11924.0,20153.0,5479.0,597.0,1255.0,12822.0,20153.0,592.0,7623.0,1791.0,-6819.0,2595.0,16.982128044642185,75.21303069150139,82.09989063069631,0.0,70.62971698113208,1.974048528755024,9414.0,1791.0,31.0,82.29,80.0,0.0,7623.0,0,0,0,55.300000000000004
627,HINDUNILVR,Mar 2021,47028,117,35402.0,11626.0,25,170,1074,10605,25.0,7999,34.0,119.0,714.0,235.0,47439.0,0.0,21066.0,68740.0,51443.0,745.0,2709.0,13843.0,68740.0,593.0,9163.0,-1228.0,-9309.0,-1374.0,17.00901590541805,75.27855745513311,16.778537567646936,0.0,208.39411764705883,0.6841431480942682,7935.0,1228.0,34.0,476.74,119.0,0.0,9163.0,0,0,0,55.300000000000004
628,HINDUNILVR,Mar 2022,52446,106,39589.0,12857.0,25,219,1091,11879,25.0,8892,38.0,90.0,715.0,235.0,48826.0,1043.0,20402.0,70506.0,51473.0,1313.0,3521.0,14199.0,70506.0,594.0,9048.0,-1728.0,-8015.0,-695.0,16.954581855622926,75.48526103039318,18.12437577709382,0.02125924869040582,180.88584474885846,0.7438515870989703,7320.0,1728.0,38.0,490.61,90.0,1043.0,9048.0,0,0,0,55.300000000000004
629,HINDUNILVR,Mar 2023,60580,114,46433.0,14147.0,23,448,1137,13344,24.0,10143,43.0,91.0,716.0,235.0,50069.0,1219.0,21554.0,73077.0,52678.0,1132.0,2882.0,16385.0,73077.0,595.0,9991.0,-1484.0,-8953.0,-446.0,16.743149554308353,76.64740838560581,20.16340648854962,0.024232665394402036,103.69642857142857,0.8289886010646305,8507.0,1484.0,43.0,503.04,91.0,1219.0,9991.0,0,0,0,55.300000000000004
630,HINDUNILVR,Mar 2024,61896,334,47237.0,14659.0,24,817,1216,13926,26.0,10282,44.0,96.0,717.0,235.0,50983.0,1484.0,25787.0,78489.0,53744.0,1025.0,4625.0,19095.0,78489.0,596.0,15469.0,-5324.0,-10034.0,111.0,16.611735814915342,76.31672482874498,20.074973642078955,0.028974188761763442,57.847001223990205,0.7885945801322478,10145.0,5324.0,44.0,512.18,96.0,1484.0,15469.0,5.65,6.37,5.92,55.300000000000004
632,ICICIBANK,Mar 2013,44885,28285,31684.0,-15085.0,-34,29320,625,13610,26.0,10130,15.0,24.0,719.0,1154.0,67609.0,487659.0,118401.0,674822.0,5473.0,0.0,255667.0,413682.0,674822.0,597.0,17494.0,-18563.0,9283.0,8215.0,22.568786899855187,70.58928372507519,14.731759812689965,7.091880807992671,1.079467939972715,0.06651383624126066,-1069.0,18563.0,15.0,687.63,24.0,487659.0,17494.0,0,0,0,42.2
633,ICICIBANK,Mar 2014,49479,29711,32852.0,-13084.0,-26,30085,719,16282,28.0,11677,17.0,24.0,720.0,1155.0,75275.0,543055.0,128278.0,747762.0,5507.0,0.0,267609.0,474646.0,747762.0,598.0,6765.0,-15750.0,7872.0,-1113.0,23.599911073384668,66.39584470179268,15.278032186314276,7.1052597147716865,1.0911085258434436,0.06616944963771895,-8985.0,15750.0,17.0,764.3,24.0,543055.0,6765.0,0,0,0,42.2
634,ICICIBANK,Mar 2015,54964,32318,38766.0,-16120.0,-29,35252,798,18334,29.0,12942,19.0,24.0,721.0,1160.0,83545.0,597207.0,144167.0,826079.0,5871.0,0.0,274311.0,545897.0,826079.0,599.0,-12273.0,-13175.0,24827.0,-621.0,23.546321228440434,70.52980132450331,15.278909155303703,7.050433858686028,1.0988596391694088,0.06653600926787874,-25448.0,13175.0,19.0,847.05,24.0,597207.0,-12273.0,0,0,0,42.2
635,ICICIBANK,Mar 2016,59294,33996,52252.0,-26955.0,-45,42102,843,14304,24.0,10927,16.0,29.0,722.0,1163.0,92948.0,671455.0,153190.0,918756.0,8713.0,0.0,286044.0,623999.0,918756.0,600.0,23645.0,-12060.0,5814.0,17399.0,18.428508786723782,88.12358754680069,11.610757509749126,7.1347132641242785,1.2400123509571992,0.06453726560697291,11585.0,12060.0,16.0,941.11,29.0,671455.0,23645.0,0,0,0,42.2
636,ICICIBANK,Mar 2017,60940,34836,63841.0,-37737.0,-62,52458,912,13809,18.0,11340,16.0,14.0,723.0,1165.0,103467.0,700874.0,180219.0,985725.0,9338.0,0.0,304373.0,672013.0,985725.0,601.0,52636.0,-1711.0,-35470.0,15455.0,18.608467344929437,104.76042008532984,10.837984555394144,6.698467008181054,1.2158107438331618,0.06182251642192295,50925.0,1711.0,16.0,1046.32,14.0,700874.0,52636.0,0,0,0,42.2
637,ICICIBANK,Mar 2018,62162,34262,72806.0,-44906.0,-72,56807,922,10978,17.0,9100,12.0,12.0,724.0,1286.0,109344.0,815198.0,198453.0,1124281.0,9465.0,0.0,372208.0,742608.0,1124281.0,602.0,19383.0,-50551.0,39676.0,8508.0,14.63916862391815,117.12300119043788,8.225616921269095,7.368688420862334,1.280370376890172,0.05529044785067078,-31168.0,50551.0,12.0,1106.3,12.0,815198.0,19383.0,0,0,0,42.2
638,ICICIBANK,Mar 2019,71982,39178,83775.0,-50971.0,-71,59325,946,7408,23.0,5689,7.0,15.0,725.0,1289.0,112964.0,891641.0,232899.0,1238794.0,9660.0,0.0,398201.0,830933.0,1238794.0,603.0,48671.0,-30282.0,-19997.0,-1608.0,7.903364730071407,116.38326248228724,4.979300324717951,7.804092671527225,1.4109397387273495,0.05810651327016437,18389.0,30282.0,7.0,1142.53,15.0,891641.0,48671.0,0,0,0,42.2
639,ICICIBANK,Mar 2020,84836,44666,85361.0,-45190.0,-53,64950,1171,18589,40.0,11225,15.0,0.0,726.0,1295.0,121665.0,1014636.0,239696.0,1377292.0,10409.0,0.0,443473.0,923411.0,1377292.0,604.0,79565.0,-42095.0,2992.0,40462.0,13.231411193361309,100.6188410580414,9.128985035783995,8.251756668835394,1.3134411085450346,0.06159623376887399,37470.0,42095.0,15.0,1229.6,0.0,1014636.0,79565.0,0,0,0,42.2
640,ICICIBANK,Mar 2021,89163,42659,91309.0,-44805.0,-50,72174,1340,26028,22.0,20364,27.0,8.0,727.0,1383.0,156204.0,1103840.0,312385.0,1573812.0,10809.0,0.0,536579.0,1026424.0,1573812.0,605.0,138015.0,-63631.0,-54667.0,19718.0,22.83907001783251,102.40682794432668,12.922385729787356,7.004638707507599,1.2644304043007177,0.05665416199647734,74384.0,63631.0,27.0,1575.87,8.0,1103840.0,138015.0,0,0,0,42.2
641,ICICIBANK,Mar 2022,95407,41167,80798.0,-26558.0,-28,62129,1330,34241,25.0,26538,36.0,14.0,728.0,1390.0,180663.0,1252968.0,317616.0,1752637.0,10707.0,0.0,567098.0,1174833.0,1752637.0,606.0,58111.0,-39448.0,17451.0,36114.0,27.815569088222038,84.68770635278334,14.577073709304432,6.882435334765151,1.3000370197492315,0.05443625805001264,18663.0,39448.0,36.0,1820.53,14.0,1252968.0,58111.0,0,0,0,42.2
642,ICICIBANK,Mar 2023,121067,50543,87864.0,-17341.0,-14,65112,1515,46256,26.0,35461,49.0,16.0,729.0,1397.0,213101.0,1399894.0,344099.0,1958490.0,11070.0,0.0,639552.0,1307868.0,1958490.0,607.0,-3771.0,-67689.0,24791.0,-46669.0,29.290392922926973,72.57469004765956,16.53208887728557,6.526373206276982,1.3492136626121145,0.061816501488391566,-71460.0,67689.0,49.0,2144.98,16.0,1399894.0,-3771.0,0,0,0,42.2
643,ICICIBANK,Mar 2024,159516,74108,99560.0,-14152.0,-9,76522,1935,60434,26.0,46081,63.0,16.0,730.0,1405.0,254739.0,1651008.0,456911.0,2364063.0,15714.0,0.0,827163.0,1521186.0,2364063.0,608.0,157284.0,-144737.0,13765.0,26312.0,28.888011233982798,62.41380175029464,17.99027109750765,6.445624336310825,1.3009461331381824,0.06747535915921023,12547.0,144737.0,63.0,2561.44,16.0,1651008.0,157284.0,6.73,-2.12,-4.36,42.2
645,ICICIGI,Mar 2013,4012,8,4191.0,-178.0,-4,586,49,351,0.0,353,8.0,0.0,731.0,437.0,1433.0,0.0,10767.0,12637.0,390.0,10.0,7800.0,4436.0,12637.0,609.0,984.0,-962.0,102.0,124.0,8.798604187437686,104.46161515453637,18.877005347593585,0.0,7.145051194539249,0.3174804146553771,22.0,962.0,8.0,18.7,0.0,0.0,984.0,0,0,0,70.7
646,ICICIGI,Mar 2014,4352,9,4578.0,-225.0,-5,817,50,533,3.0,520,12.0,0.0,732.0,445.0,1949.0,0.0,12350.0,14744.0,373.0,17.0,9290.0,5064.0,14744.0,610.0,595.0,-706.0,4.0,-108.0,11.948529411764707,105.19301470588236,21.72096908939014,0.0,5.597307221542228,0.2951709169831796,-111.0,706.0,12.0,23.94,0.0,0.0,595.0,0,0,0,70.7
647,ICICIGI,Mar 2015,4234,12,4456.0,-221.0,-5,992,54,705,17.0,585,13.0,15.0,733.0,447.0,2439.0,0.0,11760.0,14646.0,381.0,9.0,10200.0,4056.0,14646.0,611.0,-98.0,171.0,-93.0,-20.0,13.816721776098253,105.24326877657062,20.27027027027027,0.0,4.486895161290323,0.2890891711047385,73.0,171.0,13.0,28.86,15.0,0.0,-98.0,0,0,0,70.7
648,ICICIGI,Mar 2016,6033,0,5269.0,764.0,13,0,57,708,28.0,507,11.0,26.0,734.0,448.0,2789.0,0.0,12440.0,15676.0,510.0,10.0,11426.0,3730.0,15676.0,612.0,511.0,-310.0,-148.0,53.0,8.403779214321233,87.33631692358695,15.66265060240964,0.0,0,0.3848558305690227,201.0,310.0,11.0,32.37,26.0,0.0,511.0,0,0,0,70.7
649,ICICIGI,Mar 2017,7520,0,6601.0,919.0,12,-2,7,910,23.0,702,16.0,22.0,735.0,451.0,3450.0,485.0,18965.0,23351.0,516.0,11.0,14806.0,8018.0,23351.0,613.0,1628.0,-1990.0,361.0,-1.0,9.335106382978724,87.77925531914894,17.9953857985132,0.12432709561650859,-3306.5,0.3220418825746221,-362.0,1990.0,16.0,39.01,22.0,485.0,1628.0,0,0,0,70.7
650,ICICIGI,Mar 2018,6912,59,7174.0,-262.0,-4,1569,51,1196,28.0,862,19.0,17.0,736.0,454.0,4087.0,485.0,24723.0,29750.0,368.0,38.0,18193.0,11151.0,29750.0,614.0,2390.0,-1896.0,-96.0,398.0,12.471064814814815,103.79050925925925,18.982602950891874,0.1068046685752037,4.569789674952199,0.2323361344537815,494.0,1896.0,19.0,45.41,17.0,485.0,2390.0,0,0,0,70.7
651,ICICIGI,Mar 2019,11163,70,9494.0,1669.0,15,-2,0,1598,34.0,1049,23.0,26.0,737.0,454.0,4946.0,485.0,27517.0,33403.0,1965.0,17.0,20714.0,10707.0,33403.0,615.0,2976.0,-2856.0,-310.0,-190.0,9.39711547075159,85.04882200125414,19.425925925925927,0.08981481481481482,-4754.5,0.3341915396820645,120.0,2856.0,23.0,54.0,26.0,485.0,2976.0,0,0,0,70.7
652,ICICIGI,Mar 2020,11517,0,9745.0,1772.0,15,15,90,1697,30.0,1194,26.0,13.0,738.0,454.0,5680.0,485.0,30423.0,37042.0,664.0,12.0,26327.0,10039.0,37042.0,616.0,3433.0,-3382.0,-420.0,-369.0,10.367283146652774,84.61404879742989,19.46527551353114,0.07906749266384089,650.6666666666666,0.3109173370768317,51.0,3382.0,26.0,61.34,13.0,485.0,3433.0,0,0,0,70.7
653,ICICIGI,Mar 2021,12161,0,10090.0,2072.0,17,12,130,1954,25.0,1473,32.0,25.0,739.0,455.0,7144.0,485.0,31214.0,39298.0,717.0,14.0,30788.0,7779.0,39298.0,617.0,1774.0,-1367.0,-212.0,195.0,12.112490749116027,82.97015048104596,19.38412949072246,0.06382418739307803,842.25,0.3094559519568426,407.0,1367.0,32.0,75.99,25.0,485.0,1774.0,0,0,0,70.7
654,ICICIGI,Mar 2022,16026,0,15010.0,1016.0,6,809,141,1684,24.0,1271,26.0,35.0,740.0,491.0,8702.0,255.0,41401.0,50848.0,941.0,11.0,38412.0,11485.0,50848.0,618.0,809.0,135.0,-879.0,65.0,7.93086234868339,93.660302009235,13.8257369737844,0.02773849668225824,18.561186650185412,0.3151746381371932,944.0,135.0,26.0,91.93,35.0,255.0,809.0,0,0,0,70.7
655,ICICIGI,Mar 2023,17876,0,16612.0,1264.0,7,991,142,2113,18.0,1729,35.0,31.0,741.0,491.0,9953.0,35.0,44607.0,55086.0,883.0,25.0,42836.0,11342.0,55086.0,619.0,2290.0,-1685.0,-695.0,-90.0,9.672186171402998,92.92906690534795,16.554959785522787,0.003351206434316354,16.769929364278507,0.3245107649856588,605.0,1685.0,35.0,104.44,31.0,35.0,2290.0,0,0,0,70.7
656,ICICIGI,Mar 2024,20487,0,17910.0,2577.0,13,112,134,2555,25.0,1919,39.0,28.0,742.0,493.0,11712.0,35.0,51068.0,63308.0,930.0,94.0,48584.0,13700.0,63308.0,620.0,2407.0,-1921.0,-355.0,131.0,9.366915605017816,87.42129155073948,15.7230643179025,0.0028676771814829987,160.02678571428572,0.3236083907247109,486.0,1921.0,39.0,122.05,28.0,35.0,2407.0,11.49,19.55,18.89,70.7
658,ICICIPRULI,Mar 2013,20025,14,19280.0,745.0,4,900,41,1591,5.0,1515,11.0,32.0,744.0,1429.0,2532.0,0.0,71260.0,75220.0,165.0,7.0,73716.0,1332.0,75220.0,621.0,-2641.0,1564.0,-514.0,-1591.0,7.5655430711610485,96.27965043695382,38.24791719262812,0.0,21.426666666666666,0.2662190906673757,-1077.0,1564.0,11.0,39.61,32.0,0.0,-2641.0,0,0,0,49.6
659,ICICIPRULI,Mar 2014,21888,15,20384.0,1504.0,7,129,47,1572,1.0,1561,11.0,70.0,745.0,1429.0,2954.0,0.0,77090.0,81474.0,197.0,5.0,80101.0,1171.0,81474.0,622.0,-2382.0,6012.0,-1091.0,2539.0,7.131761695906433,93.12865497076024,35.614875655943415,0.0,158.06976744186048,0.2686501215111569,3630.0,6012.0,11.0,43.83,70.0,0.0,-2382.0,0,0,0,49.6
660,ICICIPRULI,Mar 2015,34453,17,32798.0,1655.0,5,43,40,1642,0.0,1640,11.0,51.0,746.0,1432.0,3833.0,0.0,95951.0,101215.0,209.0,6.0,99491.0,1509.0,101215.0,623.0,523.0,-1822.0,-966.0,-2264.0,4.760107973180855,95.1963544538937,31.14909781576448,0.0,762.8604651162791,0.34039421034431655,-1299.0,1822.0,11.0,52.65,51.0,0.0,523.0,0,0,0,49.6
661,ICICIPRULI,Mar 2016,20849,0,19008.0,1842.0,9,0,0,1842,10.0,1650,12.0,73.0,747.0,1432.0,3891.0,1029.0,98413.0,104765.0,212.0,7.0,103024.0,1522.0,104765.0,624.0,3634.0,27.0,-1442.0,2219.0,7.91404863542616,91.16984028010936,30.99755776817584,0.19331204208153296,0,0.1990073020569847,3661.0,27.0,12.0,53.23,73.0,1029.0,3634.0,0,0,0,49.6
662,ICICIPRULI,Mar 2017,37816,15,36010.0,1806.0,5,130,58,1863,10.0,1682,12.0,63.0,748.0,1435.0,4971.0,0.0,118335.0,124741.0,207.0,7.0,121581.0,2946.0,124741.0,625.0,4130.0,-696.0,-994.0,2439.0,4.447852760736196,95.22424370636767,26.256634405245084,0.0,277.03846153846155,0.3031561395210877,3434.0,696.0,12.0,64.06,63.0,0.0,4130.0,0,0,0,49.6
663,ICICIPRULI,Mar 2018,38832,20,37062.0,1771.0,5,132,44,1839,12.0,1619,11.0,59.0,749.0,1436.0,5138.0,0.0,135245.0,141819.0,404.0,18.0,138537.0,2859.0,141819.0,626.0,5690.0,-5389.0,-1188.0,-887.0,4.169241862381541,95.44190358467245,24.627319744447824,0.0,280.81060606060606,0.27381380492035623,301.0,5389.0,11.0,65.74,59.0,0.0,5690.0,0,0,0,49.6
664,ICICIPRULI,Mar 2019,41463,23,40922.0,541.0,1,813,57,1274,11.0,1139,8.0,40.0,750.0,1436.0,5435.0,0.0,156215.0,163086.0,463.0,13.0,159003.0,3607.0,163086.0,627.0,11377.0,-7559.0,-843.0,2975.0,2.747027470274703,98.69522224634011,16.57691747926066,0.0,50.33579335793358,0.25424009418343696,3818.0,7559.0,8.0,68.71,40.0,0.0,11377.0,0,0,0,49.6
665,ICICIPRULI,Mar 2020,21025,0,21344.0,-319.0,-2,1578,61,1198,11.0,1067,7.0,11.0,751.0,1436.0,5777.0,0.0,148818.0,156031.0,932.0,20.0,150776.0,4303.0,156031.0,628.0,8596.0,-10797.0,-405.0,-2606.0,5.074910820451843,101.51724137931035,14.792735338971303,0.0,13.524714828897338,0.13474886400779332,-2201.0,10797.0,7.0,72.13,11.0,0.0,8596.0,0,0,0,49.6
666,ICICIPRULI,Mar 2021,83182,0,83572.0,-390.0,0,1669,60,1219,22.0,956,7.0,30.0,752.0,1436.0,7673.0,1200.0,206911.0,217220.0,911.0,22.0,211727.0,4560.0,217220.0,629.0,7314.0,-5084.0,1205.0,3434.0,1.1492871053833762,100.46885143420452,10.495114721703809,0.1317378416950269,50.07309766327142,0.382938955897247,2230.0,5084.0,7.0,91.09,30.0,1200.0,7314.0,0,0,0,49.6
667,ICICIPRULI,Mar 2022,63564,0,65728.0,-2163.0,-3,3191,67,961,21.0,759,5.0,10.0,753.0,1437.0,7721.0,1200.0,234079.0,244437.0,433.0,54.0,238101.0,5848.0,244437.0,630.0,1831.0,-816.0,-319.0,696.0,1.194072116292241,103.40444276634572,8.287835772002621,0.1310329766324525,20.5969915387026,0.26004246492961375,1015.0,816.0,5.0,91.58,10.0,1200.0,1831.0,0,0,0,49.6
668,ICICIPRULI,Mar 2023,50478,0,52235.0,-1757.0,-3,2925,84,1085,25.0,813,6.0,11.0,754.0,1439.0,8651.0,1200.0,244562.0,255851.0,479.0,117.0,248216.0,7039.0,255851.0,631.0,89.0,-1145.0,-112.0,-1168.0,1.6106026387733272,103.48072427592219,8.057482656095145,0.11892963330029732,17.857094017094017,0.1972945190755557,-1056.0,1145.0,6.0,100.9,11.0,1200.0,89.0,0,0,0,49.6
669,ICICIPRULI,Mar 2024,90307,0,92136.0,-1829.0,-2,2970,113,1028,17.0,851,6.0,10.0,755.0,1441.0,9564.0,1200.0,286796.0,299001.0,670.0,49.0,289728.0,8553.0,299001.0,632.0,-7315.0,7420.0,-88.0,17.0,0.942341125272681,102.02531365231931,7.732848705134029,0.10904134484325306,31.021548821548823,0.3020290902037117,105.0,7420.0,6.0,110.05,10.0,1200.0,-7315.0,14.16,1.34,0.0,49.6
1362,INDIGO,Mar 2013,9203,73,8348.0,855.0,9,296,86,993,21.0,787,25647.0,70.0,757.0,0.4,4.0,11.0,11.0,26.0,5.0,0.0,0.0,21.0,26.0,633.0,1741.0,-1890.0,36.0,-113.0,8.551559274149733,90.7095512332935,200.0,2.5,28.23310810810811,353.96153846153845,-149.0,1890.0,25647.0,0.044000000000000004,70.0,11.0,1741.0,0,0,0,70.39999999999999
1363,INDIGO,Mar 2014,11117,123,10684.0,433.0,4,391,226,475,0.0,474,15454.0,80.0,758.0,0.4,4.0,14.0,16.0,35.0,10.0,0.0,0.0,25.0,35.0,634.0,1595.0,-2914.0,1285.0,-34.0,4.263740217684627,96.10506431591257,200.0,3.1818181818181817,27.335038363171357,317.62857142857143,-1319.0,2914.0,15454.0,0.044000000000000004,80.0,14.0,1595.0,0,0,0,70.39999999999999
1364,INDIGO,Mar 2015,13925,150,12022.0,1904.0,14,395,302,1847,29.0,1304,42481.0,83.0,759.0,0.4,26.0,4.0,30.0,61.0,12.0,1.0,1.0,46.0,61.0,635.0,2384.0,-940.0,-1308.0,136.0,9.364452423698385,86.33393177737881,200.0,0.15151515151515152,30.470886075949366,228.27868852459017,1444.0,940.0,42481.0,0.264,83.0,4.0,2384.0,0,0,0,70.39999999999999
1365,INDIGO,Mar 2016,16140,350,12976.0,3164.0,20,515,505,2824,30.0,1986,55.0,27.0,760.0,0.4,129.0,8.0,58.0,196.0,13.0,0.0,124.0,58.0,196.0,636.0,3116.0,-1337.0,-1220.0,559.0,12.304832713754648,80.39653035935564,200.0,0.061823802163833076,25.23495145631068,82.34693877551021,1779.0,1337.0,55.0,1.294,27.0,8.0,3116.0,0,0,0,70.39999999999999
1366,INDIGO,Mar 2017,18580,406,16362.0,2219.0,12,789,457,2144,23.0,1659,46.0,74.0,761.0,29.0,69.0,52.0,97.0,246.0,91.0,2.0,16.0,137.0,246.0,637.0,3782.0,-3033.0,-1401.0,-652.0,8.928955866523143,88.06243272335846,200.0,0.5306122448979592,20.752851711026615,75.52845528455285,749.0,3033.0,46.0,0.98,74.0,52.0,3782.0,0,0,0,70.39999999999999
1367,INDIGO,Mar 2018,23021,413,19991.0,3030.0,13,947,437,3127,28.0,2242,58.0,10.0,762.0,29.0,71.0,54.0,125.0,279.0,95.0,2.0,15.0,167.0,279.0,638.0,3903.0,-4152.0,766.0,518.0,9.738934016767299,86.8381043395161,200.0,0.54,21.123548046462513,82.51254480286738,-249.0,4152.0,58.0,1.0,10.0,54.0,3903.0,0,0,0,70.39999999999999
1368,INDIGO,Mar 2019,28497,563,28648.0,-151.0,-1,1325,760,-149,-99.0,156,4.0,123.0,763.0,29.0,100.0,88.0,156.0,373.0,149.0,4.0,20.0,201.0,373.0,639.0,3160.0,-2526.0,-592.0,42.0,0.547426044846826,100.52988033828123,120.93023255813952,0.6821705426356589,21.620377358490565,76.39946380697052,634.0,2526.0,4.0,1.29,123.0,88.0,3160.0,0,0,0,70.39999999999999
1369,INDIGO,Mar 2020,35756,1902,31687.0,4069.0,11,1531,3974,-275,-10.0,-248,-6.0,0.0,764.0,29.0,150.0,75.0,169.0,422.0,201.0,1.0,21.0,199.0,422.0,640.0,6943.0,-4573.0,-2407.0,-37.0,-0.69358988701197,88.62009173285603,-100.0,0.41899441340782123,20.70411495754409,84.72985781990522,2370.0,4573.0,-6.0,1.79,0.0,75.0,6943.0,0,0,0,70.39999999999999
1370,INDIGO,Mar 2021,14641,2170,14638.0,2.0,0,1036,4699,-5830,0.0,-6171,-151.0,0.0,765.0,48.0,516.0,9.0,239.0,811.0,249.0,3.0,50.0,509.0,811.0,641.0,-1620.0,3228.0,-1775.0,-168.0,-42.14876033057851,99.97950959633904,-100.0,0.015957446808510637,14.12934362934363,18.053020961775587,1608.0,3228.0,-151.0,5.64,0.0,9.0,-1620.0,0,0,0,70.39999999999999
1371,INDIGO,Mar 2022,25931,2386,25373.0,558.0,2,725,5068,-6171,0.0,-317,-160.0,0.0,766.0,48.0,602.0,12.0,258.0,920.0,253.0,51.0,173.0,442.0,920.0,642.0,2064.0,1527.0,-3088.0,503.0,-1.2224750298870077,97.84813543635032,-48.769230769230774,0.018461538461538463,35.0,28.18586956521739,3591.0,1527.0,-160.0,6.5,0.0,12.0,2064.0,0,0,0,70.39999999999999
1372,INDIGO,Mar 2023,54446,3168,47926.0,6521.0,12,1431,5101,-317,0.0,-317,-8.0,0.0,767.0,48.0,729.0,12.0,274.0,1062.0,265.0,251.0,132.0,414.0,1062.0,643.0,12703.0,-4039.0,-8432.0,232.0,-0.582228262865959,88.02483194357713,-40.7979407979408,0.015444015444015444,33.49965059399022,51.26741996233522,8664.0,4039.0,-8.0,7.77,0.0,12.0,12703.0,0,0,0,70.39999999999999
1373,INDIGO,Mar 2024,68904,4805,52573.0,16331.0,24,2326,6406,8043,-2.0,8167,212.0,0.0,768.0,48.0,867.0,17.0,290.0,1222.0,548.0,15.0,188.0,471.0,1222.0,644.0,21183.0,-11759.0,-9979.0,-555.0,11.852722628584697,76.29890862649484,200.0,0.018579234972677595,22.612639724849526,56.38625204582652,9424.0,11759.0,212.0,9.15,0.0,17.0,21183.0,20.13,23.29,-70.43,70.39999999999999
697,INDUSINDBK,Mar 2013,6983,4750,1947.0,286.0,4,1363,73,1576,33.0,1061,20.0,15.0,770.0,523.0,7107.0,63576.0,2100.0,73307.0,741.0,16.0,19654.0,52896.0,73307.0,645.0,-486.0,-174.0,1969.0,1309.0,15.194042675068022,27.881999140770443,13.905635648754917,8.332372214941023,1.4314013206162877,0.09525693317145702,-660.0,174.0,20.0,76.3,15.0,63576.0,-486.0,0,0,0,76.1
698,INDUSINDBK,Mar 2014,8254,5363,2555.0,335.0,4,1891,98,2128,34.0,1408,27.0,13.0,771.0,526.0,8517.0,75264.0,2719.0,87026.0,991.0,25.0,21563.0,64447.0,87026.0,646.0,-4106.0,-174.0,4200.0,-79.0,17.058395929246426,30.95468863581294,15.570054185557892,8.3229016919164,1.3532522474881015,0.09484521867028245,-4280.0,174.0,27.0,90.43,13.0,75264.0,-4106.0,0,0,0,76.1
699,INDUSINDBK,Mar 2015,9692,6272,3133.0,288.0,3,2548,127,2709,34.0,1794,34.0,12.0,772.0,529.0,10115.0,94752.0,6390.0,111787.0,1120.0,38.0,22878.0,87751.0,111787.0,647.0,-1421.0,-276.0,5707.0,4010.0,18.510111432108957,32.32562938505985,16.85456595264938,8.901916572717024,1.2307692307692308,0.08670060024868724,-1697.0,276.0,34.0,106.44,12.0,94752.0,-1421.0,0,0,0,76.1
700,INDUSINDBK,Mar 2016,11872,7355,4188.0,329.0,3,3297,157,3469,34.0,2286,38.0,12.0,773.0,595.0,17101.0,117996.0,7205.0,142897.0,1218.0,37.0,34054.0,107587.0,142897.0,648.0,-2927.0,-258.0,2517.0,-667.0,19.255390835579515,35.27628032345013,12.918173598553345,6.667947558770344,1.2711555959963603,0.08308082045109415,-3185.0,258.0,38.0,176.96,12.0,117996.0,-2927.0,0,0,0,76.1
701,INDUSINDBK,Mar 2017,14406,8343,5684.0,379.0,3,4171,191,4360,34.0,2868,48.0,13.0,774.0,598.0,20048.0,149026.0,8976.0,178648.0,1307.0,28.0,36702.0,140611.0,178648.0,649.0,11569.0,-285.0,-2768.0,8516.0,19.908371511870055,39.455782312925166,13.891310665504214,7.218153637508476,1.3634619995204986,0.08063902198737181,11284.0,285.0,48.0,206.46,13.0,149026.0,11569.0,0,0,0,76.1
702,INDUSINDBK,Mar 2018,17281,9783,6555.0,942.0,5,4750,212,5481,34.0,3606,60.0,12.0,775.0,600.0,23241.0,189928.0,7856.0,221626.0,1313.0,25.0,50077.0,170211.0,221626.0,650.0,-20700.0,-217.0,15505.0,-5412.0,20.866847983334296,37.931832648573575,15.125204479677864,7.966444360555346,1.3810526315789473,0.07797370344634655,-20917.0,217.0,60.0,238.41,12.0,189928.0,-20700.0,0,0,0,76.1
703,INDUSINDBK,Mar 2019,22261,13415,9283.0,-437.0,-2,5647,229,4981,34.0,3301,55.0,14.0,776.0,603.0,26083.0,242189.0,8944.0,277819.0,1688.0,22.0,59266.0,216843.0,277819.0,651.0,-6389.0,-633.0,8590.0,1568.0,14.82862405103095,41.70073222227214,12.369781908116616,9.075507756876265,1.6435275367451745,0.08012770904797728,-7022.0,633.0,55.0,266.86,14.0,242189.0,-6389.0,0,0,0,76.1
704,INDUSINDBK,Mar 2020,28783,16724,12611.0,-553.0,-2,6951,278,6121,28.0,4418,64.0,0.0,777.0,694.0,34013.0,262793.0,9558.0,307058.0,1742.0,78.0,59980.0,245257.0,307058.0,652.0,-12039.0,526.0,12733.0,1220.0,15.349338150991903,43.81405690859187,12.729420577981386,7.57175785864523,1.813983599482089,0.09373799086817475,-11513.0,526.0,64.0,347.07,0.0,262793.0,-12039.0,0,0,0,76.1
705,INDUSINDBK,Mar 2021,29000,15472,15997.0,-2469.0,-9,6559,305,3784,25.0,2836,37.0,14.0,778.0,773.0,42592.0,307528.0,12080.0,362973.0,1734.0,75.0,69695.0,291469.0,362973.0,653.0,44646.0,-226.0,-4096.0,40324.0,9.779310344827588,55.16206896551724,6.5398362734924484,7.091617664014758,2.4375667022411953,0.07989574982161207,44420.0,226.0,37.0,433.65,14.0,307528.0,44646.0,0,0,0,76.1
706,INDUSINDBK,Mar 2022,30822,15822,15840.0,-839.0,-3,7334,321,6174,25.0,4611,60.0,14.0,779.0,775.0,46923.0,341005.0,13273.0,401975.0,1754.0,95.0,70971.0,329155.0,401975.0,654.0,16600.0,-351.0,-4302.0,11947.0,14.960093439750827,51.39186295503212,9.667071994632899,7.149251540945113,2.1593946004908644,0.07667641022451645,16249.0,351.0,60.0,476.98,14.0,341005.0,16600.0,0,0,0,76.1
707,INDUSINDBK,Mar 2023,36368,18776,15525.0,2067.0,6,8166,373,9860,25.0,7390,95.0,15.0,780.0,776.0,53846.0,385449.0,17733.0,457804.0,1857.0,135.0,83116.0,372695.0,457804.0,655.0,-12438.0,-441.0,1115.0,-11763.0,20.320061592608887,42.68862736471624,13.5293471495002,7.056662150781737,1.90191036002939,0.07944010974128667,-12879.0,441.0,95.0,546.22,15.0,385449.0,-12438.0,0,0,0,76.1
708,INDUSINDBK,Mar 2024,45748,25132,17638.0,2978.0,7,9388,425,11942,25.0,8950,115.0,14.0,781.0,778.0,62019.0,432404.0,19734.0,514935.0,2001.0,197.0,106527.0,406211.0,514935.0,656.0,-16843.0,-625.0,-2242.0,-19710.0,19.56369677362945,38.55469091544986,14.252273197764223,6.885742949503957,1.8795270558159352,0.08884228106460039,-17468.0,625.0,115.0,627.97,14.0,432404.0,-16843.0,19.87,27.72,24.57,76.1
710,INFY,Mar 2013,40352,28814,11538.0,29.0,2365,5,1099,12799,26.0,9429,21.0,25.0,782.0,286.0,37708.0,0.0,8281.0,46275.0,7139.0,1140.0,2116.0,35880.0,46275.0,657.0,7373.0,-2922.0,-3210.0,1241.0,23.366871530531323,28.59337827121332,24.81707638048113,0.0,2780.6,0.8720043219881145,4451.0,2922.0,21.0,379.94,25.0,0.0,7373.0,0,0,0,62.2
711,INFY,Mar 2014,50133,36743,13390.0,27.0,2664,9,1317,14728,28.0,10656,23.0,34.0,783.0,286.0,44244.0,0.0,12436.0,56966.0,8378.0,961.0,4331.0,43296.0,56966.0,658.0,9825.0,-2563.0,-3144.0,4118.0,21.255460475136136,26.70895418187621,23.92993487536492,0.0,1783.7777777777778,0.8800512586455078,7262.0,2563.0,23.0,445.3,34.0,0.0,9825.0,0,0,0,62.2
712,INFY,Mar 2015,53319,38436,14883.0,28.0,3430,12,1017,17284,28.0,12372,27.0,55.0,784.0,572.0,50164.0,0.0,15553.0,66289.0,11346.0,776.0,2270.0,51897.0,66289.0,659.0,8353.0,999.0,-4935.0,4417.0,23.20373600405109,27.913126652787934,24.385052034058656,0.0,1526.0833333333333,0.804341595136448,9352.0,999.0,27.0,507.36,55.0,0.0,8353.0,0,0,0,62.2
713,INFY,Mar 2016,62441,45362,17079.0,27.0,3120,0,1459,18740,28.0,13489,29.0,41.0,785.0,1144.0,60600.0,0.0,13354.0,75098.0,13386.0,960.0,1892.0,58860.0,75098.0,660.0,10028.0,-885.0,-6813.0,2330.0,21.602793036626576,27.352220496148366,21.84665716506867,0.0,0,0.8314602253056007,9143.0,885.0,29.0,617.44,41.0,0.0,10028.0,0,0,0,62.2
714,INFY,Mar 2017,68484,49880,18604.0,27.0,3050,0,1703,19951,28.0,14353,31.0,41.0,786.0,1144.0,67838.0,0.0,14166.0,83148.0,14179.0,1365.0,16423.0,51181.0,83148.0,661.0,11531.0,-14664.0,-6939.0,-10072.0,20.958180012849716,27.165469306699375,20.80687715635963,0.0,0,0.8236397748592871,-3133.0,14664.0,31.0,689.82,41.0,0.0,11531.0,0,0,0,62.2
715,INFY,Mar 2018,70522,51700,18822.0,27.0,3311,0,1863,20270,21.0,16029,37.0,59.0,787.0,1088.0,63835.0,0.0,14426.0,79349.0,12574.0,1606.0,12163.0,53006.0,79349.0,662.0,13218.0,4533.0,-20505.0,-2754.0,22.729077451008195,26.68954368849437,24.689247262141308,0.0,0,0.888757262221326,17751.0,4533.0,37.0,649.23,59.0,0.0,13218.0,0,0,0,62.2
716,INFY,Mar 2019,82675,62505,20170.0,24.0,2882,0,2011,21041,27.0,15410,35.0,60.0,788.0,2170.0,62778.0,0.0,19118.0,84066.0,15710.0,1388.0,11261.0,55707.0,84066.0,663.0,14841.0,-632.0,-14512.0,-303.0,18.639250075597218,24.396734200181434,23.726673646609594,0.0,0,0.9834534770299527,14209.0,632.0,35.0,649.48,60.0,0.0,14841.0,0,0,0,62.2
717,INFY,Mar 2020,90791,68524,22267.0,25.0,2803,170,2893,22007,24.0,16639,39.0,45.0,789.0,2122.0,63328.0,4633.0,21717.0,91800.0,23789.0,954.0,8792.0,58265.0,91800.0,664.0,17003.0,-331.0,-17591.0,-919.0,18.32670639160269,24.525558700752278,25.422459893048128,0.0707868601986249,147.47058823529412,0.98900871459695,16672.0,331.0,39.0,654.5,45.0,4633.0,17003.0,0,0,0,62.2
718,INFY,Mar 2021,100472,72583,27889.0,28.0,2201,195,3267,26628,27.0,19423,45.0,59.0,790.0,2124.0,74227.0,5325.0,25835.0,107511.0,25505.0,922.0,14205.0,66879.0,107511.0,665.0,23224.0,-7373.0,-9786.0,6065.0,19.331754120550997,27.757982323433396,25.43909051616875,0.06974368377624393,154.30769230769232,0.9345276297309113,15851.0,7373.0,45.0,763.51,59.0,5325.0,23224.0,0,0,0,62.2
719,INFY,Mar 2022,121641,90150,31491.0,26.0,2295,200,3476,30110,26.0,22146,53.0,59.0,791.0,2098.0,73252.0,5474.0,35905.0,116729.0,25800.0,416.0,20324.0,70189.0,116729.0,666.0,23885.0,-6485.0,-24642.0,-7242.0,18.20603250548746,25.88847510296693,29.39084273390843,0.07264764432647644,168.93,1.0420803742000702,17400.0,6485.0,53.0,753.5,59.0,5474.0,23885.0,0,0,0,62.2
720,INFY,Mar 2023,146767,111637,35130.0,24.0,2701,284,4225,33322,28.0,24108,58.0,73.0,792.0,2069.0,73338.0,8299.0,40890.0,124596.0,29225.0,288.0,19478.0,75605.0,124596.0,667.0,22467.0,-1071.0,-26695.0,-5299.0,16.426035825492104,23.93589839677857,31.970506716883047,0.11005609558794277,133.20774647887325,1.1779431121384314,21396.0,1071.0,58.0,754.07,73.0,8299.0,22467.0,0,0,0,62.2
721,INFY,Mar 2024,153670,117245,36425.0,24.0,4711,470,4678,35988,27.0,26248,63.0,0.0,793.0,2071.0,86045.0,8359.0,39545.0,136020.0,27622.0,293.0,24623.0,83482.0,136020.0,668.0,25210.0,-5093.0,-17504.0,2613.0,17.08075746730006,23.703390381987376,29.788006718416632,0.09486358890553362,87.52340425531915,1.129760329363329,20117.0,5093.0,63.0,881.16,0.0,8359.0,25210.0,11.81,11.2,11.99,62.2
723,IOC,Mar 2013,461780,447919,13861.0,3.0,3499,7164,5692,4504,19.0,3627,3.0,36.0,795.0,2428.0,60609.0,89671.0,89170.0,241878.0,66774.0,27240.0,17351.0,130514.0,241878.0,669.0,9340.0,-9294.0,352.0,398.0,0.7854389536142752,3.0016458053618607,5.753763662610847,1.422513761758967,2.4232272473478504,1.9091442793474396,46.0,9294.0,3.0,630.37,36.0,89671.0,9340.0,0,0,0,56.2
724,IOC,Mar 2014,488345,471123,17222.0,4.0,5064,5948,6360,9978,30.0,6967,5.0,30.0,796.0,2428.0,65485.0,94916.0,103124.0,265953.0,72554.0,38061.0,15895.0,139443.0,265953.0,670.0,24195.0,-18594.0,-3116.0,2485.0,1.4266553358793475,3.526605166429471,10.258713353849778,1.39761165019952,3.7468056489576327,1.8362079013961115,5601.0,18594.0,5.0,679.13,30.0,94916.0,24195.0,0,0,0,56.2
725,IOC,Mar 2015,449507,438932,10575.0,2.0,5860,4201,5219,7014,31.0,4872,3.0,33.0,797.0,2428.0,66404.0,64893.0,100158.0,233883.0,76781.0,40378.0,16069.0,100655.0,233883.0,671.0,46092.0,-10215.0,-38283.0,-2406.0,1.0838540890353208,2.352577379217676,7.078103207810321,0.942773709902371,3.912163770530826,1.9219310509955834,35877.0,10215.0,3.0,688.32,33.0,64893.0,46092.0,0,0,0,56.2
726,IOC,Mar 2016,346045,324007,22038.0,6.0,5219,3487,5698,18072,31.0,12413,8.0,28.0,798.0,2370.0,87610.0,58552.0,83184.0,231715.0,100033.0,26219.0,31185.0,74278.0,231715.0,672.0,25624.0,-13610.0,-11890.0,124.0,3.587105723244087,6.3685358840613215,13.79528784174261,0.6507223827517226,7.816747920848867,1.4934078501607577,12014.0,13610.0,8.0,899.8,28.0,58552.0,25624.0,0,0,0,56.2
727,IOC,Mar 2017,355379,321230,34149.0,10.0,4356,3743,6806,27956,27.0,20385,14.0,45.0,799.0,4739.0,97357.0,63271.0,108352.0,273719.0,115958.0,16778.0,43687.0,97295.0,273719.0,673.0,28216.0,-17684.0,-10937.0,-405.0,5.736129596852938,9.609177807354964,19.966502115655853,0.6197206550697383,10.287202778519903,1.2983351539352401,10532.0,17684.0,14.0,1020.96,45.0,63271.0,28216.0,0,0,0,56.2
728,IOC,Mar 2018,421492,379834,41658.0,10.0,4331,3875,7664,34450,34.0,22626,15.0,90.0,800.0,9479.0,104395.0,65650.0,116336.0,295860.0,124053.0,19130.0,44806.0,107871.0,295860.0,674.0,29115.0,-17119.0,-12007.0,-11.0,5.36807341539104,9.883461607812247,19.869329258654304,0.5765143931011468,11.868129032258064,1.424633272493747,11996.0,17119.0,15.0,1138.74,90.0,65650.0,29115.0,0,0,0,56.2
729,IOC,Mar 2019,528158,492896,35262.0,7.0,4097,4925,8506,25927,33.0,17274,12.0,49.0,801.0,9181.0,103288.0,96765.0,126128.0,335363.0,132494.0,28281.0,44112.0,130476.0,335363.0,675.0,12747.0,-22569.0,10436.0,614.0,3.2706122031664764,6.676411225428754,15.358898896584835,0.8603704131805209,7.991675126903553,1.5748845281083483,-9822.0,22569.0,12.0,1124.69,49.0,96765.0,12747.0,0,0,0,56.2
730,IOC,Mar 2020,483763,467710,16053.0,3.0,-7165,5792,10273,-7177,-74.0,-1876,-1.0,-437.0,802.0,9181.0,86217.0,129790.0,104773.0,329962.0,147022.0,32845.0,35571.0,114524.0,329962.0,676.0,7146.0,-29101.0,22456.0,502.0,-0.3877931962551911,3.31836043682547,-1.9664982494391918,1.3605107025304515,1.5345303867403315,1.4661173104781762,-21955.0,29101.0,-1.0,953.98,-437.0,129790.0,7146.0,0,0,0,56.2
731,IOC,Mar 2021,363950,324021,39929.0,11.0,4696,2933,10941,30751,29.0,21762,15.0,51.0,803.0,9181.0,102657.0,116649.0,126658.0,355145.0,157085.0,36291.0,44717.0,117053.0,355145.0,677.0,49650.0,-22935.0,-27369.0,-653.0,5.9793927737326555,10.971012501717269,19.458502476796795,1.043017578998194,15.214797136038186,1.0247926903095919,26715.0,22935.0,15.0,1118.38,51.0,116649.0,49650.0,0,0,0,56.2
732,IOC,Mar 2022,589321,541563,47758.0,8.0,4332,5454,12348,34289,25.0,25727,18.0,46.0,804.0,9181.0,124354.0,132020.0,145327.0,410882.0,160514.0,47469.0,52352.0,150546.0,410882.0,678.0,25747.0,-21294.0,-4058.0,395.0,4.365532536597202,8.103902626921492,19.266110008611975,0.9886546598270116,9.550788412174551,1.434282835461276,4453.0,21294.0,18.0,1335.35,46.0,132020.0,25747.0,0,0,0,56.2
733,IOC,Mar 2023,841756,811073,30683.0,4.0,5124,7588,13181,15038,22.0,11704,7.0,42.0,805.0,13772.0,125949.0,148977.0,153298.0,441995.0,180048.0,51133.0,52190.0,158624.0,441995.0,679.0,29644.0,-28030.0,-1794.0,-180.0,1.3904266794653084,3.6451180627165116,8.37669355358178,1.0662463051366653,4.7188982604111755,1.9044468828832906,1614.0,28030.0,7.0,1397.21,42.0,148977.0,29644.0,0,0,0,56.2
734,IOC,Mar 2024,776352,700706,75646.0,10.0,5389,7881,15866,57288,25.0,43161,30.0,40.0,806.0,13772.0,169645.0,132628.0,166639.0,482683.0,195998.0,61032.0,65542.0,160111.0,482683.0,680.0,71099.0,-31464.0,-39385.0,250.0,5.559462717942377,9.743776019125345,23.53162465856491,0.7230954600718581,10.282324578099226,1.6084096601703395,39635.0,31464.0,30.0,1834.17,40.0,132628.0,71099.0,-1.81,44.22,37.97,56.2
736,IRCTC,Mar 2015,1059,907,152.0,14.0,82,0,20,214,39.0,131,13.0,20.0,808.0,20.0,424.0,0.0,718.0,1162.0,155.0,16.0,0.0,990.0,1162.0,681.0,69.0,-46.0,-17.0,6.0,12.370160528800756,14.353163361661943,29.504504504504503,0.0,0,0.9113597246127366,23.0,46.0,13.0,4.44,20.0,0.0,69.0,0,0,0,64.60000000000001
737,IRCTC,Mar 2016,1367,1176,190.0,14.0,139,0,21,309,39.0,189,19.0,40.0,809.0,20.0,522.0,0.0,895.0,1437.0,159.0,14.0,0.0,1264.0,1437.0,682.0,288.0,7.0,-31.0,263.0,13.825896122896856,13.89904901243599,34.87084870848708,0.0,0,0.9512874043145442,295.0,7.0,19.0,5.42,40.0,0.0,288.0,0,0,0,64.60000000000001
738,IRCTC,Mar 2017,1520,1206,314.0,21.0,67,3,22,355,35.0,229,11.0,49.0,810.0,40.0,747.0,0.0,1040.0,1826.0,170.0,17.0,0.0,1639.0,1826.0,683.0,338.0,94.0,-136.0,296.0,15.06578947368421,20.657894736842106,29.09783989834816,0.0,127.0,0.8324205914567361,432.0,94.0,11.0,7.87,49.0,0.0,338.0,0,0,0,64.60000000000001
739,IRCTC,Mar 2018,1466,1192,274.0,19.0,99,3,24,346,36.0,221,11.0,21.0,811.0,40.0,915.0,0.0,1365.0,2319.0,190.0,8.0,0.0,2122.0,2319.0,684.0,24.0,40.0,-57.0,7.0,15.075034106412005,18.69031377899045,23.141361256544503,0.0,124.33333333333333,0.6321690383786115,64.0,40.0,11.0,9.55,21.0,0.0,24.0,0,0,0,64.60000000000001
740,IRCTC,Mar 2019,1870,1487,383.0,20.0,126,2,29,479,36.0,309,4.0,98.0,812.0,160.0,911.0,0.0,1523.0,2594.0,182.0,40.0,0.0,2372.0,2594.0,685.0,499.0,-353.0,-179.0,-33.0,16.524064171122994,20.481283422459892,28.851540616246496,0.0,254.5,0.7208943716268311,146.0,353.0,4.0,10.71,98.0,0.0,499.0,0,0,0,64.60000000000001
741,IRCTC,Mar 2020,2264,1562,703.0,31.0,77,10,40,730,30.0,513,6.0,39.0,813.0,160.0,1154.0,0.0,1928.0,3241.0,285.0,16.0,0.0,2941.0,3241.0,686.0,409.0,8.0,-280.0,137.0,22.659010600706715,31.051236749116605,39.04109589041096,0.0,78.0,0.6985498302992903,417.0,8.0,6.0,13.14,39.0,0.0,409.0,0,0,0,64.60000000000001
742,IRCTC,Mar 2021,777,589,188.0,24.0,124,8,46,258,27.0,187,2.0,43.0,814.0,160.0,1296.0,79.0,1618.0,3153.0,311.0,24.0,0.0,2818.0,3153.0,687.0,248.0,-453.0,-47.0,-252.0,24.066924066924066,24.195624195624195,12.843406593406591,0.05425824175824176,39.0,0.24643196955280686,-205.0,453.0,2.0,14.56,43.0,79.0,248.0,0,0,0,64.60000000000001
743,IRCTC,Mar 2022,1879,1005,874.0,47.0,72,11,49,885,26.0,660,8.0,42.0,815.0,160.0,1710.0,105.0,1909.0,3884.0,335.0,26.0,0.0,3522.0,3884.0,688.0,524.0,-242.0,-258.0,23.0,35.125066524747204,46.514103246407664,35.294117647058826,0.05614973262032086,86.0,0.4837796086508754,282.0,242.0,8.0,18.7,42.0,105.0,524.0,0,0,0,64.60000000000001
744,IRCTC,Mar 2023,3541,2265,1276.0,36.0,148,16,54,1354,26.0,1006,13.0,44.0,816.0,160.0,2318.0,84.0,2526.0,5089.0,351.0,34.0,0.0,4704.0,5089.0,689.0,812.0,-317.0,-434.0,61.0,28.410053657158997,36.0350183563965,40.597255851493145,0.03389830508474576,89.0,0.6958145018667715,495.0,317.0,13.0,24.78,44.0,84.0,812.0,0,0,0,64.60000000000001
745,IRCTC,Mar 2024,4270,2804,1466.0,34.0,106,19,57,1496,26.0,1111,14.0,47.0,817.0,160.0,3070.0,60.0,2801.0,6091.0,343.0,443.0,0.0,5306.0,6091.0,690.0,882.0,-215.0,-404.0,262.0,26.01873536299766,34.33255269320843,34.39628482972136,0.018575851393188854,82.73684210526316,0.7010343129207027,667.0,215.0,14.0,32.3,47.0,60.0,882.0,16.41,31.39,-14.33,64.60000000000001
747,IRFC,Mar 2013,5550,22,5528.0,100.0,2,4075,0,1454,64.0,522,222.0,21.0,819.0,2352.0,4042.0,58753.0,5608.0,70755.0,13.0,0.0,13.0,70729.0,70755.0,0.0,0.0,0.0,0.0,0.0,9.405405405405405,99.6036036036036,8.163903659680951,9.188770722552393,1.3570552147239263,0.07843968624125504,0.0,0.0,222.0,63.94,21.0,58753.0,0.0,0,0,0,55.199999999999996
748,IRFC,Mar 2014,6197,19,6178.0,100.0,1,4607,0,1572,55.0,701,209.0,6.0,820.0,3352.0,4210.0,69917.0,6451.0,83930.0,13.0,0.0,11.0,83906.0,83930.0,0.0,0.0,0.0,0.0,0.0,11.311925125060514,99.69340003227369,9.270034382438508,9.245834435334567,1.3412198827870632,0.07383533897295365,0.0,0.0,209.0,75.62,6.0,69917.0,0.0,0,0,0,55.199999999999996
749,IRFC,Mar 2015,6939,34,6905.0,100.0,1,4992,0,1914,60.0,758,212.0,20.0,821.0,3584.0,5098.0,71270.0,7696.0,87647.0,12.0,0.0,9.0,87626.0,87647.0,0.0,0.0,0.0,0.0,0.0,10.923764231157227,99.5100158524283,8.730707210320203,8.208938032711357,1.3834134615384615,0.07916985179184684,0.0,0.0,212.0,86.82,20.0,71270.0,0.0,0,0,0,55.199999999999996
750,IRFC,Mar 2016,7507,38,7468.0,99.0,1,5519,0,1950,56.0,849,188.0,40.0,822.0,4526.0,6999.0,87503.0,9372.0,108400.0,12.0,0.0,8.0,108381.0,108400.0,691.0,-16378.0,2.0,17582.0,1206.0,11.309444518449448,99.48048488077794,7.366594360086768,7.592451193058569,1.3533248776952347,0.06925276752767527,-16376.0,2.0,188.0,115.25,40.0,87503.0,-16378.0,0,0,0,55.199999999999996
751,IRFC,Mar 2017,9047,26,9021.0,100.0,0,6888,0,2133,56.0,934,143.0,40.0,823.0,6526.0,5483.0,106395.0,11245.0,129650.0,12.0,0.0,8.0,129630.0,129650.0,692.0,-19455.0,2.0,18250.0,-1204.0,10.323864264397038,99.71261191555212,7.7775002081772,8.85960529602798,1.3096689895470384,0.06978017740069417,-19453.0,2.0,143.0,120.09,40.0,106395.0,-19455.0,0,0,0,55.199999999999996
752,IRFC,Mar 2018,9267,38,9229.0,100.0,1,6638,0,2592,21.0,2055,3.0,18.0,824.0,6526.0,7402.0,134006.0,13534.0,161468.0,11.0,0.0,14.0,161443.0,161468.0,693.0,-28076.0,2.0,28075.0,0.0,22.17546131434121,99.58994280781268,14.754451464675475,9.621338311315336,1.3904790599578187,0.057392176778061285,-28074.0,2.0,3.0,139.28,18.0,134006.0,-28076.0,0,0,0,55.199999999999996
753,IRFC,Mar 2019,11134,48,11085.0,100.0,0,8183,0,2902,22.0,2255,2.0,18.0,825.0,9380.0,15648.0,173933.0,7642.0,206604.0,11.0,0.0,13.0,206579.0,206604.0,694.0,-41748.0,1.0,41749.0,3.0,20.25327824681157,99.55990659241961,9.009908902029727,6.94953651909861,1.354637663448613,0.05389053454918588,-41747.0,1.0,2.0,250.28,18.0,173933.0,-41748.0,0,0,0,55.199999999999996
754,IRFC,Mar 2020,13421,66,13355.0,100.0,0,10163,0,3192,0.0,3192,3.0,0.0,826.0,11880.0,18419.0,234377.0,10828.0,275504.0,11.0,0.0,12.0,275482.0,275504.0,695.0,-62701.0,1.0,62697.0,-2.0,23.783622680873258,99.50823336562105,10.535001155153635,7.7354698174857255,1.3140804880448687,0.04871435623439224,-62700.0,1.0,3.0,302.99,0.0,234377.0,-62701.0,0,0,0,55.199999999999996
755,IRFC,Mar 2021,15771,113,15657.0,99.0,0,11237,4,4416,0.0,4416,3.0,31.0,827.0,13069.0,22845.0,323145.0,21423.0,380482.0,45.0,0.0,12.0,380424.0,380482.0,696.0,-89907.0,0.0,90202.0,296.0,28.000760890241583,99.27715427049648,12.29604054129309,8.997744612128974,1.3933434190620273,0.041450055455974265,-89907.0,0.0,3.0,359.14,31.0,323145.0,-89907.0,0,0,0,55.199999999999996
756,IRFC,Mar 2022,20299,123,20177.0,99.0,2,14075,14,6090,0.0,6090,5.0,30.0,828.0,13069.0,27928.0,388440.0,20544.0,449980.0,38.0,0.0,10.0,449932.0,449980.0,697.0,-64412.0,-5.0,64266.0,-151.0,30.001477905315532,99.39898517168334,14.854745469180672,9.474839622411396,1.433676731793961,0.045110893817503,-64417.0,5.0,5.0,409.97,30.0,388440.0,-64412.0,0,0,0,55.199999999999996
757,IRFC,Mar 2023,23722,134,23588.0,99.0,41,17447,14,6167,0.0,6167,5.0,32.0,829.0,13069.0,31612.0,418935.0,26744.0,490359.0,19.0,0.0,14.0,490326.0,490359.0,698.0,-28588.0,0.0,28644.0,56.0,25.996964842761994,99.4351235140376,13.802287325708914,9.376133031937513,1.354330257350834,0.048376801486258024,-28588.0,0.0,5.0,446.81,32.0,418935.0,-28588.0,0,0,0,55.199999999999996
758,IRFC,Mar 2024,26645,133,26513.0,100.0,10,20101,9,6412,0.0,6412,5.0,31.0,830.0,13069.0,36110.0,412039.0,23865.0,485082.0,22.0,4.0,54.0,485003.0,485082.0,699.0,7914.0,-8.0,-8046.0,-140.0,24.064552448864703,99.50459748545694,13.038085361638096,8.378352548852153,1.3194865927068304,0.05492885738906,7906.0,8.0,5.0,491.79,31.0,412039.0,7914.0,10.8,31.53,-57.72,55.199999999999996
760,ITC,Mar 2013,31618,20398,11221.0,35.0,852,108,859,11106,31.0,7704,6.0,55.0,832.0,790.0,22368.0,102.0,12069.0,35329.0,12140.0,2062.0,5981.0,15146.0,35329.0,700.0,7102.0,-3881.0,-3310.0,-90.0,24.36586754380416,35.48927825921943,33.26712151308403,0.0044045254339753,111.78703703703704,0.8949588157038127,3221.0,3881.0,6.0,231.58,55.0,102.0,7102.0,0,0,0,59.4
761,ITC,Mar 2014,35306,22227,13080.0,37.0,966,29,965,13052,31.0,9001,7.0,54.0,833.0,795.0,26442.0,242.0,13369.0,40848.0,12921.0,3117.0,7284.0,17526.0,40848.0,701.0,7344.0,-3254.0,-4122.0,-32.0,25.49425026907608,37.04752733246474,33.04695818188493,0.00888497264750156,484.3448275862069,0.8643262828045437,4090.0,3254.0,7.0,272.37,54.0,242.0,7344.0,0,0,0,59.4
762,ITC,Mar 2015,38817,24566,14252.0,37.0,1229,91,1028,14362,32.0,9779,8.0,52.0,834.0,802.0,30934.0,269.0,13948.0,45952.0,15303.0,2700.0,6943.0,21006.0,45952.0,702.0,9843.0,-5275.0,-4661.0,-93.0,25.192570265605273,36.715871911791226,30.813587093521555,0.008476178472397277,170.12087912087912,0.844729282729805,4568.0,5275.0,8.0,317.36,52.0,269.0,9843.0,0,0,0,59.4
763,ITC,Mar 2016,39192,24661,14531.0,37.0,1483,78,1077,14859,36.0,9501,8.0,73.0,835.0,805.0,41875.0,84.0,8888.0,51651.0,15107.0,2560.0,11748.0,22237.0,51651.0,703.0,9799.0,-3921.0,-5613.0,266.0,24.242192284139623,37.07644417228006,22.261012183692596,0.0019681349578256793,205.30769230769232,0.7587849218795377,5878.0,3921.0,8.0,426.8,73.0,84.0,9799.0,0,0,0,59.4
764,ITC,Mar 2017,42768,27298,15470.0,36.0,1759,49,1153,16026,35.0,10477,8.0,56.0,836.0,1215.0,45198.0,46.0,9440.0,55898.0,15893.0,3730.0,17581.0,18694.0,55898.0,704.0,10627.0,-3251.0,-7301.0,75.0,24.497287691732136,36.171904227459784,22.57341693060134,0.0009911016310085537,351.61224489795916,0.7651078750581416,7376.0,3251.0,8.0,464.13,56.0,46.0,10627.0,0,0,0,59.4
765,ITC,Mar 2018,43449,26928,16521.0,38.0,2240,115,1236,17409,34.0,11493,9.0,56.0,837.0,1220.0,51290.0,36.0,11695.0,64241.0,16524.0,5508.0,22053.0,20156.0,64241.0,705.0,13169.0,-7114.0,-6221.0,-166.0,26.45170199544293,38.02389007802251,21.88725956960579,0.0006855836983431727,163.1391304347826,0.6763437679986302,6055.0,7114.0,9.0,525.1,56.0,36.0,13169.0,0,0,0,59.4
766,ITC,Mar 2019,48340,29802,18537.0,38.0,2080,71,1397,19150,33.0,12836,10.0,56.0,838.0,1226.0,57915.0,13.0,12585.0,71739.0,19374.0,4136.0,25043.0,23185.0,71739.0,706.0,12583.0,-5546.0,-6869.0,169.0,26.553578816714936,38.347124534546964,21.70406317106576,0.00021981366564650582,290.38028169014086,0.6738315281785361,7037.0,5546.0,10.0,591.41,56.0,13.0,12583.0,0,0,0,59.4
767,ITC,Mar 2020,49388,30044,19344.0,39.0,2417,81,1645,20035,22.0,15593,12.0,82.0,839.0,1229.0,64044.0,277.0,11760.0,77311.0,21713.0,3256.0,28663.0,23678.0,77311.0,707.0,14690.0,-6174.0,-8181.0,334.0,31.57244674819794,39.16740908722767,23.88889740015014,0.004243714859130115,268.65432098765433,0.6388224185432863,8516.0,6174.0,12.0,652.73,82.0,277.0,14690.0,0,0,0,59.4
768,ITC,Mar 2021,49257,32193,17065.0,35.0,2577,58,1646,17938,25.0,13383,11.0,101.0,840.0,1231.0,59116.0,271.0,13143.0,73761.0,23298.0,4011.0,24871.0,21580.0,73761.0,708.0,12527.0,5740.0,-18634.0,-367.0,27.16974237164261,34.64482205574842,22.17674449434106,0.004490695477819941,338.6551724137931,0.6677919225607029,18267.0,5740.0,11.0,603.47,101.0,271.0,12527.0,0,0,0,59.4
769,ITC,Mar 2022,60645,40021,20623.0,34.0,1910,60,1732,20740,25.0,15503,12.0,93.0,841.0,1232.0,61223.0,249.0,14491.0,77196.0,24232.0,3226.0,24841.0,24898.0,77196.0,709.0,15776.0,-2238.0,-13580.0,-43.0,25.563525434908072,34.00610108005606,24.822672324073334,0.003986870546793691,375.55,0.7855976993626613,13538.0,2238.0,12.0,624.55,93.0,249.0,15776.0,0,0,0,59.4
770,ITC,Mar 2023,70919,45215,25704.0,36.0,2098,78,1809,25915,25.0,19477,15.0,100.0,842.0,1243.0,67912.0,306.0,16370.0,85831.0,25851.0,3003.0,29415.0,27561.0,85831.0,710.0,18878.0,-5732.0,-13006.0,139.0,27.463726222873987,36.24416587938352,28.16426867182416,0.004424842744559323,356.43589743589746,0.8262632382239518,13146.0,5732.0,15.0,691.55,100.0,306.0,18878.0,0,0,0,59.4
771,ITC,Mar 2024,70866,44634,26233.0,37.0,2804,80,1816,27140,24.0,20751,16.0,84.0,843.0,1248.0,73259.0,303.0,16944.0,91754.0,27820.0,2861.0,31114.0,29959.0,91754.0,711.0,17179.0,1563.0,-18551.0,191.0,29.282025230717128,37.0177518132814,27.851074395694365,0.004066731984914169,362.9625,0.7723477995509732,18742.0,1563.0,16.0,745.07,84.0,303.0,17179.0,6.56,8.33,8.45,59.4
773,JINDALSTEL,Mar 2013,19807,13701,6106.0,31.0,333,1067,1539,3833,24.0,2952,31.0,5.0,1036.0,93.0,21159.0,24618.0,11202.0,57073.0,19429.0,19230.0,809.0,17605.0,57073.0,712.0,3522.0,-9591.0,6111.0,43.0,14.903821881153128,30.82748523249356,13.890457368718238,1.1583850931677018,6.034676663542643,0.3470467646698088,-6069.0,9591.0,31.0,212.52,5.0,24618.0,3522.0,0,0,0,38.10000000000001
774,JINDALSTEL,Mar 2014,19286,13487,5799.0,30.0,349,1807,1829,2512,25.0,1896,21.0,7.0,1037.0,91.0,22519.0,36368.0,9935.0,68913.0,34989.0,17811.0,342.0,15771.0,68913.0,713.0,4580.0,-12694.0,8879.0,766.0,9.830965467178263,30.068443430467696,8.385670057496682,1.6084918177797434,3.4023242944106253,0.27986011347641226,-8114.0,12694.0,21.0,226.1,7.0,36368.0,4580.0,0,0,0,38.10000000000001
775,JINDALSTEL,Mar 2015,19401,13937,5464.0,28.0,-1399,2875,2733,-1543,-6.0,-1452,-14.0,0.0,1038.0,91.0,20951.0,45501.0,8994.0,75537.0,46643.0,9073.0,1785.0,18035.0,75537.0,714.0,1182.0,-6717.0,5708.0,173.0,-7.48415030153085,28.163496726972838,-6.900484744796122,2.162389506700884,1.413913043478261,0.2568410183089082,-5535.0,6717.0,-14.0,210.42,0.0,45501.0,1182.0,0,0,0,38.10000000000001
776,JINDALSTEL,Mar 2016,19469,16032,3437.0,18.0,-79,3254,4068,-3964,-22.0,-3087,-32.0,0.0,1039.0,91.0,32345.0,46797.0,13166.0,92398.0,65038.0,11827.0,392.0,15142.0,92398.0,715.0,4333.0,-2262.0,-2672.0,-601.0,-15.855976167240229,17.653705891417122,-9.517203107658158,1.4427487976322604,1.031960663798402,0.2107080239832031,2071.0,2262.0,-32.0,324.36,0.0,46797.0,4333.0,0,0,0,38.10000000000001
777,JINDALSTEL,Mar 2017,21603,16894,4709.0,22.0,-362,3441,3949,-3043,-17.0,-2538,-25.0,0.0,1040.0,92.0,29959.0,45850.0,14674.0,90575.0,65932.0,9716.0,368.0,14559.0,90575.0,716.0,6850.0,-1998.0,-5108.0,-256.0,-11.74836828218303,21.797898440031478,-8.44564240790656,1.5257395760540415,1.2632955536181343,0.23850952249516974,4852.0,1998.0,-25.0,300.51,0.0,45850.0,6850.0,0,0,0,38.10000000000001
778,JINDALSTEL,Mar 2018,33286,26817,6469.0,19.0,-584,3866,3883,-1864,-13.0,-1616,-15.0,0.0,1041.0,97.0,30288.0,42962.0,15884.0,89230.0,68450.0,4978.0,146.0,15657.0,89230.0,717.0,7724.0,-1431.0,-6276.0,17.0,-4.85489394940816,19.43459712792165,-5.3184136909659365,1.413921342767813,1.5222452146921883,0.3730359744480556,6293.0,1431.0,-15.0,303.85,0.0,42962.0,7724.0,0,0,0,38.10000000000001
779,JINDALSTEL,Mar 2019,46966,38553,8412.0,18.0,-1470,4264,5480,-2802,-14.0,-2412,-17.0,0.0,1042.0,97.0,31988.0,39559.0,17357.0,89001.0,69039.0,4027.0,150.0,15784.0,89001.0,718.0,9027.0,-832.0,-8261.0,-67.0,-5.135630030234638,17.910829110420305,-7.517531556802244,1.2329437431821724,1.6280487804878048,0.5277019359333042,8195.0,832.0,-17.0,320.85,0.0,39559.0,9027.0,0,0,0,38.10000000000001
780,JINDALSTEL,Mar 2020,37923,31092,6831.0,18.0,74,3768,3429,-291,37.0,-400,-1.0,0.0,1043.0,102.0,32035.0,36824.0,20780.0,89742.0,69381.0,3126.0,181.0,17055.0,89742.0,719.0,8814.0,-1476.0,-7016.0,322.0,-1.0547688737705352,18.01281544181631,-1.2446712512057752,1.1458443538600367,1.8325371549893843,0.4225780570970114,7338.0,1476.0,-1.0,321.37,0.0,36824.0,8814.0,0,0,0,38.10000000000001
781,JINDALSTEL,Mar 2021,34579,23646,10933.0,32.0,313,2753,2414,6078,30.0,4267,36.0,0.0,1044.0,102.0,31713.0,29910.0,16116.0,77840.0,54349.0,1712.0,1156.0,20624.0,77840.0,720.0,11961.0,-1884.0,-4612.0,5465.0,12.339859452268719,31.61745568119379,13.411912619833414,0.9401225836869401,4.084998183799492,0.44423175745118193,10077.0,1884.0,36.0,318.15,0.0,29910.0,11961.0,0,0,0,38.10000000000001
782,JINDALSTEL,Mar 2022,51166,35650,15515.0,30.0,-1840,1888,2097,9690,30.0,6766,56.0,5.0,1045.0,101.0,35524.0,13502.0,27517.0,76644.0,45488.0,2538.0,470.0,28147.0,76644.0,721.0,16048.0,-2331.0,-15120.0,-1403.0,13.223625063518742,30.322870656295198,18.992280701754385,0.37900350877192984,7.243114406779661,0.6675799801680496,13717.0,2331.0,56.0,356.25,5.0,13502.0,16048.0,0,0,0,38.10000000000001
783,JINDALSTEL,Mar 2023,53212,43270,9942.0,19.0,-539,1446,2691,5266,25.0,3974,31.0,6.0,1046.0,100.0,38606.0,13046.0,17674.0,69427.0,43542.0,7870.0,907.0,17108.0,69427.0,722.0,7347.0,-4090.0,-2500.0,757.0,7.468240246560925,18.683755543862286,10.267142045160957,0.3370536867669095,6.502766251728907,0.7664453310671641,3257.0,4090.0,31.0,387.06,6.0,13046.0,7347.0,0,0,0,38.10000000000001
784,JINDALSTEL,Mar 2024,50354,40153,10202.0,20.0,156,1294,2822,6241,5.0,5943,58.0,3.0,1047.0,100.0,44216.0,16472.0,17888.0,78676.0,48384.0,9611.0,819.0,19862.0,78676.0,723.0,6008.0,-8344.0,1381.0,-955.0,11.802438733764944,20.260555268697622,13.410506363390198,0.3716941962270963,8.004636785162287,0.6400172860847018,-2336.0,8344.0,58.0,443.16,3.0,16472.0,6008.0,10.94,0,0,38.10000000000001
786,JIOFIN,Mar 2023,45,6,39.0,88.0,10,0,0,49,37.0,31,0.0,0.0,1033.0,2.0,114118.0,743.0,66.0,114930.0,158.0,38.0,108141.0,6593.0,114930.0,724.0,2055.0,-1110.0,-889.0,56.0,68.88888888888889,86.66666666666667,0.027164388363126533,0.006510690501226779,0,0.00039154267815191856,945.0,1110.0,0.0,1141.2,0.0,743.0,2055.0,0,0,0,34.199999999999996
787,JIOFIN,Mar 2024,1855,296,1559.0,84.0,429,10,22,1956,18.0,1605,3.0,0.0,1034.0,6353.0,132794.0,0.0,5715.0,144863.0,172.0,3.0,133292.0,11395.0,144863.0,725.0,-678.0,1441.0,-753.0,11.0,86.52291105121293,84.04312668463612,1.153456416595399,0.0,198.8,0.012805202156520298,763.0,1441.0,3.0,1391.47,0.0,0.0,-678.0,0,0,0,34.199999999999996
789,JSWENERGY,Mar 2013,8870,6069,2801.0,32.0,9,963,662,1186,23.0,901,6.0,36.0,1020.0,1640.0,4564.0,10377.0,3798.0,20378.0,13925.0,977.0,955.0,4521.0,20378.0,726.0,1725.0,-944.0,-684.0,96.0,10.15783540022548,31.578354002254795,14.522888459058672,1.6726305609284333,2.917964693665628,0.43527333398763374,781.0,944.0,6.0,62.04,36.0,10377.0,1725.0,0,0,0,27.400000000000002
790,JSWENERGY,Mar 2014,8648,5394,3255.0,38.0,-179,1206,810,1060,27.0,760,5.0,43.0,1021.0,1640.0,4931.0,10106.0,2567.0,19244.0,13635.0,615.0,888.0,4107.0,19244.0,727.0,2269.0,-363.0,-1859.0,48.0,8.788159111933396,37.638760407030524,11.565971693806118,1.5379698676000608,2.5505804311774463,0.4493868218665558,1906.0,363.0,5.0,65.71,43.0,10106.0,2269.0,0,0,0,27.400000000000002
791,JSWENERGY,Mar 2015,9347,5723,3624.0,39.0,196,1137,790,1892,27.0,1358,8.0,24.0,1022.0,1640.0,5878.0,9294.0,2608.0,19420.0,13191.0,454.0,1619.0,4157.0,19420.0,728.0,3394.0,-422.0,-2327.0,645.0,14.528725794372527,38.7717984380015,18.063314711359403,1.2362330407023145,3.3597185576077395,0.48130792996910404,2972.0,422.0,8.0,75.18,24.0,9294.0,3394.0,0,0,0,27.400000000000002
792,JSWENERGY,Mar 2016,9824,5796,4029.0,41.0,340,1498,854,2017,28.0,1460,9.0,22.0,1023.0,1627.0,8077.0,14862.0,3973.0,28539.0,20298.0,321.0,1012.0,6908.0,28539.0,729.0,3538.0,-3272.0,-1622.0,-1357.0,14.861563517915311,41.01180781758957,15.045342126957955,1.5315333882934872,2.916555407209613,0.3442307018465959,266.0,3272.0,9.0,97.04,22.0,14862.0,3538.0,0,0,0,27.400000000000002
793,JSWENERGY,Mar 2017,8263,4939,3324.0,40.0,221,1685,969,892,30.0,623,4.0,13.0,1024.0,1628.0,8741.0,14349.0,3672.0,28389.0,19491.0,531.0,1579.0,6789.0,28389.0,730.0,3853.0,-762.0,-2595.0,496.0,7.53963451530921,40.22752027108798,6.00829395312952,1.3838364355289807,2.1038575667655786,0.2910634400648138,3091.0,762.0,4.0,103.69,13.0,14349.0,3853.0,0,0,0,27.400000000000002
794,JSWENERGY,Mar 2018,8049,5336,2713.0,34.0,47,1456,966,338,75.0,85,0.0,0.0,1025.0,1640.0,9470.0,11883.0,3728.0,26721.0,18877.0,294.0,2415.0,5135.0,26721.0,731.0,3934.0,-215.0,-3968.0,-249.0,1.0560318051931916,33.70605044104858,0.7650765076507651,1.0695769576957697,1.8956043956043955,0.30122375659593575,3719.0,215.0,0.0,111.1,0.0,11883.0,3934.0,0,0,0,27.400000000000002
795,JSWENERGY,Mar 2019,9138,6283,2855.0,31.0,398,1192,1164,897,24.0,684,4.0,24.0,1026.0,1641.0,10181.0,10555.0,3549.0,25926.0,17825.0,400.0,2451.0,5251.0,25926.0,732.0,2491.0,-55.0,-2523.0,-87.0,7.485226526592252,31.243160428977895,5.785823041786499,0.8928269328370834,2.7290268456375837,0.3524647072436936,2436.0,55.0,4.0,118.22,24.0,10555.0,2491.0,0,0,0,27.400000000000002
796,JSWENERGY,Mar 2020,8273,5316,2957.0,36.0,376,1051,1738,544,6.0,1081,7.0,15.0,1027.0,1642.0,10004.0,9840.0,3445.0,24931.0,16713.0,391.0,1854.0,5974.0,24931.0,733.0,2082.0,301.0,-1962.0,421.0,13.066602199927473,35.74277771062492,9.282156963764383,0.844925296239052,3.1712654614652713,0.3318358669929004,2383.0,301.0,7.0,116.46,15.0,9840.0,2082.0,0,0,0,27.400000000000002
797,JSWENERGY,Mar 2021,6922,4009,2913.0,42.0,248,896,1167,1099,25.0,823,5.0,41.0,1028.0,1642.0,12865.0,8371.0,3328.0,26207.0,15637.0,473.0,4052.0,6045.0,26207.0,734.0,3700.0,-1030.0,-2515.0,155.0,11.889627275353943,42.08321294423577,5.67312331977666,0.5770317777624595,3.5279017857142856,0.2641279047582707,2670.0,1030.0,5.0,145.07,41.0,8371.0,3700.0,0,0,0,27.400000000000002
798,JSWENERGY,Mar 2022,8167,4596,3572.0,44.0,575,777,1131,2238,22.0,1743,11.0,19.0,1029.0,1640.0,15775.0,8943.0,4157.0,30514.0,14831.0,2091.0,6623.0,6970.0,30514.0,735.0,2952.0,-1387.0,-781.0,784.0,21.341986041386065,43.73699032692543,10.008613264427218,0.5135228251507321,5.337194337194338,0.2676476371501606,1565.0,1387.0,11.0,174.15,19.0,8943.0,2952.0,0,0,0,27.400000000000002
799,JSWENERGY,Mar 2023,10332,7050,3282.0,32.0,674,844,1169,1943,24.0,1480,9.0,22.0,1030.0,1641.0,16988.0,25051.0,4737.0,48417.0,25020.0,4788.0,6033.0,12576.0,48417.0,736.0,2084.0,-6778.0,7327.0,2634.0,14.3244289585753,31.765389082462253,7.944602501476193,1.3447313328681088,4.687203791469194,0.2133961211971002,-4694.0,6778.0,9.0,186.29,22.0,25051.0,2084.0,0,0,0,27.400000000000002
800,JSWENERGY,Mar 2024,11486,6104,5382.0,47.0,472,2053,1633,2167,20.0,1725,10.0,19.0,1031.0,1641.0,19191.0,31573.0,5362.0,57767.0,28946.0,10285.0,7035.0,11501.0,57767.0,737.0,6234.0,-8197.0,1675.0,-289.0,15.018283127285393,46.857043357130415,8.280529953917052,1.5156009984639016,2.8514369215781783,0.19883324389357246,-1963.0,8197.0,10.0,208.32,19.0,31573.0,6234.0,-1.92,-37.64,0,27.400000000000002
802,JSWSTEEL,Mar 2013,38210,31698,6512.0,17.0,-307,1967,2237,1999,42.0,929,4.0,30.0,1007.0,284.0,16781.0,21625.0,18823.0,57513.0,34717.0,5898.0,1750.0,15148.0,57513.0,738.0,5844.0,-5433.0,-791.0,-380.0,2.431300706621303,17.042658989793246,5.443891004980955,1.2672135950776442,3.1545500762582614,0.6643715333924504,411.0,5433.0,4.0,170.65,30.0,21625.0,5844.0,0,0,0,62.9
803,JSWSTEEL,Mar 2014,51220,42051,9169.0,18.0,-1630,3048,3183,1308,70.0,402,2.0,74.0,1008.0,303.0,20871.0,35527.0,20939.0,77640.0,47046.0,9400.0,663.0,20531.0,77640.0,739.0,2594.0,-5618.0,3300.0,276.0,0.7848496680983992,17.90121046466224,1.8985548313969962,1.6778596391801266,2.4734251968503935,0.6597114889232355,-3024.0,5618.0,2.0,211.74,74.0,35527.0,2594.0,0,0,0,62.9
804,JSWSTEEL,Mar 2015,52972,43608,9364.0,18.0,103,3493,3434,2539,32.0,1722,7.0,19.0,1009.0,303.0,21987.0,38754.0,24610.0,85654.0,52176.0,8265.0,599.0,24613.0,85654.0,740.0,7876.0,-7372.0,-169.0,334.0,3.2507739938080498,17.677263459941102,7.7254374158815615,1.7386271870794079,2.71027769825365,0.6184416372848903,504.0,7372.0,7.0,222.9,19.0,38754.0,7876.0,0,0,0,62.9
805,JSWSTEEL,Mar 2016,41546,35124,6422.0,15.0,-1966,3601,3323,-2468,-80.0,-481,-1.0,-67.0,1010.0,301.0,18665.0,42204.0,20737.0,81907.0,56140.0,7271.0,1195.0,17302.0,81907.0,741.0,6897.0,-3857.0,-3151.0,-111.0,-1.1577528522601455,15.457565108554375,-2.536117262469683,2.225245175577349,1.237434046098306,0.5072338139597348,3040.0,3857.0,-1.0,189.66,-67.0,42204.0,6897.0,0,0,0,62.9
806,JSWSTEEL,Mar 2017,55604,43296,12308.0,22.0,18,3768,3430,5128,33.0,3467,15.0,19.0,1011.0,301.0,22346.0,43334.0,22024.0,88005.0,58730.0,4363.0,1366.0,23546.0,88005.0,742.0,7888.0,-5094.0,-2710.0,84.0,6.235162937918135,22.135098194374507,15.30887093213229,1.9134543206605732,3.271231422505308,0.6318277370603943,2794.0,5094.0,15.0,226.47,19.0,43334.0,7888.0,0,0,0,62.9
807,JSWSTEEL,Mar 2018,71933,57017,14916.0,21.0,-177,3701,3387,7651,20.0,6113,26.0,16.0,1012.0,302.0,27696.0,39393.0,24579.0,91970.0,57848.0,5950.0,1469.0,26703.0,91970.0,743.0,12379.0,-4529.0,-8185.0,-335.0,8.49818581179709,20.735962631893567,21.83370240731481,1.4069933566683335,3.982437179140773,0.7821354789605306,7850.0,4529.0,26.0,279.98,16.0,39393.0,12379.0,0,0,0,62.9
808,JSWSTEEL,Mar 2019,84757,65827,18930.0,22.0,196,3917,4041,11168,33.0,7524,32.0,16.0,1013.0,301.0,34494.0,47396.0,32606.0,114797.0,62644.0,11889.0,1894.0,38370.0,114797.0,744.0,14633.0,-11387.0,1753.0,4999.0,8.877142890852673,22.334438453461072,21.623796522488863,1.3621497341572064,4.882818483533316,0.7383206878228525,3246.0,11387.0,32.0,347.95,16.0,47396.0,14633.0,0,0,0,62.9
809,JSWSTEEL,Mar 2020,73326,61513,11813.0,16.0,-289,4265,4246,3013,-30.0,3919,17.0,15.0,1014.0,301.0,36298.0,61423.0,33798.0,131820.0,62085.0,27191.0,1259.0,41285.0,131820.0,745.0,12785.0,-19589.0,5189.0,-1615.0,5.344625371628072,16.1102473883752,10.707942839968306,1.678269898084647,2.7019929660023445,0.5562585343650432,-6804.0,19589.0,17.0,365.99,15.0,61423.0,12785.0,0,0,0,62.9
810,JSWSTEEL,Mar 2021,79839,59661,20178.0,25.0,473,3957,4679,12015,34.0,7873,33.0,25.0,1015.0,302.0,46462.0,62392.0,39161.0,148317.0,64917.0,32566.0,8581.0,42253.0,148317.0,746.0,18789.0,-7702.0,-3110.0,7977.0,9.861095454602388,25.273362642317664,16.835600034214355,1.3341886921563595,5.218852666161233,0.5382997228908352,11087.0,7702.0,33.0,467.64,25.0,62392.0,18789.0,0,0,0,62.9
811,JSWSTEEL,Mar 2022,146371,107257,39114.0,27.0,1600,4968,6001,29745,30.0,20938,85.0,25.0,1016.0,301.0,66996.0,72237.0,56951.0,196485.0,99880.0,16905.0,4940.0,74760.0,196485.0,747.0,26270.0,-14748.0,-14657.0,-3135.0,14.304746158733629,26.722506507436584,31.112828209281247,1.0734059467732588,8.19524959742351,0.7449474514593989,11522.0,14748.0,85.0,672.97,25.0,72237.0,26270.0,0,0,0,62.9
812,JSWSTEEL,Mar 2023,165960,147490,18470.0,11.0,1561,6902,7474,5655,27.0,4139,17.0,25.0,1017.0,301.0,65394.0,80853.0,63991.0,210539.0,104452.0,22166.0,4806.0,79115.0,210539.0,748.0,23323.0,-10730.0,-5977.0,6616.0,2.4939744516751023,11.129187756085804,6.300327269959662,1.2307329324910572,2.9022022602144304,0.7882625071839422,12593.0,10730.0,17.0,656.95,25.0,80853.0,23323.0,0,0,0,62.9
813,JSWSTEEL,Mar 2024,175006,146849,28157.0,16.0,1500,8105,8172,13380,33.0,8973,36.0,25.0,1018.0,305.0,77364.0,87984.0,62245.0,227898.0,112461.0,29676.0,7246.0,78515.0,227898.0,749.0,12078.0,-14467.0,-5005.0,-7394.0,5.127252779904689,16.089162657280323,11.5528718021347,1.1328071688833383,3.659099321406539,0.7679137157851319,-2389.0,14467.0,36.0,776.69,25.0,87984.0,12078.0,13.49,45.76,45.41,62.9
815,KOTAKBANK,Mar 2013,10838,6024,6603.0,-1789.0,-17,5112,179,3144,30.0,2238,15.0,2.0,995.0,373.0,14894.0,85561.0,15006.0,115835.0,620.0,0.0,40907.0,74308.0,115835.0,750.0,2878.0,-9035.0,7099.0,942.0,20.64956634065326,60.92452482007751,14.659068579288661,5.60430994956442,1.288341158059468,0.09356412137954849,-6157.0,9035.0,15.0,152.67,2.0,85561.0,2878.0,0,0,0,74.0
816,KOTAKBANK,Mar 2014,11986,6312,7053.0,-1379.0,-12,5282,208,3695,32.0,2527,16.0,2.0,996.0,385.0,18699.0,85937.0,17176.0,122197.0,1264.0,0.0,38791.0,82142.0,122197.0,751.0,9068.0,-1130.0,-5814.0,2125.0,21.08293008509928,58.84365092608043,13.241458813665899,4.503091595053448,1.3330177962892844,0.09808751442343101,7938.0,1130.0,16.0,190.84,2.0,85937.0,9068.0,0,0,0,74.0
817,KOTAKBANK,Mar 2015,13319,6966,9718.0,-3366.0,-25,8152,237,4550,33.0,3105,20.0,2.0,997.0,386.0,21770.0,104258.0,22049.0,148464.0,1385.0,0.0,45589.0,101490.0,148464.0,752.0,2302.0,-4467.0,2426.0,260.0,23.312561003078308,72.96343569337037,14.014262502256724,4.70563278570139,1.1890333660451422,0.08971198405000538,-2165.0,4467.0,20.0,221.56,2.0,104258.0,2302.0,0,0,0,74.0
818,KOTAKBANK,Mar 2016,20402,11123,11541.0,-2263.0,-11,7631,345,5024,32.0,3524,19.0,3.0,998.0,917.0,32447.0,179679.0,27761.0,240804.0,1761.0,0.0,70274.0,168769.0,240804.0,753.0,5025.0,-2353.0,2024.0,4696.0,17.27281639054995,56.567983531026364,10.562282699916077,5.38541541781561,1.5109422094089897,0.08472450623743792,2672.0,2353.0,19.0,333.64,3.0,179679.0,5025.0,0,0,0,74.0
819,KOTAKBANK,Mar 2017,22324,11458,14832.0,-3965.0,-18,11660,362,7332,32.0,5019,27.0,2.0,999.0,920.0,37572.0,205230.0,32465.0,276188.0,1759.0,0.0,68462.0,205967.0,276188.0,754.0,13222.0,-5289.0,6055.0,13989.0,22.482530012542558,66.439706145852,13.03907305414112,5.331757248259379,1.2704974271012006,0.08082900053586688,7933.0,5289.0,27.0,384.92,2.0,205230.0,13222.0,0,0,0,74.0
820,KOTAKBANK,Mar 2018,25131,12467,16805.0,-4141.0,-16,13682,383,9158,33.0,6258,33.0,2.0,1000.0,953.0,49535.0,249840.0,37392.0,337720.0,2543.0,0.0,90977.0,244201.0,337720.0,755.0,-10392.0,-5475.0,14679.0,-1188.0,24.901516055867255,66.86960327881899,12.395024560291553,4.948502614482649,1.2270866832334455,0.07441371550396779,-15867.0,5475.0,33.0,504.88,2.0,249840.0,-10392.0,0,0,0,74.0
821,KOTAKBANK,Mar 2019,29831,15187,19758.0,-5114.0,-17,16148,458,10576,33.0,7204,38.0,2.0,1001.0,954.0,56827.0,291763.0,45626.0,395171.0,2697.0,0.0,103487.0,288987.0,395171.0,756.0,1822.0,-3323.0,8365.0,6864.0,24.149374811437767,66.2331132043847,12.467766220729997,5.049462626122774,1.2225043349021552,0.07548883900893537,-1501.0,3323.0,38.0,577.81,2.0,291763.0,1822.0,0,0,0,74.0
822,KOTAKBANK,Mar 2020,33474,15901,22578.0,-5005.0,-15,16892,465,11422,25.0,8593,45.0,0.0,1002.0,957.0,65680.0,326477.0,50059.0,443173.0,2675.0,0.0,111197.0,329301.0,443173.0,757.0,46619.0,-13068.0,-735.0,32815.0,25.670669773555595,67.44936368524826,12.89523838107958,4.899335204165854,1.335721051385271,0.07553257982774221,33551.0,13068.0,45.0,666.37,0.0,326477.0,46619.0,0,0,0,74.0
823,KOTAKBANK,Mar 2021,32820,12967,29812.0,-9958.0,-30,23588,461,13168,25.0,9990,50.0,2.0,1003.0,991.0,83348.0,327110.0,67405.0,478854.0,2554.0,0.0,156946.0,319355.0,478854.0,758.0,4881.0,-11172.0,-10072.0,-16363.0,30.438756855575868,90.83485679463742,11.845053889659587,3.878514091938486,1.262591148041377,0.06853863599343432,-6291.0,11172.0,50.0,843.39,2.0,327110.0,4881.0,0,0,0,74.0
824,KOTAKBANK,Mar 2022,33741,11554,30699.0,-8512.0,-25,24941,480,15948,25.0,12089,61.0,2.0,1004.0,992.0,95673.0,365747.0,84086.0,546498.0,2723.0,0.0,164529.0,379245.0,546498.0,759.0,8308.0,-10903.0,7543.0,4949.0,35.82881360955514,90.98426246999199,12.50607769099467,3.783654890601562,1.2298624754420433,0.061740390632719605,-2595.0,10903.0,61.0,966.65,2.0,365747.0,8308.0,0,0,0,74.0
825,KOTAKBANK,Mar 2023,42151,14411,33485.0,-5746.0,-14,25991,599,19646,25.0,14925,75.0,2.0,1005.0,993.0,110821.0,418807.0,89809.0,620430.0,3075.0,0.0,195338.0,422017.0,620430.0,760.0,-1242.0,-10381.0,1883.0,-9740.0,35.40841261180043,79.44058266707789,13.348060171356002,3.745568533457349,1.2877919279750683,0.06793836532727301,-11623.0,10381.0,75.0,1118.14,2.0,418807.0,-1242.0,0,0,0,74.0
826,KOTAKBANK,Mar 2024,56237,22567,47052.0,-13382.0,-24,38037,792,23863,25.0,18213,92.0,2.0,1006.0,994.0,128978.0,520374.0,117321.0,767667.0,3510.0,0.0,246446.0,517711.0,767667.0,761.0,15685.0,-8919.0,15515.0,22281.0,32.386151466116615,83.66733645109092,14.013018188532914,4.003739266919029,1.2363751084470385,0.07325702420450533,6766.0,8919.0,92.0,1299.72,2.0,520374.0,15685.0,18.32,22.83,17.08,74.0
828,LICI,Mar 2019,571508,565587,5920.0,1.0,2615,0,336,8199,68.0,2627,0.0,2.0,988.0,100.0,710.0,269401.0,3157039.0,3427249.0,25194.0,710.0,2900287.0,501059.0,3427249.0,762.0,13274.0,9636.0,-13700.0,9210.0,0.4596611071061123,1.0358560160137742,200.0,332.59382716049384,0,0.16675415179930025,22910.0,9636.0,0.0,8.1,2.0,269401.0,13274.0,0,0,0,54.39999999999999
829,LICI,Mar 2020,628043,634989,-6947.0,-1.0,20870,0,379,13544,80.0,2710,0.0,2.0,989.0,100.0,902.0,253414.0,3245419.0,3499834.0,28216.0,734.0,2976100.0,494784.0,3499834.0,763.0,54367.0,-40415.0,-18664.0,-4712.0,0.43149911709867,-1.1061344525772918,200.0,252.90818363273453,0,0.1794493681700332,13952.0,40415.0,0.0,10.02,2.0,253414.0,54367.0,0,0,0,54.39999999999999
830,LICI,Mar 2021,690914,691166,-252.0,0.0,12820,0,417,12151,76.0,2974,7.0,0.0,990.0,100.0,6784.0,4.0,3822637.0,3829524.0,17723.0,148.0,3517445.0,294208.0,3829524.0,764.0,80602.0,148447.0,-256125.0,-27077.0,0.43044431000095523,-0.03647342505724301,43.201626961069145,0.0005810575246949448,0,0.18041772293371186,229049.0,148447.0,7.0,68.84,0.0,4.0,80602.0,0,0,0,54.39999999999999
831,LICI,Mar 2022,723606,720280,3326.0,0.0,9248,0,436,12138,66.0,4125,57.0,23.0,991.0,6325.0,5013.0,1.0,4242719.0,4254059.0,17770.0,199.0,3926212.0,309878.0,4254059.0,765.0,-3783.0,12531.0,0.0,8748.0,0.5700616081127022,0.4596424020806903,36.38207796789557,8.819897689186806e-05,0,0.17009778190664493,8748.0,12531.0,57.0,113.38,23.0,1.0,-3783.0,0,0,0,54.39999999999999
832,LICI,Mar 2023,784628,750420,34207.0,4.0,7800,77,466,41463,13.0,35997,65.0,5.0,992.0,6325.0,39908.0,0.0,4532258.0,4578491.0,20473.0,331.0,4243008.0,314678.0,4578491.0,766.0,54519.0,-52848.0,-949.0,722.0,4.5877791768838225,4.359645590012082,77.85997015119071,0.0,545.5454545454545,0.17137262036771503,1671.0,52848.0,65.0,462.33,5.0,0.0,54519.0,0,0,0,54.39999999999999
833,LICI,Mar 2024,845966,813188,32779.0,4.0,14829,128,466,47014,13.0,40916,66.0,15.0,993.0,6325.0,76422.0,0.0,5233300.0,5316047.0,20667.0,403.0,4976133.0,318844.0,5316047.0,767.0,26122.0,-25269.0,-4427.0,-3574.0,4.836600998148862,3.87474201090824,49.44710986501021,0.0,371.9375,0.15913440945875762,853.0,25269.0,66.0,827.47,15.0,0.0,26122.0,8.16,73.18,0,54.39999999999999
835,LODHA,Mar 2011,2173,1663,510.0,23.0,145,283,17,355,26.0,264,6.0,0.0,975.0,108.0,636.0,5596.0,3138.0,9478.0,991.0,159.0,376.0,7951.0,9478.0,0.0,0.0,0.0,0.0,0.0,12.149102623101703,23.469857340082832,35.483870967741936,7.521505376344086,2.314487632508834,0.22926777801223888,0.0,0.0,6.0,7.44,0.0,5596.0,0.0,0,0,0,62.3
836,LODHA,Mar 2012,2954,2229,724.0,25.0,124,254,37,556,32.0,381,9.0,0.0,976.0,108.0,1018.0,4259.0,3883.0,9268.0,971.0,112.0,181.0,8003.0,9268.0,0.0,0.0,0.0,0.0,0.0,12.897765741367637,24.509140148950575,33.83658969804618,3.782415630550622,3.338582677165354,0.3187311178247734,0.0,0.0,9.0,11.26,0.0,4259.0,0.0,0,0,0,62.3
837,LODHA,Mar 2015,6236,4769,1467.0,24.0,423,492,128,1269,37.0,798,18.0,0.0,977.0,108.0,3186.0,11852.0,12752.0,27998.0,2290.0,4.0,595.0,25008.0,27998.0,0.0,0.0,0.0,0.0,0.0,12.796664528543939,23.524695317511224,24.225865209471767,3.5980570734669097,3.841463414634146,0.22273019501392957,0.0,0.0,18.0,32.94,0.0,11852.0,0.0,0,0,0,62.3
838,LODHA,Mar 2016,8249,6123,2126.0,26.0,510,988,450,1198,41.0,703,16.0,0.0,978.0,108.0,3865.0,13835.0,13173.0,30981.0,1899.0,176.0,611.0,28295.0,30981.0,777.0,387.0,-854.0,330.0,-137.0,8.522245120620681,25.772820947993697,17.694437452806444,3.4822552227535866,2.668016194331984,0.26625996578548144,-467.0,854.0,16.0,39.73,0.0,13835.0,387.0,0,0,0,62.3
839,LODHA,Mar 2017,7926,6313,1614.0,20.0,584,736,460,1001,42.0,584,13.0,0.0,979.0,113.0,3920.0,16183.0,13715.0,33931.0,1753.0,109.0,1180.0,30888.0,33931.0,778.0,1469.0,-1174.0,-312.0,-16.0,7.368155437799646,20.36336109008327,14.480535581453013,4.012645673196132,2.9864130434782608,0.23359170080457398,295.0,1174.0,13.0,40.33,0.0,16183.0,1469.0,0,0,0,62.3
840,LODHA,Mar 2018,9677,7995,1682.0,17.0,285,390,395,1182,33.0,794,10.0,0.0,980.0,396.0,4756.0,22616.0,12483.0,40251.0,2197.0,6.0,1384.0,36664.0,40251.0,779.0,696.0,-651.0,24.0,69.0,8.20502221762943,17.381419861527334,15.411490683229815,4.3897515527950315,5.043589743589743,0.2404163871705051,45.0,651.0,10.0,51.52,0.0,22616.0,696.0,0,0,0,62.3
841,LODHA,Mar 2019,11907,8728,3179.0,27.0,72,568,194,2489,34.0,1644,21.0,0.0,981.0,396.0,3445.0,25641.0,20382.0,49864.0,2139.0,6.0,1405.0,46314.0,49864.0,780.0,-463.0,-175.0,736.0,97.0,13.80700428319476,26.698580666834637,42.80135381411091,6.675605311116897,5.723591549295775,0.23878950746029198,-638.0,175.0,21.0,38.41,0.0,25641.0,-463.0,0,0,0,62.3
842,LODHA,Mar 2020,12443,10526,1917.0,15.0,119,740,292,1003,26.0,742,9.0,0.0,982.0,396.0,4156.0,18423.0,17717.0,40693.0,2021.0,6.0,1553.0,37112.0,40693.0,781.0,3772.0,182.0,-4188.0,-234.0,5.96319215623242,15.406252511452223,16.300527240773285,4.047231985940246,2.7513513513513512,0.30577740643353896,3954.0,182.0,9.0,45.52,0.0,18423.0,3772.0,0,0,0,62.3
843,LODHA,Mar 2021,5449,4066,1383.0,25.0,-140,1136,73,33,-44.0,48,1.0,0.0,983.0,396.0,4203.0,18193.0,16516.0,39308.0,1946.0,6.0,1579.0,35776.0,39308.0,782.0,2524.0,420.0,-2835.0,109.0,0.8808955771701229,25.380803817214172,1.0437051532941943,3.9558599695586,1.0941901408450705,0.13862318103185103,2944.0,420.0,1.0,45.99,0.0,18193.0,2524.0,0,0,0,62.3
844,LODHA,Mar 2022,9233,7047,2186.0,24.0,293,688,75,1716,30.0,1208,12.0,20.0,984.0,482.0,11624.0,11537.0,14763.0,38404.0,1923.0,0.0,574.0,35908.0,38404.0,783.0,1998.0,1139.0,-2888.0,250.0,13.08350481966858,23.675944979963177,9.97852304642326,0.9529985131339831,3.6031976744186047,0.24041766482658056,3137.0,1139.0,12.0,121.06,20.0,11537.0,1998.0,0,0,0,62.3
845,LODHA,Mar 2023,9470,7406,2064.0,22.0,-1037,482,93,452,-8.0,490,5.0,14.0,985.0,482.0,12181.0,9060.0,17399.0,39122.0,1828.0,0.0,246.0,37048.0,39122.0,784.0,2750.0,1789.0,-3706.0,834.0,5.174234424498416,21.795142555438225,3.8695411829740185,0.7154702677090736,2.1307053941908713,0.24206328919789377,4539.0,1789.0,5.0,126.63,14.0,9060.0,2750.0,0,0,0,62.3
846,LODHA,Mar 2024,10316,7651,2665.0,26.0,48,482,204,2028,23.0,1554,16.0,0.0,986.0,994.0,16475.0,7698.0,22031.0,47198.0,1169.0,4.0,2500.0,43524.0,47198.0,785.0,2512.0,-2947.0,951.0,516.0,15.063978286157425,25.833656455990695,8.895758200240426,0.4406663232010991,5.628630705394191,0.21856858341455146,-435.0,2947.0,16.0,174.69,0.0,7698.0,2512.0,34.81,24.64,10.76,62.3
848,LT,Mar 2013,74426,63032,11394.0,15.0,2523,4642,1637,7638,31.0,5291,38.0,22.0,962.0,16.0,1323.0,234.0,756.0,2328.0,699.0,142.0,49.0,1438.0,2328.0,786.0,-4355.0,-6922.0,11429.0,152.0,7.1090747856931715,15.309166151613685,200.0,0.17475728155339806,2.9980611805256356,31.969931271477662,-11277.0,6922.0,38.0,13.39,22.0,234.0,-4355.0,0,0,0,53.400000000000006
849,LT,Mar 2014,85054,70968,14086.0,17.0,1337,6494,1446,7483,35.0,4885,35.0,27.0,963.0,16.0,1594.0,110.0,945.0,2666.0,649.0,57.0,169.0,1791.0,2666.0,787.0,-7143.0,-5510.0,13136.0,483.0,5.743410068897406,16.561243445340608,200.0,0.06832298136645963,2.374961502925778,31.903225806451612,-12653.0,5510.0,35.0,16.1,27.0,110.0,-7143.0,0,0,0,53.400000000000006
850,LT,Mar 2015,91929,76245,15684.0,17.0,1422,7266,2623,7217,31.0,4966,34.0,32.0,964.0,16.0,2010.0,218.0,734.0,2978.0,683.0,25.0,104.0,2166.0,2978.0,788.0,-1365.0,-4778.0,7903.0,1759.0,5.401995017894244,17.06099272264465,200.0,0.10760118460019744,2.3542526837324527,30.869375419744795,-6143.0,4778.0,34.0,20.26,32.0,218.0,-1365.0,0,0,0,53.400000000000006
851,LT,Mar 2016,101122,85637,15486.0,15.0,1219,6899,1787,8020,30.0,4592,31.0,40.0,965.0,17.0,2108.0,55.0,958.0,3137.0,638.0,20.0,43.0,2437.0,3137.0,789.0,-3240.0,-4627.0,7253.0,-613.0,4.541049425446491,15.314174956982654,200.0,0.02588235294117647,2.4213654152775765,32.23525661459993,-7867.0,4627.0,31.0,21.25,40.0,55.0,-3240.0,0,0,0,53.400000000000006
852,LT,Mar 2017,109312,92691,16620.0,15.0,1466,6829,2370,8887,23.0,6486,43.0,22.0,966.0,17.0,3127.0,0.0,1273.0,4417.0,542.0,1.0,941.0,2934.0,4417.0,790.0,6655.0,-9796.0,2896.0,-245.0,5.933474824355972,15.20418618266979,200.0,0.0,2.6484111875823695,24.748019017432647,-3141.0,9796.0,43.0,31.44,22.0,0.0,6655.0,0,0,0,53.400000000000006
853,LT,Mar 2018,119683,99572,20111.0,17.0,1465,7714,2223,11639,27.0,8004,53.0,30.0,967.0,17.0,3843.0,0.0,1477.0,5337.0,681.0,7.0,1264.0,3385.0,5337.0,791.0,-10031.0,3914.0,9370.0,3254.0,6.687666585897746,16.8035560605934,200.0,0.0,2.7969924812030076,22.42514521266629,-6117.0,3914.0,53.0,38.6,30.0,0.0,-10031.0,0,0,0,53.400000000000006
854,LT,Mar 2019,135220,112354,22866.0,17.0,2701,9339,1923,14305,28.0,10217,63.0,28.0,968.0,17.0,4876.0,0.0,1770.0,6664.0,930.0,12.0,1740.0,3982.0,6664.0,792.0,-4756.0,-11023.0,15440.0,-338.0,7.555834935660405,16.910220381600354,200.0,0.0,2.737659278295321,20.29111644657863,-15779.0,11023.0,63.0,48.93,28.0,0.0,-4756.0,0,0,0,53.400000000000006
855,LT,Mar 2020,145452,120899,24553.0,17.0,3015,11021,2462,14086,23.0,10894,68.0,26.0,969.0,17.0,5387.0,912.0,2499.0,8815.0,1920.0,59.0,2219.0,4617.0,8815.0,793.0,6694.0,-8408.0,6372.0,4658.0,7.489756070731238,16.880482908450897,200.0,0.1687638786084382,2.501406405952273,16.500510493477027,-1714.0,8408.0,68.0,54.04,26.0,912.0,6694.0,0,0,0,53.400000000000006
856,LT,Mar 2021,135979,112519,23460.0,17.0,8111,11750,2904,16918,24.0,12921,82.0,44.0,970.0,18.0,7286.0,798.0,2604.0,10706.0,1906.0,66.0,3730.0,5004.0,10706.0,794.0,23074.0,-5750.0,-15274.0,2049.0,9.502202545981364,17.252664014296325,176.90306681270536,0.1092552026286966,2.6868936170212767,12.701195591257239,17324.0,5750.0,82.0,73.04,44.0,798.0,23074.0,0,0,0,53.400000000000006
857,LT,Mar 2022,156521,132207,24314.0,16.0,2364,9235,2948,14495,29.0,10419,62.0,36.0,971.0,30.0,14258.0,258.0,6027.0,20572.0,3473.0,503.0,6048.0,10548.0,20572.0,795.0,19164.0,-3585.0,-15181.0,397.0,6.656614767347513,15.534017799528499,72.92133258678611,0.018057110862262037,2.8887926367081755,7.608448376433988,15579.0,3585.0,62.0,142.88,36.0,258.0,19164.0,0,0,0,53.400000000000006
858,LT,Mar 2023,183341,156175,27166.0,15.0,2891,9445,3502,17109,26.0,12531,75.0,32.0,972.0,30.0,16562.0,1541.0,5348.0,23481.0,3679.0,902.0,5458.0,13442.0,23481.0,796.0,22777.0,-8048.0,-11572.0,3156.0,6.834805089968965,14.817198553515034,75.52434908389586,0.09287608486017358,3.1823186871360507,7.8080575784676975,14729.0,8048.0,75.0,165.92,32.0,1541.0,22777.0,0,0,0,53.400000000000006
859,LT,Mar 2024,221113,191248,29865.0,14.0,3847,9512,3682,20517,24.0,15547,95.0,36.0,973.0,30.0,19988.0,2071.0,5456.0,27544.0,4981.0,551.0,8744.0,13269.0,27544.0,797.0,18266.0,2179.0,-25413.0,-4968.0,7.031246466738726,13.506668535997433,77.66510140873214,0.10345688880007993,3.5441547518923464,8.027628521638107,20445.0,2179.0,95.0,200.18,36.0,2071.0,18266.0,9.97,8.63,6.88,53.400000000000006
861,LTIM,Mar 2013,3851,2981,870.0,23.0,22,21,123,749,25.0,562,174.0,54.0,949.0,16.0,1323.0,234.0,756.0,2328.0,699.0,142.0,49.0,1438.0,2328.0,798.0,608.0,-224.0,-396.0,-13.0,14.593612048818489,22.591534666320438,41.97162061239731,0.17475728155339806,42.476190476190474,1.654209621993127,384.0,224.0,174.0,13.39,54.0,234.0,608.0,0,0,0,48.4
862,LTIM,Mar 2014,4920,3773,1147.0,23.0,217,31,130,1204,17.0,996,309.0,55.0,950.0,16.0,1594.0,110.0,945.0,2666.0,649.0,57.0,169.0,1791.0,2666.0,799.0,628.0,180.0,-769.0,40.0,20.243902439024392,23.3130081300813,61.86335403726708,0.06832298136645963,44.0,1.8454613653413354,808.0,180.0,309.0,16.1,55.0,110.0,628.0,0,0,0,48.4
863,LTIM,Mar 2015,4978,3973,1005.0,20.0,99,10,158,936,18.0,769,238.0,63.0,951.0,16.0,2010.0,218.0,734.0,2978.0,683.0,25.0,104.0,2166.0,2978.0,800.0,642.0,-103.0,-497.0,42.0,15.447971072719968,20.188830855765367,37.95656465942744,0.10760118460019744,110.4,1.671591672263264,539.0,103.0,238.0,20.26,63.0,218.0,642.0,0,0,0,48.4
864,LTIM,Mar 2016,5846,4819,1028.0,18.0,187,6,174,1035,19.0,836,49.0,72.0,952.0,17.0,2108.0,55.0,958.0,3137.0,638.0,20.0,43.0,2437.0,3137.0,801.0,858.0,-40.0,-817.0,2.0,14.300376325692781,17.584673280875812,39.34117647058824,0.02588235294117647,202.5,1.8635639145680587,818.0,40.0,49.0,21.25,72.0,55.0,858.0,0,0,0,48.4
865,LTIM,Mar 2017,6501,5271,1230.0,19.0,187,3,178,1236,21.0,971,57.0,29.0,953.0,17.0,3127.0,0.0,1273.0,4417.0,542.0,1.0,941.0,2934.0,4417.0,802.0,1170.0,-961.0,-33.0,176.0,14.936163667128133,18.920166128287956,30.884223918575067,0.0,472.3333333333333,1.4718134480416571,209.0,961.0,57.0,31.44,29.0,0.0,1170.0,0,0,0,48.4
866,LTIM,Mar 2018,7306,6119,1187.0,16.0,426,16,156,1442,23.0,1112,65.0,33.0,954.0,17.0,3843.0,0.0,1477.0,5337.0,681.0,7.0,1264.0,3385.0,5337.0,803.0,844.0,-452.0,-408.0,-16.0,15.22036682179031,16.24692033944703,28.808290155440414,0.0,100.8125,1.3689338579726438,392.0,452.0,65.0,38.6,33.0,0.0,844.0,0,0,0,48.4
867,LTIM,Mar 2019,9446,7562,1883.0,20.0,302,11,147,2028,25.0,1516,87.0,32.0,955.0,17.0,4876.0,0.0,1770.0,6664.0,930.0,12.0,1740.0,3982.0,6664.0,804.0,1395.0,-749.0,-594.0,52.0,16.049121321194157,19.934363751852636,30.983036991620683,0.0,198.63636363636363,1.4174669867947178,646.0,749.0,87.0,48.93,32.0,0.0,1395.0,0,0,0,48.4
868,LTIM,Mar 2020,10879,8849,2029.0,19.0,329,83,273,2003,24.0,1520,87.0,32.0,956.0,17.0,5387.0,912.0,2499.0,8815.0,1920.0,59.0,2219.0,4617.0,8815.0,805.0,1644.0,-643.0,-890.0,110.0,13.971872414744002,18.650611269418146,28.127313101406365,0.1687638786084382,28.40963855421687,1.2341463414634146,1001.0,643.0,87.0,54.04,32.0,912.0,1644.0,0,0,0,48.4
869,LTIM,Mar 2021,12370,9645,2725.0,22.0,274,79,332,2588,25.0,1938,111.0,36.0,957.0,18.0,7286.0,798.0,2604.0,10706.0,1906.0,66.0,3730.0,5004.0,10706.0,806.0,2400.0,-1657.0,-509.0,234.0,15.666936135812449,22.029102667744542,26.533406352683457,0.1092552026286966,37.962025316455694,1.1554268634410612,743.0,1657.0,111.0,73.04,36.0,798.0,2400.0,0,0,0,48.4
870,LTIM,Mar 2022,26109,20860,5249.0,20.0,766,123,597,5294,25.0,3950,225.0,41.0,958.0,30.0,14258.0,258.0,6027.0,20572.0,3473.0,503.0,6048.0,10548.0,20572.0,807.0,3251.0,-1643.0,-1680.0,-73.0,15.128882760733847,20.10417863571948,27.645576707726764,0.018057110862262037,48.90243902439025,1.2691522457709508,1608.0,1643.0,225.0,142.88,41.0,258.0,3251.0,0,0,0,48.4
871,LTIM,Mar 2023,33183,27075,6108.0,18.0,557,150,723,5792,24.0,4410,149.0,40.0,959.0,30.0,16562.0,1541.0,5348.0,23481.0,3679.0,902.0,5458.0,13442.0,23481.0,808.0,3095.0,-271.0,-1932.0,892.0,13.289937618660158,18.40701564053883,26.57907425265188,0.09287608486017358,44.43333333333333,1.4131851284016865,2824.0,271.0,149.0,165.92,40.0,1541.0,3095.0,0,0,0,48.4
872,LTIM,Mar 2024,35517,29130,6387.0,18.0,702,222,819,6049,24.0,4585,155.0,42.0,960.0,30.0,19988.0,2071.0,5456.0,27544.0,4981.0,551.0,8744.0,13269.0,27544.0,809.0,5670.0,-3918.0,-2269.0,-518.0,12.90931103415266,17.982937748120616,22.904386052552702,0.10345688880007993,31.93243243243243,1.2894641301190821,1752.0,3918.0,155.0,200.18,42.0,2071.0,5670.0,13.66,14.62,-17.88,48.4
874,M&M,Mar 2013,68693,59578,9116.0,13.0,841,2297,2080,5580,35.0,4129,33.0,19.0,936.0,295.0,19666.0,28711.0,27460.0,76131.0,18307.0,1631.0,6440.0,49752.0,76131.0,810.0,-922.0,-2903.0,4508.0,684.0,6.010801682849781,13.270638929730833,20.685336405991684,1.438354791844096,4.3347845015237265,0.9022999829241701,-3825.0,2903.0,33.0,199.61,19.0,28711.0,-922.0,0,0,0,52.400000000000006
875,M&M,Mar 2014,74001,63830,10170.0,14.0,773,2954,2170,5820,26.0,5154,38.0,18.0,937.0,295.0,23012.0,35167.0,29415.0,87889.0,18381.0,2191.0,8082.0,59234.0,87889.0,811.0,-244.0,-4524.0,5577.0,810.0,6.964770746341266,13.743057526249643,22.11352812459776,1.5088599991418887,3.7044685172647256,0.8419825006542343,-4768.0,4524.0,38.0,233.07,18.0,35167.0,-244.0,0,0,0,52.400000000000006
876,M&M,Mar 2015,71448,62655,8793.0,12.0,800,3157,2124,4313,40.0,3381,25.0,23.0,938.0,296.0,25561.0,37911.0,30608.0,94376.0,19047.0,3032.0,10027.0,62270.0,94376.0,812.0,1055.0,-4357.0,1669.0,-1633.0,4.732112865300638,12.306852536110178,13.075762849518505,1.4661793711567468,3.0386442825467217,0.7570568788675087,-3302.0,4357.0,25.0,258.57,23.0,37911.0,1055.0,0,0,0,52.400000000000006
877,M&M,Mar 2016,75841,65759,10082.0,13.0,1399,3368,2442,5672,37.0,3554,25.0,21.0,939.0,270.0,26222.0,41553.0,31806.0,99852.0,20585.0,2371.0,11603.0,65293.0,99852.0,813.0,2385.0,-5506.0,2967.0,-154.0,4.686119645046874,13.293601086483564,13.41537067794051,1.5685112486788464,3.4088479809976246,0.7595341104835156,-3121.0,5506.0,25.0,264.92,21.0,41553.0,2385.0,0,0,0,52.400000000000006
878,M&M,Mar 2017,83773,73038,10735.0,13.0,2077,3647,2813,6350,36.0,4051,30.0,22.0,940.0,311.0,29467.0,48762.0,35296.0,113835.0,20989.0,4279.0,14662.0,73905.0,113835.0,814.0,183.0,-5875.0,6108.0,416.0,4.83568691583207,12.814391271650772,13.604002955201826,1.6375176304654442,3.513024403619413,0.7359160187991391,-5692.0,5875.0,30.0,297.78,22.0,48762.0,183.0,0,0,0,52.400000000000006
879,M&M,Mar 2018,92094,78868,13226.0,14.0,4366,3987,3280,10326,23.0,7958,60.0,11.0,941.0,543.0,36232.0,55898.0,43696.0,136369.0,26182.0,4269.0,16018.0,89900.0,136369.0,815.0,682.0,-5467.0,6314.0,1529.0,8.641170977479531,14.361413338545399,21.63970088375255,1.52,4.412340105342363,0.675329437042143,-4785.0,5467.0,60.0,367.75,11.0,55898.0,682.0,0,0,0,52.400000000000006
880,M&M,Mar 2019,104721,89514,15207.0,15.0,2676,5021,3991,8871,32.0,6017,43.0,17.0,942.0,544.0,39439.0,70848.0,51057.0,161889.0,28983.0,4760.0,18268.0,109878.0,161889.0,816.0,-4347.0,-7174.0,13194.0,1672.0,5.745743451647711,14.521442690577821,15.0488957807068,1.771953080059025,3.5616411073491334,0.6468691510850026,-11521.0,7174.0,43.0,399.83,17.0,70848.0,-4347.0,0,0,0,52.400000000000006
881,M&M,Mar 2020,75382,65224,10158.0,13.0,885,6021,3367,1655,99.0,-321,1.0,205.0,943.0,554.0,39415.0,82092.0,43655.0,165716.0,29689.0,6856.0,19210.0,109960.0,165716.0,817.0,-1457.0,-6870.0,6933.0,-1394.0,-0.4258311002626622,13.47536547186331,-0.8031224198754034,2.053891766118742,1.8340807174887892,0.4548866735861353,-8327.0,6870.0,1.0,399.69,205.0,82092.0,-1457.0,0,0,0,52.400000000000006
882,M&M,Mar 2021,74278,62791,11487.0,15.0,1152,6102,3378,3158,52.0,1512,15.0,54.0,944.0,555.0,41027.0,80625.0,42762.0,164968.0,21380.0,7873.0,28778.0,106938.0,164968.0,818.0,17909.0,-19686.0,406.0,-1370.0,2.035596004200436,15.464875198578316,3.636188735510557,1.9389399259294888,2.0712881022615535,0.45025701954318414,-1777.0,19686.0,15.0,415.82,54.0,80625.0,17909.0,0,0,0,52.400000000000006
883,M&M,Mar 2022,90171,75488,14683.0,16.0,3204,5018,3508,9362,23.0,7253,53.0,20.0,945.0,556.0,46567.0,77605.0,47661.0,172388.0,26018.0,6703.0,30060.0,109607.0,172388.0,819.0,9248.0,-3252.0,-5883.0,113.0,8.043606037417796,16.28350578345588,15.391634658234832,1.6468603442055896,3.564567556795536,0.5230700512796714,5996.0,3252.0,53.0,471.23,20.0,77605.0,9248.0,0,0,0,52.400000000000006
884,M&M,Mar 2023,121269,100983,20285.0,17.0,3961,5830,4357,14060,19.0,11374,83.0,18.0,946.0,557.0,55809.0,92247.0,55670.0,204283.0,27140.0,3969.0,35272.0,137902.0,204283.0,820.0,-7074.0,-8866.0,15946.0,6.0,9.379148834409454,16.72727572586564,20.178831210304086,1.6365716921548452,4.158833619210978,0.5936323629474797,-15940.0,8866.0,83.0,563.66,18.0,92247.0,-7074.0,0,0,0,52.400000000000006
885,M&M,Mar 2024,139078,114186,24892.0,18.0,3298,7488,4724,15978,23.0,12270,91.0,21.0,947.0,557.0,65633.0,108647.0,59884.0,234722.0,28129.0,8039.0,35208.0,163345.0,234722.0,821.0,-5630.0,-5615.0,12281.0,1037.0,8.82238743726542,17.89787025985418,18.537543435564285,1.6414413053331318,3.7646901709401708,0.5925222177725139,-11245.0,5615.0,91.0,661.9,21.0,108647.0,-5630.0,6.04,14.02,12.7,52.400000000000006
887,MARUTI,Mar 2013,44304,39944,4361.0,10.0,797,198,1890,3070,20.0,2470,82.0,10.0,923.0,151.0,18877.0,1569.0,6920.0,27517.0,10022.0,1966.0,7421.0,8107.0,27517.0,822.0,4059.0,-3119.0,-979.0,-39.0,5.575117370892019,9.843355001805707,12.980870296405298,0.08245743115408871,26.050505050505052,1.6100592361085875,940.0,3119.0,82.0,190.28,10.0,1569.0,4059.0,0,0,0,60.199999999999996
888,MARUTI,Mar 2014,44542,39232,5310.0,12.0,724,184,2116,3734,24.0,2854,94.0,13.0,924.0,151.0,21345.0,2004.0,7975.0,31476.0,11034.0,2640.0,10527.0,7275.0,31476.0,823.0,4995.0,-4997.0,-74.0,-76.0,6.407435678685286,11.92133267477886,13.276888723483438,0.09322664681801265,32.79347826086956,1.4151099250222392,-2.0,4997.0,94.0,214.96,13.0,2004.0,4995.0,0,0,0,60.199999999999996
889,MARUTI,Mar 2015,50801,43909,6892.0,14.0,817,218,2515,4976,24.0,3809,126.0,20.0,925.0,151.0,24167.0,666.0,9492.0,34477.0,12490.0,1890.0,13298.0,6800.0,34477.0,824.0,6449.0,-4491.0,-2004.0,-45.0,7.49788389992323,13.566662073581229,15.66329467883872,0.027387120651369355,35.362385321100916,1.4734750703367463,1958.0,4491.0,126.0,243.18,20.0,666.0,6449.0,0,0,0,60.199999999999996
890,MARUTI,Mar 2016,57589,48565,9024.0,16.0,1464,82,2822,7585,28.0,5497,182.0,19.0,926.0,151.0,30465.0,231.0,11879.0,42726.0,12530.0,1007.0,20676.0,8513.0,42726.0,825.0,8482.0,-7230.0,-1237.0,16.0,9.54522565073191,15.66965913629339,17.954664227854717,0.0075450744708649075,127.90243902439025,1.347867808828348,1252.0,7230.0,182.0,306.16,19.0,231.0,8482.0,0,0,0,60.199999999999996
891,MARUTI,Mar 2017,68085,57664,10421.0,15.0,2399,89,2604,10127,26.0,7511,249.0,30.0,927.0,151.0,36924.0,484.0,14402.0,51960.0,13311.0,1252.0,29151.0,8247.0,51960.0,826.0,10282.0,-9173.0,-1129.0,-20.0,11.031798487185137,15.305867665418226,20.258934592043158,0.013054619015509103,144.04494382022472,1.3103348729792148,1109.0,9173.0,249.0,370.75,30.0,484.0,10282.0,0,0,0,60.199999999999996
892,MARUTI,Mar 2018,79809,67692,12118.0,15.0,2155,346,2760,11167,29.0,7881,261.0,31.0,928.0,151.0,42408.0,121.0,17568.0,60248.0,13389.0,2132.0,36123.0,8604.0,60248.0,827.0,11788.0,-8302.0,-3436.0,50.0,9.874826147426981,15.183751206004336,18.517822317253696,0.002843111915223572,41.2514450867052,1.32467467799761,3486.0,8302.0,261.0,425.59,31.0,121.0,11788.0,0,0,0,60.199999999999996
893,MARUTI,Mar 2019,86068,75012,11056.0,13.0,2664,76,3021,10624,28.0,7651,253.0,32.0,929.0,151.0,46941.0,160.0,16717.0,63969.0,15437.0,1607.0,37504.0,9421.0,63969.0,828.0,6601.0,-3540.0,-2948.0,113.0,8.889482734581959,12.845656922433424,16.24692092075087,0.00339760468869447,180.52631578947367,1.345464209226344,3061.0,3540.0,253.0,470.92,32.0,160.0,6601.0,0,0,0,60.199999999999996
894,MARUTI,Mar 2020,75660,68305,7355.0,10.0,3410,134,3528,7103,20.0,5678,188.0,32.0,930.0,151.0,49262.0,184.0,14031.0,63628.0,15744.0,1415.0,37488.0,8980.0,63628.0,829.0,3496.0,-557.0,-3104.0,-165.0,7.504625958234206,9.721120803595031,11.490903203610387,0.0037237164308987513,80.33582089552239,1.1890991387439491,2939.0,557.0,188.0,494.13,32.0,184.0,3496.0,0,0,0,60.199999999999996
895,MARUTI,Mar 2021,70372,64961,5411.0,8.0,3046,102,3034,5321,18.0,4389,145.0,31.0,931.0,151.0,52350.0,541.0,18335.0,71376.0,14989.0,1497.0,42945.0,11946.0,71376.0,830.0,8856.0,-7291.0,-1545.0,20.0,6.236855567555278,7.689137725231626,8.359840764937811,0.010304565627321384,82.91176470588235,0.985933647164313,1565.0,7291.0,145.0,525.01,31.0,541.0,8856.0,0,0,0,60.199999999999996
896,MARUTI,Mar 2022,88330,82578,5752.0,7.0,1861,127,2789,4697,17.0,3880,128.0,47.0,932.0,151.0,55182.0,426.0,18896.0,74656.0,13747.0,2936.0,42035.0,15937.0,74656.0,831.0,1840.0,-239.0,-1607.0,-6.0,4.3926185893807315,6.511943846937621,7.012090434279725,0.007698841559286501,59.94488188976378,1.1831600942991856,1601.0,239.0,128.0,553.33,47.0,426.0,1840.0,0,0,0,60.199999999999996
897,MARUTI,Mar 2023,118410,105288,13122.0,11.0,2415,252,4846,10438,21.0,8264,274.0,34.0,933.0,157.0,74443.0,1248.0,24258.0,100106.0,27941.0,4143.0,49184.0,18837.0,100106.0,832.0,10815.0,-8820.0,-1214.0,780.0,6.9791402753145855,11.081834304535091,11.077747989276139,0.016729222520107237,61.654761904761905,1.1828461830459713,1995.0,8820.0,274.0,746.0,34.0,1248.0,10815.0,0,0,0,60.199999999999996
898,MARUTI,Mar 2024,141858,123232,18626.0,13.0,4248,194,5256,17424,23.0,13488,429.0,29.0,934.0,157.0,85479.0,119.0,29550.0,115304.0,27865.0,7735.0,57296.0,22408.0,115304.0,833.0,16801.0,-11865.0,-4062.0,874.0,9.50809964894472,13.130031439890594,15.750385351954785,0.001389602503619973,117.90721649484536,1.230295566502463,4936.0,11865.0,429.0,856.36,29.0,119.0,16801.0,12.49,26.12,26.06,60.199999999999996
900,MOTHERSON,Mar 2013,25298,23819,1480.0,6.0,318,250,714,834,46.0,452,1.0,26.0,910.0,59.0,2230.0,4904.0,5546.0,12739.0,5277.0,386.0,72.0,7005.0,12739.0,834.0,1486.0,-1089.0,-256.0,142.0,1.7867025061269666,5.850264843070598,19.746614242027086,2.142420270860638,7.192,1.9858701624931314,397.0,1089.0,1.0,22.89,26.0,4904.0,1486.0,0,0,0,58.900000000000006
901,MOTHERSON,Mar 2014,30414,28017,2397.0,8.0,311,294,817,1596,31.0,1097,2.0,29.0,911.0,88.0,2871.0,4840.0,7445.0,15244.0,5919.0,647.0,75.0,8603.0,15244.0,835.0,2695.0,-1372.0,-1080.0,243.0,3.6068915630959424,7.881238903136713,37.07333558634674,1.6356877323420074,9.210884353741497,1.9951456310679612,1323.0,1372.0,2.0,29.59,29.0,4840.0,2695.0,0,0,0,58.900000000000006
902,MOTHERSON,Mar 2015,34661,31817,2844.0,8.0,212,318,921,1817,29.0,1292,2.0,31.0,912.0,88.0,3236.0,5131.0,8971.0,17425.0,6129.0,956.0,65.0,10276.0,17425.0,836.0,3390.0,-2844.0,494.0,1040.0,3.7275323851014104,8.2051873863997,38.86883273164862,1.5436221419975933,9.61006289308176,1.9891535150645625,546.0,2844.0,2.0,33.24,31.0,5131.0,3390.0,0,0,0,58.900000000000006
903,MOTHERSON,Mar 2016,37216,33668,3548.0,10.0,177,345,1087,2293,23.0,1774,3.0,26.0,913.0,132.0,4265.0,6069.0,9199.0,19665.0,7147.0,1397.0,590.0,10531.0,19665.0,837.0,2188.0,-1906.0,-263.0,19.0,4.766766981943251,9.533533963886502,40.34569024334774,1.3802592676825107,10.797101449275363,1.8924993643529113,282.0,1906.0,3.0,43.97,26.0,6069.0,2188.0,0,0,0,58.900000000000006
904,MOTHERSON,Mar 2017,42376,38204,4171.0,10.0,346,375,1059,3083,30.0,2172,3.0,18.0,914.0,140.0,8132.0,10349.0,13322.0,31944.0,12193.0,1935.0,474.0,17343.0,31944.0,838.0,3800.0,-6145.0,5518.0,3172.0,5.12554276005286,9.842835567302247,26.25725338491296,1.251088007736944,12.045333333333334,1.3265715001252192,-2345.0,6145.0,3.0,82.72,18.0,10349.0,3800.0,0,0,0,58.900000000000006
905,MOTHERSON,Mar 2018,56303,51174,5128.0,9.0,125,411,1575,3267,31.0,2260,3.0,30.0,915.0,210.0,9674.0,10374.0,16716.0,36974.0,14712.0,2585.0,792.0,18885.0,36974.0,839.0,3264.0,-3194.0,-2221.0,-2152.0,4.013995701827612,9.10786281370442,22.865236746256574,1.0495750708215297,12.781021897810218,1.5227727592362201,70.0,3194.0,3.0,98.84,30.0,10374.0,3264.0,0,0,0,58.900000000000006
906,MOTHERSON,Mar 2019,63523,58174,5348.0,8.0,333,423,2058,3200,34.0,2098,3.0,29.0,916.0,316.0,10647.0,11534.0,20257.0,42754.0,18423.0,1067.0,855.0,22409.0,42754.0,840.0,4312.0,-3318.0,-225.0,769.0,3.3027407395746424,8.418997843300852,19.13709750980571,1.0520842834990423,13.430260047281324,1.4857791083875194,994.0,3318.0,3.0,109.63,29.0,11534.0,4312.0,0,0,0,58.900000000000006
907,MOTHERSON,Mar 2020,60729,56075,4654.0,8.0,642,593,2721,1983,-5.0,1294,2.0,40.0,917.0,316.0,10945.0,13136.0,20636.0,45033.0,20750.0,852.0,796.0,22635.0,45033.0,841.0,6352.0,-2220.0,-2803.0,1329.0,2.1307777174002536,7.6635544797378525,11.490986590888909,1.166503862889619,8.930860033726812,1.3485444007727667,4132.0,2220.0,2.0,112.61,40.0,13136.0,6352.0,0,0,0,58.900000000000006
908,MOTHERSON,Mar 2021,57370,53000,4370.0,8.0,568,512,2926,1500,34.0,1569,2.0,46.0,918.0,316.0,12245.0,11930.0,23258.0,47749.0,20099.0,877.0,846.0,25926.0,47749.0,842.0,5051.0,-1886.0,-2098.0,1068.0,2.7348788565452327,7.617221544361165,12.491043706711249,0.949765146087095,9.64453125,1.201491130704308,3165.0,1886.0,2.0,125.61,46.0,11930.0,5051.0,0,0,0,58.900000000000006
909,MOTHERSON,Mar 2022,63774,59060,4714.0,7.0,575,543,2958,1788,31.0,1182,1.0,34.0,919.0,452.0,20136.0,14130.0,21008.0,55726.0,21411.0,1310.0,6462.0,26543.0,55726.0,843.0,2463.0,-2304.0,-1217.0,-1059.0,1.8534198889829712,7.391727036096214,5.741208470953954,0.6863221293957645,9.740331491712707,1.144420916627786,159.0,2304.0,1.0,205.88,34.0,14130.0,2463.0,0,0,0,58.900000000000006
910,MOTHERSON,Mar 2023,78788,72537,6251.0,8.0,70,781,3136,2405,31.0,1670,2.0,29.0,920.0,678.0,21774.0,13792.0,25086.0,61330.0,23147.0,1478.0,6290.0,30415.0,61330.0,844.0,4643.0,-2248.0,-2734.0,-339.0,2.119612123673656,7.933949332385643,7.438090147871014,0.6142882593978265,8.093469910371319,1.2846567748247186,2395.0,2248.0,2.0,224.52,29.0,13792.0,4643.0,0,0,0,58.900000000000006
911,MOTHERSON,Mar 2024,98692,89370,9322.0,9.0,140,1811,3810,3840,21.0,3020,4.0,20.0,921.0,678.0,25477.0,19922.0,38101.0,84178.0,30122.0,2498.0,6521.0,45037.0,84178.0,845.0,7569.0,-6644.0,1281.0,2205.0,3.0600251286831757,9.445547764763102,11.546549416937488,0.7616899254444657,5.224737713970182,1.1724203473591674,925.0,6644.0,4.0,261.55,20.0,19922.0,7569.0,17.35,37.97,24.57,58.900000000000006
913,NAUKRI,Mar 2013,472,351,121.0,26.0,24,3,12,130,41.0,76,8.0,12.0,897.0,109.0,499.0,1.0,216.0,825.0,152.0,10.0,261.0,402.0,825.0,846.0,75.0,-46.0,-12.0,16.0,16.101694915254235,25.635593220338983,12.5,0.001644736842105263,48.333333333333336,0.5721212121212121,29.0,46.0,8.0,6.08,12.0,1.0,75.0,0,0,0,66.89999999999999
914,NAUKRI,Mar 2014,567,471,97.0,17.0,48,3,21,120,49.0,60,8.0,30.0,898.0,109.0,563.0,1.0,387.0,1060.0,149.0,10.0,538.0,363.0,1060.0,847.0,81.0,-204.0,130.0,7.0,10.582010582010582,17.10758377425044,8.928571428571429,0.001488095238095238,48.333333333333336,0.5349056603773585,-123.0,204.0,8.0,6.72,30.0,1.0,81.0,0,0,0,66.89999999999999
915,NAUKRI,Mar 2015,732,711,21.0,3.0,89,4,47,60,99.0,-14,2.0,150.0,899.0,120.0,1295.0,1.0,801.0,2217.0,576.0,12.0,1175.0,455.0,2217.0,848.0,51.0,-1051.0,1025.0,25.0,-1.912568306010929,2.8688524590163933,-0.9893992932862191,0.0007067137809187279,27.5,0.3301759133964817,-1000.0,1051.0,2.0,14.15,150.0,1.0,51.0,0,0,0,66.89999999999999
916,NAUKRI,Mar 2016,748,656,91.0,12.0,111,3,24,175,33.0,118,11.0,27.0,900.0,121.0,1422.0,1.0,382.0,1925.0,82.0,0.0,568.0,1276.0,1925.0,849.0,78.0,-2.0,-66.0,11.0,15.775401069518717,12.165775401069519,7.647440051847052,0.0006480881399870382,67.33333333333333,0.38857142857142857,76.0,2.0,11.0,15.43,27.0,1.0,78.0,0,0,0,66.89999999999999
917,NAUKRI,Mar 2017,888,896,-9.0,-1.0,50,4,33,5,99.0,-43,-2.0,-230.0,901.0,121.0,1471.0,1.0,459.0,2053.0,157.0,1.0,551.0,1343.0,2053.0,850.0,213.0,-165.0,-42.0,7.0,-4.842342342342342,-1.0135135135135136,-2.701005025125628,0.000628140703517588,10.25,0.43253774963468095,48.0,165.0,-2.0,15.92,-230.0,1.0,213.0,0,0,0,66.89999999999999
918,NAUKRI,Mar 2018,988,769,219.0,22.0,401,5,30,585,14.0,501,42.0,13.0,902.0,122.0,1923.0,1.0,550.0,2596.0,88.0,0.0,1565.0,943.0,2596.0,851.0,253.0,-149.0,-75.0,29.0,50.708502024291505,22.16599190283401,24.49877750611247,0.0004889975550122249,124.0,0.38058551617873654,104.0,149.0,42.0,20.45,13.0,1.0,253.0,0,0,0,66.89999999999999
919,NAUKRI,Mar 2019,1151,1142,9.0,1.0,737,7,22,716,17.0,592,49.0,12.0,903.0,122.0,2421.0,1.0,646.0,3189.0,88.0,2.0,1204.0,1895.0,3189.0,852.0,276.0,-59.0,-78.0,138.0,51.433536055603824,0.7819287576020852,23.27959103421156,0.00039323633503735744,106.57142857142857,0.36092819065537785,217.0,59.0,49.0,25.43,12.0,1.0,276.0,0,0,0,66.89999999999999
920,NAUKRI,Mar 2020,1312,1662,-350.0,-27.0,286,14,48,-126,95.0,-246,-19.0,-31.0,904.0,122.0,2073.0,77.0,621.0,2893.0,242.0,0.0,1133.0,1518.0,2893.0,853.0,350.0,97.0,-143.0,304.0,-18.75,-26.676829268292686,-11.207289293849659,0.03507972665148064,-4.571428571428571,0.4535084687175942,447.0,97.0,-19.0,21.95,-31.0,77.0,350.0,0,0,0,66.89999999999999
921,NAUKRI,Mar 2021,1128,1054,74.0,7.0,1584,11,45,1602,12.0,1418,110.0,7.0,905.0,129.0,5267.0,65.0,831.0,6292.0,134.0,0.0,2324.0,3834.0,6292.0,854.0,276.0,-2043.0,1880.0,113.0,125.70921985815602,6.560283687943262,26.278724981467754,0.012045959970348406,150.72727272727272,0.1792752701843611,-1767.0,2043.0,110.0,53.96,7.0,65.0,276.0,0,0,0,66.89999999999999
922,NAUKRI,Mar 2022,1589,1143,446.0,28.0,13810,11,73,14200,9.0,12882,991.0,1.0,906.0,129.0,17113.0,64.0,3177.0,20483.0,1033.0,0.0,15614.0,3836.0,20483.0,855.0,707.0,-1177.0,35.0,-435.0,810.6985525487728,28.067967275015732,74.71291033522793,0.0037118663728105787,1296.0,0.0775765268759459,-470.0,1177.0,991.0,172.42,1.0,64.0,707.0,0,0,0,66.89999999999999
923,NAUKRI,Mar 2023,2346,1997,348.0,15.0,-116,18,73,141,99.0,-70,-8.0,-228.0,907.0,129.0,13269.0,108.0,3153.0,16658.0,801.0,4.0,12403.0,3450.0,16658.0,856.0,512.0,-358.0,2.0,156.0,-2.9838022165387894,14.83375959079284,-0.522466039707419,0.00806090461262875,12.88888888888889,0.14083323328130629,154.0,358.0,-8.0,133.98,-228.0,108.0,512.0,0,0,0,66.89999999999999
924,NAUKRI,Mar 2024,2536,1825,711.0,28.0,303,35,101,878,32.0,595,44.0,49.0,908.0,129.0,30133.0,246.0,5581.0,36089.0,810.0,0.0,31203.0,4077.0,36089.0,857.0,702.0,-852.0,120.0,-29.0,23.462145110410095,28.036277602523658,1.9661621835965897,0.008129006675038002,28.97142857142857,0.07027071960985341,-150.0,852.0,44.0,302.62,49.0,246.0,702.0,15.92,45.82,39.33,66.89999999999999
926,NESTLEIND,Dec 2013,9101,7153,1948.0,21.0,97,37,330,1678,33.0,1117,12.0,42.0,884.0,96.0,2272.0,1189.0,2756.0,6314.0,3369.0,295.0,851.0,1799.0,6314.0,858.0,1796.0,-441.0,-580.0,775.0,12.27337655202725,21.404241292165697,47.170608108108105,0.5021114864864865,55.270270270270274,1.441400063351283,1355.0,441.0,12.0,23.68,42.0,1189.0,1796.0,0,0,0,53.800000000000004
927,NESTLEIND,Dec 2014,9855,7816,2039.0,21.0,87,14,338,1774,33.0,1185,12.0,51.0,885.0,96.0,2741.0,20.0,2963.0,5820.0,3177.0,245.0,812.0,1586.0,5820.0,859.0,1644.0,-432.0,-1635.0,-423.0,12.02435312024353,20.690005073566716,41.76947479732112,0.007049700387733521,151.85714285714286,1.693298969072165,1212.0,432.0,12.0,28.37,51.0,20.0,1644.0,0,0,0,53.800000000000004
928,NESTLEIND,Dec 2015,8175,6620,1555.0,19.0,-391,3,347,814,31.0,563,6.0,83.0,886.0,96.0,2721.0,18.0,3251.0,6086.0,2898.0,231.0,1325.0,1633.0,6086.0,860.0,1098.0,-70.0,-498.0,529.0,6.886850152905198,19.021406727828747,19.985800496982606,0.006389776357827476,388.0,1.343246795925074,1028.0,70.0,6.0,28.17,83.0,18.0,1098.0,0,0,0,53.800000000000004
929,NESTLEIND,Dec 2016,9141,7292,1850.0,20.0,140,91,354,1545,35.0,1001,10.0,61.0,887.0,96.0,3186.0,33.0,3495.0,6810.0,2730.0,188.0,1756.0,2136.0,6810.0,861.0,1466.0,-126.0,-666.0,674.0,10.95066185318893,20.238485942457064,30.499695307739184,0.010054844606946984,21.86813186813187,1.3422907488986784,1340.0,126.0,10.0,32.82,61.0,33.0,1466.0,0,0,0,53.800000000000004
930,NESTLEIND,Dec 2017,10010,7913,2097.0,21.0,177,92,342,1839,33.0,1225,13.0,68.0,888.0,96.0,3324.0,35.0,3907.0,7363.0,2616.0,94.0,1979.0,2673.0,7363.0,862.0,1818.0,-131.0,-997.0,691.0,12.237762237762238,20.94905094905095,35.8187134502924,0.01023391812865497,24.717391304347824,1.3595002037213093,1687.0,131.0,13.0,34.2,68.0,35.0,1818.0,0,0,0,53.800000000000004
931,NESTLEIND,Dec 2018,11292,8675,2618.0,23.0,259,112,336,2429,34.0,1607,17.0,69.0,889.0,96.0,3577.0,35.0,4379.0,8088.0,2401.0,105.0,2658.0,2924.0,8088.0,863.0,2052.0,-52.0,-1317.0,683.0,14.231314204746722,23.18455543747786,43.75170160631636,0.00952899537163082,25.6875,1.3961424332344214,2000.0,52.0,17.0,36.73,69.0,35.0,2052.0,0,0,0,53.800000000000004
932,NESTLEIND,Dec 2019,12369,9443,2926.0,24.0,247,129,370,2673,26.0,1968,20.0,168.0,890.0,96.0,1822.0,189.0,5065.0,7173.0,2341.0,143.0,1751.0,2937.0,7173.0,864.0,2295.0,83.0,-3602.0,-1223.0,15.910744603444094,23.655913978494624,102.60688216892598,0.09854014598540146,24.5968992248062,1.7243831033040569,2378.0,83.0,20.0,19.18,168.0,189.0,2295.0,0,0,0,53.800000000000004
933,NESTLEIND,Dec 2020,13350,10149,3202.0,24.0,146,164,370,2813,26.0,2082,22.0,93.0,891.0,96.0,1923.0,147.0,5733.0,7900.0,2179.0,639.0,1464.0,3618.0,7900.0,865.0,2454.0,-321.0,-1956.0,177.0,15.595505617977528,23.98501872659176,103.12035661218424,0.07280832095096583,20.414634146341463,1.6898734177215189,2133.0,321.0,22.0,20.19,93.0,147.0,2454.0,0,0,0,53.800000000000004
934,NESTLEIND,Dec 2021,14741,11178,3562.0,24.0,-112,202,391,2857,26.0,2118,22.0,91.0,892.0,96.0,1850.0,266.0,6021.0,8234.0,2995.0,246.0,774.0,4219.0,8234.0,866.0,2236.0,-1920.0,-2020.0,-1704.0,14.368089003459739,24.163896614883658,108.83864337101747,0.1366906474820144,17.07920792079208,1.790259897983969,316.0,1920.0,22.0,19.46,91.0,266.0,2236.0,0,0,0,53.800000000000004
935,NESTLEIND,Dec 2022,16897,13191,3706.0,22.0,107,155,403,3256,27.0,2391,25.0,89.0,893.0,96.0,2363.0,271.0,6249.0,8979.0,3044.0,358.0,778.0,4799.0,8979.0,867.0,2737.0,-392.0,-2123.0,223.0,14.150440906669823,21.932887494821564,97.23464823098821,0.11020740138267589,24.6,1.8818353936964027,2345.0,392.0,25.0,24.59,89.0,271.0,2737.0,0,0,0,53.800000000000004
936,NESTLEIND,Dec 2023,19126,14655,4471.0,23.0,116,119,429,4038,26.0,2999,31.0,56.0,894.0,96.0,2363.0,271.0,6249.0,8979.0,3044.0,358.0,778.0,4799.0,8979.0,868.0,3392.0,-927.0,-2436.0,29.0,15.680225870542715,23.376555474223572,121.96014640097602,0.11020740138267589,38.54621848739496,2.130081300813008,2465.0,927.0,31.0,24.59,56.0,271.0,3392.0,0,0,0,53.800000000000004
937,NESTLEIND,Mar 2024,24394,18581,5813.0,24.0,159,145,538,5289,26.0,3933,41.0,79.0,895.0,96.0,3244.0,345.0,6838.0,10523.0,3460.0,1742.0,464.0,4857.0,10523.0,869.0,4175.0,-1237.0,-3135.0,-198.0,16.12281708616873,23.829630236943512,117.75449101796407,0.10329341317365269,41.186206896551724,2.318160220469448,2938.0,1237.0,41.0,33.4,79.0,345.0,4175.0,4.41,7.55,7.21,53.800000000000004
939,NHPC,Mar 2013,6381,2229,4152.0,65.0,1595,611,1241,3895,26.0,2873,2.0,28.0,871.0,12301.0,17494.0,20340.0,12226.0,62361.0,23537.0,19962.0,1447.0,17415.0,62361.0,870.0,2846.0,-1330.0,-1344.0,172.0,45.02429086350102,65.06817113305125,9.64255747608659,0.6826648766571572,9.405891980360066,0.10232356761437437,1516.0,1330.0,2.0,297.95,28.0,20340.0,2846.0,0,0,0,35.199999999999996
940,NHPC,Mar 2014,7389,3047,4342.0,59.0,889,1203,1499,2529,35.0,1633,1.0,27.0,872.0,11071.0,17175.0,20819.0,12362.0,61427.0,29587.0,14924.0,1273.0,15643.0,61427.0,871.0,3824.0,-1122.0,-4536.0,-1834.0,22.10041954256327,58.76302611990797,5.781349571620761,0.7370601147065071,4.348295926849543,0.1202891236752568,2702.0,1122.0,1.0,282.46,27.0,20819.0,3824.0,0,0,0,35.199999999999996
941,NHPC,Mar 2015,8221,3087,5134.0,62.0,1597,1296,1715,3718,25.0,2798,2.0,27.0,873.0,11071.0,19687.0,20584.0,10094.0,61436.0,27916.0,16378.0,1020.0,16123.0,61436.0,872.0,4061.0,-768.0,-2494.0,798.0,34.03478895511495,62.44982362243036,9.096820339423891,0.669224266857403,5.193672839506172,0.13381405039390584,3293.0,768.0,2.0,307.58,27.0,20584.0,4061.0,0,0,0,35.199999999999996
942,NHPC,Mar 2016,8354,3571,4783.0,57.0,1174,1160,1432,3365,30.0,2365,2.0,81.0,874.0,11071.0,20572.0,19938.0,11242.0,62823.0,22610.0,16742.0,606.0,22866.0,62823.0,873.0,5971.0,-746.0,-4000.0,1224.0,28.309791716542975,57.25401005506344,7.4740068893594165,0.6300919634674336,5.135344827586207,0.13297677602152078,5225.0,746.0,2.0,316.43,81.0,19938.0,5971.0,0,0,0,35.199999999999996
943,NHPC,Mar 2017,8623,3739,4884.0,57.0,2245,1133,1462,4535,23.0,3480,3.0,61.0,875.0,10259.0,18756.0,19227.0,11946.0,60187.0,22227.0,17588.0,1020.0,19352.0,60187.0,874.0,8329.0,-1864.0,-7812.0,-1347.0,40.357184274614404,56.63922068885539,11.993796312252284,0.6626572462519387,6.292144748455428,0.14327014139265953,6465.0,1864.0,3.0,290.15,61.0,19227.0,8329.0,0,0,0,35.199999999999996
944,NHPC,Mar 2018,7755,3508,4248.0,55.0,1185,924,1469,3040,8.0,2785,2.0,57.0,876.0,10259.0,19782.0,18602.0,14290.0,62933.0,21201.0,19087.0,1125.0,21520.0,62933.0,875.0,4696.0,-886.0,-3863.0,-53.0,35.912314635718886,54.77756286266925,9.270663426650245,0.6192203987883226,5.87987012987013,0.12322628827483197,3810.0,886.0,2.0,300.41,57.0,18602.0,4696.0,0,0,0,35.199999999999996
945,NHPC,Mar 2019,8983,4002,4981.0,55.0,1733,896,1658,4159,32.0,2836,3.0,56.0,877.0,10045.0,20753.0,19066.0,16870.0,66734.0,24977.0,15037.0,1283.0,25437.0,66734.0,876.0,3824.0,-1182.0,-2637.0,5.0,31.570744740064566,55.449181787821445,9.208390155204883,0.6190661731281252,7.493303571428571,0.13460904486468667,2642.0,1182.0,3.0,307.98,56.0,19066.0,3824.0,0,0,0,35.199999999999996
946,NHPC,Mar 2020,10008,4562,5446.0,54.0,311,877,1614,3266,-2.0,3345,3.0,52.0,878.0,10045.0,21336.0,23226.0,16669.0,71277.0,24402.0,17180.0,1398.0,28297.0,71277.0,877.0,2993.0,-2987.0,12.0,17.0,33.42326139088729,54.416466826538766,10.659316146712978,0.7401293776488959,6.56442417331813,0.1404099499137169,6.0,2987.0,3.0,313.81,52.0,23226.0,2993.0,0,0,0,35.199999999999996
947,NHPC,Mar 2021,9648,4371,5277.0,55.0,1087,577,1292,4495,20.0,3600,3.0,49.0,879.0,10045.0,23008.0,23365.0,16717.0,73136.0,21993.0,19167.0,1842.0,30133.0,73136.0,878.0,5070.0,-1607.0,-3058.0,405.0,37.3134328358209,54.69527363184079,10.891598342056696,0.7068949868393186,11.029462738301559,0.13191861737037847,3463.0,1607.0,3.0,330.53,49.0,23365.0,5070.0,0,0,0,35.199999999999996
948,NHPC,Mar 2022,9144,5131,4013.0,44.0,981,586,1190,3217,-17.0,3774,4.0,52.0,880.0,10045.0,24876.0,26096.0,16271.0,77288.0,21825.0,22522.0,2386.0,30554.0,77288.0,879.0,4590.0,-3084.0,-638.0,867.0,41.272965879265094,43.88670166229222,10.807250651470463,0.7472867329114287,8.522184300341298,0.11831073387848048,1506.0,3084.0,4.0,349.21,52.0,26096.0,4590.0,0,0,0,35.199999999999996
949,NHPC,Mar 2023,10607,4423,6184.0,58.0,743,475,1215,5237,19.0,4261,4.0,48.0,881.0,10045.0,26916.0,29540.0,19710.0,86211.0,22137.0,31357.0,499.0,32218.0,86211.0,880.0,4705.0,-4191.0,-795.0,-281.0,40.17158480248892,58.30112190063166,11.5283677389681,0.7992208003030221,14.583157894736843,0.12303534351764855,514.0,4191.0,4.0,369.61,48.0,29540.0,4705.0,0,0,0,35.199999999999996
950,NHPC,Mar 2024,9632,4825,4807.0,50.0,2029,608,1184,5043,20.0,4028,4.0,53.0,882.0,10045.0,28657.0,32561.0,22034.0,93297.0,21474.0,39831.0,479.0,31513.0,93297.0,881.0,6938.0,-5968.0,-581.0,388.0,41.81893687707641,49.90656146179402,10.407730866621879,0.8413260296625498,11.243421052631579,0.10324018993108032,970.0,5968.0,4.0,387.02,53.0,32561.0,6938.0,3.98,-0.62,0.0,35.199999999999996
952,NTPC,Mar 2013,71518,53370,18149.0,25.0,4777,2491,3823,16611,24.0,12586,13.0,38.0,858.0,8245.0,72995.0,70419.0,27116.0,178776.0,71833.0,46555.0,4923.0,55465.0,178776.0,882.0,16508.0,-16845.0,988.0,651.0,17.598366844710423,25.376828211079726,15.492368291482029,0.8668020679468242,9.203532717784022,0.4000425112990558,-337.0,16845.0,13.0,812.4,38.0,70419.0,16508.0,0,0,0,30.8
953,NTPC,Mar 2014,78330,58603,19727.0,25.0,2792,3263,4770,14486,21.0,11403,12.0,42.0,859.0,8245.0,79084.0,81455.0,31334.0,200118.0,84208.0,53825.0,3300.0,58785.0,200118.0,883.0,16531.0,-15509.0,-2709.0,-1687.0,14.557640750670242,25.184475935146178,13.057518121128147,0.9327371205441491,6.901317805700276,0.3914190627529757,1022.0,15509.0,12.0,873.29,42.0,81455.0,16531.0,0,0,0,30.8
954,NTPC,Mar 2015,79957,62605,17352.0,22.0,2338,3669,5565,10456,4.0,9992,10.0,21.0,860.0,8245.0,73849.0,102252.0,35366.0,219712.0,91853.0,67555.0,1902.0,58403.0,219712.0,884.0,14889.0,-15977.0,-1474.0,-2563.0,12.496716985379642,21.70166464474655,12.171413257972569,1.2455477866835578,5.366584900517852,0.3639173099330032,-1088.0,15977.0,10.0,820.94,21.0,102252.0,14889.0,0,0,0,30.8
955,NTPC,Mar 2016,73396,54829,18568.0,25.0,1188,3366,5771,10618,-2.0,10781,11.0,26.0,861.0,8245.0,83330.0,99424.0,33666.0,224665.0,92929.0,75046.0,6473.0,50217.0,224665.0,885.0,24125.0,-19162.0,-3899.0,1064.0,14.688811379366722,25.298381383181646,11.772863772863772,1.0857111657111658,5.869281045751634,0.32669085082233545,4963.0,19162.0,11.0,915.75,26.0,99424.0,24125.0,0,0,0,30.8
956,NTPC,Mar 2017,82042,60445,21598.0,26.0,1592,3753,6010,13426,20.0,10714,11.0,37.0,862.0,8245.0,89593.0,113773.0,36990.0,248601.0,104532.0,86896.0,7614.0,49560.0,248601.0,886.0,20167.0,-24480.0,3138.0,-1176.0,13.059164818020038,26.32554057677775,10.950755330239783,1.1628712770089331,6.179056754596323,0.33001476261157436,-4313.0,24480.0,11.0,978.38,37.0,113773.0,20167.0,0,0,0,30.8
957,NTPC,Mar 2018,88083,65598,22485.0,26.0,5576,4447,7460,16154,35.0,10502,11.0,40.0,863.0,8245.0,95318.0,130049.0,48880.0,282492.0,128245.0,83386.0,8876.0,61985.0,282492.0,887.0,19670.0,-20678.0,1028.0,19.0,11.922845497996208,25.52705970505092,10.140687311105317,1.2557477091239149,6.31009669440072,0.3118070600229387,-1008.0,20678.0,11.0,1035.63,40.0,130049.0,19670.0,0,0,0,30.8
958,NTPC,Mar 2019,100287,77576,22710.0,23.0,2818,5605,8669,11255,-25.0,14034,14.0,44.0,864.0,9895.0,101462.0,173058.0,62509.0,346923.0,150985.0,118397.0,8132.0,69409.0,346923.0,888.0,18686.0,-24063.0,4927.0,-451.0,13.993837685841633,22.645008824673187,12.602710202322262,1.5540828147310004,4.554504906333631,0.2890756738526993,-5377.0,24063.0,14.0,1113.57,44.0,173058.0,18686.0,0,0,0,30.8
959,NTPC,Mar 2020,109464,77878,31586.0,29.0,8209,8189,10356,21250,44.0,11902,12.0,27.0,865.0,9895.0,108945.0,202984.0,55746.0,377569.0,187803.0,98508.0,9307.0,81951.0,377569.0,889.0,23890.0,-29628.0,6004.0,266.0,10.872981071402469,28.855148724694878,10.015146415348369,1.7080444294850219,4.859567712785444,0.28991786931660174,-5738.0,29628.0,12.0,1188.4,27.0,202984.0,23890.0,0,0,0,30.8
960,NTPC,Mar 2021,111531,77487,34044.0,31.0,5021,9224,12450,17390,14.0,14969,15.0,41.0,866.0,9697.0,116042.0,210208.0,62075.0,398022.0,203245.0,97506.0,10589.0,86681.0,398022.0,890.0,32444.0,-21034.0,-11049.0,360.0,13.421380602702387,30.524248863544667,11.904818711775981,1.6717804340737559,4.235147441457069,0.2802131540467612,11410.0,21034.0,15.0,1257.39,41.0,210208.0,32444.0,0,0,0,30.8
961,NTPC,Mar 2022,132669,92307,40362.0,30.0,4809,9376,13788,22007,23.0,16960,17.0,41.0,867.0,9697.0,125677.0,210707.0,69751.0,415831.0,224923.0,91126.0,10626.0,89156.0,415831.0,891.0,41788.0,-22891.0,-19172.0,-274.0,12.7836947591374,30.42308301110282,12.528255056362376,1.5564805649533884,4.817726109215017,0.3190454776098944,18897.0,22891.0,17.0,1353.74,41.0,210707.0,41788.0,0,0,0,30.8
962,NTPC,Mar 2023,176207,128611,47596.0,27.0,2561,11447,14792,23917,28.0,17121,17.0,42.0,868.0,9697.0,137326.0,222913.0,77253.0,447189.0,240424.0,89179.0,13935.0,103651.0,447189.0,892.0,47152.0,-26145.0,-21217.0,-210.0,9.716413082340656,27.011412713456334,11.645116750440407,1.5161777408976826,4.381672053813226,0.39403250079943825,21007.0,26145.0,17.0,1470.23,42.0,222913.0,47152.0,0,0,0,30.8
963,NTPC,Mar 2024,178501,127045,51456.0,29.0,5190,12301,16204,28142,24.0,21332,21.0,36.0,869.0,9697.0,151013.0,237131.0,81437.0,479278.0,258934.0,87664.0,15885.0,116795.0,479278.0,893.0,40785.0,-32141.0,-8246.0,398.0,11.950633329785267,28.82672926202094,13.273598407068633,1.475521125007778,4.604991464108609,0.37243729109201756,8644.0,32141.0,21.0,1607.1,36.0,237131.0,40785.0,4.25,-3.56,-3.29,30.8
965,ONGC,Mar 2013,161984,118482,43501.0,27.0,5488,484,11763,36742,35.0,23994,19.0,34.0,845.0,4278.0,148250.0,20686.0,80211.0,253424.0,119644.0,53385.0,2128.0,78267.0,253424.0,894.0,39874.0,-41220.0,-6927.0,-8273.0,14.812574081390755,26.855121493480837,15.730882198678275,0.1356210007342914,101.21694214876032,0.6391817665256645,-1346.0,41220.0,19.0,1525.28,34.0,20686.0,39874.0,0,0,0,41.800000000000004
966,ONGC,Mar 2014,174121,124991,49130.0,28.0,7170,624,16262,39413,32.0,26665,21.0,31.0,846.0,4278.0,167874.0,49113.0,103711.0,324976.0,155923.0,72034.0,4746.0,92273.0,324976.0,895.0,53270.0,-63633.0,15225.0,4862.0,15.314063208917936,28.216010705199256,15.489218829871277,0.285288582183187,90.22435897435898,0.5357964895869234,-10363.0,63633.0,21.0,1721.52,31.0,49113.0,53270.0,0,0,0,41.800000000000004
967,ONGC,Mar 2015,160923,118610,42312.0,26.0,5955,2864,18033,27370,35.0,17703,14.0,44.0,847.0,4278.0,176177.0,53944.0,103448.0,337847.0,179933.0,63393.0,4749.0,89771.0,337847.0,896.0,33950.0,-30058.0,-10641.0,-6749.0,11.000913480360172,26.293320407896942,9.810201989415644,0.2989332520572996,16.85300279329609,0.47631916222432047,3892.0,30058.0,14.0,1804.55,44.0,53944.0,33950.0,0,0,0,41.800000000000004
968,ONGC,Mar 2016,124036,84901,39135.0,32.0,1067,3766,16384,20052,35.0,13102,10.0,56.0,848.0,4278.0,193536.0,45500.0,98459.0,341772.0,166277.0,57668.0,33387.0,84440.0,341772.0,897.0,46292.0,-38256.0,-8972.0,-935.0,10.563062336740945,31.55132380921668,6.623393693065202,0.23001405360591262,10.674986723313861,0.36292030944606346,8036.0,38256.0,10.0,1978.14,56.0,45500.0,46292.0,0,0,0,41.800000000000004
969,ONGC,Mar 2017,282506,229702,52804.0,19.0,12724,3591,20119,41718,30.0,29169,19.0,40.0,849.0,6417.0,187969.0,80029.0,170111.0,444525.0,211125.0,59042.0,70746.0,103612.0,444525.0,898.0,45780.0,-43815.0,-1867.0,99.0,10.325090440557014,18.691284432897,15.005710287777926,0.41170145998168595,18.247841826789195,0.6355233113998088,1965.0,43815.0,19.0,1943.86,40.0,80029.0,45780.0,0,0,0,41.800000000000004
970,ONGC,Mar 2018,322706,265817,56889.0,18.0,10429,4999,23112,39208,34.0,26068,17.0,38.0,850.0,6417.0,197602.0,106550.0,148664.0,459232.0,226058.0,61512.0,67335.0,104328.0,459232.0,899.0,56792.0,-66798.0,9909.0,-97.0,8.077940912161534,17.628739471841243,12.777241335365824,0.5222552801454766,13.46629325865173,0.7027079994425476,-10006.0,66798.0,17.0,2040.19,38.0,106550.0,56792.0,0,0,0,41.800000000000004
971,ONGC,Mar 2019,421624,346805,74819.0,18.0,9567,5837,23704,54846,38.0,33938,24.0,29.0,851.0,6290.0,210644.0,107742.0,167667.0,492343.0,230391.0,69056.0,66909.0,125987.0,492343.0,900.0,61458.0,-37132.0,-23324.0,1001.0,8.049352029296244,17.745431948845418,15.644389537831781,0.4966579697050716,14.457084118554052,0.8563623327639471,24326.0,37132.0,24.0,2169.34,29.0,107742.0,61458.0,0,0,0,41.800000000000004
972,ONGC,Mar 2020,396728,344623,52105.0,13.0,982,7489,26635,18962,40.0,11456,9.0,58.0,852.0,6290.0,198814.0,129473.0,173787.0,508364.0,243892.0,83832.0,56755.0,123884.0,508364.0,901.0,70593.0,-53159.0,-16726.0,708.0,2.8876207376338447,13.13368353128592,5.585459084171932,0.6312553631328497,7.088663372946989,0.7804014446341597,17434.0,53159.0,9.0,2051.04,58.0,129473.0,70593.0,0,0,0,41.800000000000004
973,ONGC,Mar 2021,303849,254375,49473.0,16.0,11271,5079,25538,30126,29.0,21360,13.0,28.0,853.0,6290.0,214691.0,133187.0,187580.0,541748.0,243746.0,100309.0,60320.0,137372.0,541748.0,902.0,47185.0,-39141.0,-8239.0,-195.0,7.029807568891126,16.28210064867747,9.665989383702671,0.6027079251157339,11.959834613112818,0.5608677835451169,8044.0,39141.0,13.0,2209.81,28.0,133187.0,47185.0,0,0,0,41.800000000000004
974,ONGC,Mar 2022,491246,411373,79874.0,16.0,6797,5696,26883,54091,9.0,49294,36.0,29.0,854.0,6290.0,253213.0,121986.0,201771.0,583260.0,254402.0,106719.0,66642.0,155496.0,583260.0,903.0,78248.0,-41197.0,-35790.0,1261.0,10.03448374134344,16.259470815029538,18.995541477362497,0.4700754904567577,15.216116573033707,0.8422418818365738,37051.0,41197.0,36.0,2595.03,29.0,121986.0,78248.0,0,0,0,41.800000000000004
975,ONGC,Mar 2023,632291,556764,75527.0,12.0,-30,7889,24557,43051,24.0,32778,28.0,40.0,855.0,6290.0,274357.0,142255.0,190212.0,613115.0,250819.0,113945.0,78873.0,169478.0,613115.0,904.0,86062.0,-74690.0,-12876.0,-1504.0,5.184005465837723,11.944974703103476,11.679440720905623,0.5068823112308345,9.569907466092026,1.0312763510923726,11372.0,74690.0,28.0,2806.47,40.0,142255.0,86062.0,0,0,0,41.800000000000004
976,ONGC,Mar 2024,591396,488561,102835.0,17.0,12982,10194,28763,76860,26.0,57101,39.0,31.0,856.0,6290.0,330780.0,153181.0,219523.0,709774.0,298454.0,116022.0,102207.0,193091.0,709774.0,905.0,99263.0,-57203.0,-45650.0,-3591.0,9.655290194725701,17.388518015001793,16.940398136885513,0.45444863084819176,11.361290955463998,0.8332173339682772,42060.0,57203.0,39.0,3370.7,31.0,153181.0,99263.0,14.78,1.67,-2.2,41.800000000000004
978,PFC,Mar 2013,17314,331,5987.0,35.0,12,10995,6,5994,26.0,4438,13.0,21.0,1049.0,1320.0,22360.0,139473.0,6178.0,169330.0,75.0,0.0,27.0,169229.0,169330.0,906.0,-25102.0,22.0,27947.0,2868.0,25.63243617881483,34.578953448076696,18.741554054054056,5.889907094594594,0.5456116416552979,0.10225004429221048,-25080.0,22.0,13.0,236.8,21.0,139473.0,-25102.0,0,0,0,73.10000000000001
979,PFC,Mar 2014,21407,748,7607.0,36.0,23,13053,5,7624,28.0,5462,17.0,22.0,1050.0,1320.0,26202.0,159215.0,7582.0,194320.0,72.0,1.0,27.0,194220.0,194320.0,907.0,-22473.0,9.0,17671.0,-4793.0,25.515018451908254,35.53510533937497,19.845941428675243,5.785008356950803,0.5845399525013407,0.11016364759160148,-22464.0,9.0,17.0,275.22,22.0,159215.0,-22473.0,0,0,0,73.10000000000001
980,PFC,Mar 2015,24988,1103,8429.0,34.0,25,15456,8,8446,29.0,6004,18.0,20.0,1051.0,1320.0,31091.0,187795.0,8705.0,228912.0,102.0,2.0,528.0,228280.0,228912.0,908.0,-21455.0,-491.0,26916.0,4970.0,24.027533215943652,33.73219145189691,18.52457498997254,5.794174817191694,0.546972049689441,0.10915985182078702,-21946.0,491.0,18.0,324.11,20.0,187795.0,-21455.0,0,0,0,73.10000000000001
981,PFC,Mar 2016,27861,2042,9162.0,33.0,25,16657,20,9167,33.0,6184,19.0,30.0,1052.0,1320.0,34708.0,200660.0,10531.0,247220.0,198.0,47.0,2230.0,244745.0,247220.0,909.0,-13298.0,-1973.0,10383.0,-4888.0,22.19590108036323,32.88467750619145,17.164427667369825,5.569557011213501,0.5515398931380201,0.11269719278375535,-15271.0,1973.0,19.0,360.28,30.0,200660.0,-13298.0,0,0,0,73.10000000000001
982,PFC,Mar 2017,27581,5538,5275.0,19.0,30,16768,41,5264,58.0,2236,7.0,59.0,1053.0,2640.0,34205.0,202993.0,19700.0,259537.0,296.0,105.0,3145.0,255990.0,259537.0,910.0,1795.0,-667.0,1950.0,3079.0,8.107030201950618,19.125484935281534,6.068666033383091,5.5093771203691135,0.3163764312977099,0.10627001159757568,1128.0,667.0,7.0,368.45,59.0,202993.0,1795.0,0,0,0,73.10000000000001
983,PFC,Mar 2018,48624,6583,11752.0,24.0,42,30289,15,11779,25.0,8797,20.0,31.0,1054.0,2640.0,37194.0,441151.0,41546.0,522531.0,161.0,129.0,5493.0,516749.0,522531.0,911.0,-57148.0,1409.0,52018.0,-3720.0,18.091888779203686,24.169134583744654,22.08414921925993,11.074735150876135,0.38938228399749086,0.09305476612870815,-55739.0,1409.0,20.0,398.34,31.0,441151.0,-57148.0,0,0,0,73.10000000000001
984,PFC,Mar 2019,54106,1696,17783.0,33.0,94,34627,15,17862,29.0,12640,30.0,0.0,1055.0,2640.0,44481.0,539488.0,42260.0,628869.0,196.0,199.0,4604.0,623871.0,628869.0,912.0,-80252.0,-13463.0,93616.0,-98.0,23.361549550881602,32.866964846782246,26.824558052672902,11.448993017975,0.5162734282496317,0.08603699657639349,-93715.0,13463.0,30.0,471.21,0.0,539488.0,-80252.0,0,0,0,73.10000000000001
985,PFC,Mar 2020,62189,7332,14012.0,23.0,105,40845,24,14093,33.0,9477,22.0,35.0,1056.0,2640.0,46760.0,596561.0,48560.0,694521.0,238.0,288.0,4404.0,689590.0,694521.0,913.0,-42148.0,-73.0,43399.0,1179.0,15.23902941034588,22.53131582755793,19.18421052631579,12.076133603238866,0.3456236993512058,0.08954228885807629,-42221.0,73.0,22.0,494.0,35.0,596561.0,-42148.0,0,0,0,73.10000000000001
986,PFC,Mar 2021,71656,7102,19871.0,28.0,46,44684,25,19891,21.0,15716,36.0,22.0,1057.0,2640.0,58127.0,659682.0,55257.0,775707.0,341.0,336.0,3499.0,771530.0,775707.0,914.0,-59143.0,1741.0,60424.0,3023.0,21.932566707602994,27.731104164340735,25.86272154294272,10.855925090921058,0.4457300152179751,0.09237508492252874,-57402.0,1741.0,36.0,607.67,22.0,659682.0,-59143.0,0,0,0,73.10000000000001
987,PFC,Mar 2022,76262,8215,23338.0,31.0,79,44709,35,23382,20.0,18768,42.0,23.0,1058.0,2640.0,69036.0,660476.0,58848.0,791000.0,719.0,53.0,3774.0,786454.0,791000.0,915.0,4904.0,-547.0,-8371.0,-4014.0,24.60989745876059,30.602396999816424,26.18449690272895,9.214744126346336,0.523764790087007,0.09641213653603034,4357.0,547.0,42.0,716.76,23.0,660476.0,4904.0,0,0,0,73.10000000000001
988,PFC,Mar 2023,77684,4167,26501.0,34.0,47,47017,52,26496,20.0,21179,48.0,22.0,1059.0,2640.0,81518.0,751158.0,60796.0,896112.0,782.0,22.0,5973.0,889334.0,896112.0,916.0,-74717.0,-1694.0,75537.0,-874.0,27.263014262911284,34.11384583698059,25.165759642577058,8.925568573397657,0.564646829870047,0.08669005660006784,-76411.0,1694.0,48.0,841.58,22.0,751158.0,-74717.0,0,0,0,73.10000000000001
989,PFC,Mar 2024,91508,-27,33573.0,37.0,69,57962,53,33588,21.0,26461,60.0,23.0,1060.0,3300.0,97847.0,861961.0,75770.0,1038877.0,764.0,39.0,10971.0,1027102.0,1038877.0,917.0,-97820.0,-3409.0,101261.0,32.0,28.916597455960137,36.68859553263103,26.1609340860332,8.521864217426122,0.5804147544943239,0.0880835748601615,-101229.0,3409.0,60.0,1011.47,23.0,861961.0,-97820.0,22.94,14.66,9.0,73.10000000000001
991,PIDILITIND,Mar 2013,3678,3120,558.0,15.0,107,16,69,581,27.0,424,8.0,31.0,1062.0,51.0,1600.0,111.0,853.0,2616.0,646.0,428.0,294.0,1248.0,2616.0,918.0,472.0,-144.0,-339.0,-12.0,11.52800435019032,15.171288743882544,25.681405208964264,0.06723198061780739,41.5625,1.4059633027522935,328.0,144.0,8.0,16.51,31.0,111.0,472.0,0,0,0,63.1
992,PIDILITIND,Mar 2014,4283,3611,672.0,16.0,38,16,81,612,27.0,450,9.0,31.0,1063.0,51.0,1901.0,46.0,930.0,2928.0,729.0,458.0,260.0,1481.0,2928.0,919.0,394.0,-99.0,-242.0,54.0,10.506654214335747,15.689936960074713,23.05327868852459,0.0235655737704918,44.375,1.462773224043716,295.0,99.0,9.0,19.52,31.0,46.0,394.0,0,0,0,63.1
993,PIDILITIND,Mar 2015,4844,4073,771.0,16.0,40,16,118,678,25.0,514,10.0,29.0,1064.0,51.0,2219.0,58.0,986.0,3315.0,978.0,462.0,370.0,1505.0,3315.0,920.0,552.0,-436.0,-165.0,-49.0,10.611065235342693,15.91659785301404,22.643171806167402,0.02555066079295154,50.6875,1.461236802413273,116.0,436.0,10.0,22.7,29.0,58.0,552.0,0,0,0,63.1
994,PIDILITIND,Mar 2016,5361,4188,1173.0,22.0,81,13,100,1141,29.0,807,16.0,26.0,1065.0,51.0,2587.0,80.0,996.0,3714.0,1137.0,158.0,706.0,1713.0,3714.0,921.0,907.0,-491.0,-371.0,45.0,15.05316172355904,21.88024622271964,30.591357088703564,0.030326004548900682,96.46153846153847,1.4434571890145396,416.0,491.0,16.0,26.38,26.0,80.0,907.0,0,0,0,63.1
995,PIDILITIND,Mar 2017,5617,4355,1262.0,22.0,115,14,115,1248,31.0,863,17.0,28.0,1066.0,51.0,3420.0,98.0,1202.0,4770.0,1275.0,148.0,1443.0,1904.0,4770.0,922.0,794.0,-879.0,41.0,-45.0,15.364073348762686,22.467509346626315,24.863151829443964,0.028233938346297897,98.35714285714286,1.1775681341719078,-85.0,879.0,17.0,34.71,28.0,98.0,794.0,0,0,0,63.1
996,PIDILITIND,Mar 2018,6078,4737,1341.0,22.0,153,16,120,1359,29.0,966,19.0,32.0,1067.0,51.0,3523.0,125.0,1500.0,5199.0,1342.0,228.0,1246.0,2383.0,5199.0,923.0,796.0,39.0,-790.0,46.0,15.893385982230997,22.063178677196447,27.028539451594852,0.03497481813094572,93.375,1.169070975187536,835.0,39.0,19.0,35.74,32.0,125.0,796.0,0,0,0,63.1
997,PIDILITIND,Mar 2019,7078,5707,1371.0,19.0,130,26,133,1342,31.0,928,18.0,36.0,1068.0,51.0,4097.0,113.0,1643.0,5904.0,1448.0,242.0,1548.0,2666.0,5904.0,924.0,845.0,-513.0,-361.0,-29.0,13.111048318734106,19.369878496750495,22.372227579556416,0.027242044358727097,57.73076923076923,1.1988482384823849,332.0,513.0,18.0,41.48,36.0,113.0,845.0,0,0,0,63.1
998,PIDILITIND,Mar 2020,7294,5718,1576.0,22.0,97,34,170,1470,24.0,1122,22.0,32.0,1069.0,51.0,4405.0,288.0,1779.0,6523.0,1807.0,259.0,1186.0,3270.0,6523.0,925.0,1280.0,103.0,-849.0,533.0,15.382506169454347,21.606800109679188,25.179533213644522,0.06463195691202872,49.205882352941174,1.11819714855128,1383.0,103.0,22.0,44.56,32.0,288.0,1280.0,0,0,0,63.1
999,PIDILITIND,Mar 2021,7293,5606,1686.0,23.0,74,37,201,1522,26.0,1126,22.0,38.0,1070.0,51.0,5542.0,331.0,2890.0,8814.0,4418.0,294.0,516.0,3586.0,8814.0,926.0,1392.0,-1688.0,-76.0,-372.0,15.439462498286026,23.118058412176058,20.132308242445916,0.059181119256213124,47.567567567567565,0.827433628318584,-296.0,1688.0,22.0,55.93,38.0,331.0,1392.0,0,0,0,63.1
1000,PIDILITIND,Mar 2022,9921,8065,1856.0,19.0,39,42,240,1614,25.0,1207,24.0,42.0,1071.0,51.0,6353.0,416.0,2675.0,9494.0,4703.0,225.0,459.0,4107.0,9494.0,927.0,955.0,-558.0,-468.0,-71.0,12.166112287067836,18.707791553270837,18.847595252966894,0.06495940037476577,45.11904761904762,1.044975774173162,397.0,558.0,24.0,64.04,42.0,416.0,955.0,0,0,0,63.1
1001,PIDILITIND,Mar 2023,11799,9813,1986.0,17.0,55,48,270,1723,25.0,1289,25.0,44.0,1072.0,51.0,7161.0,391.0,2902.0,10505.0,4914.0,406.0,881.0,4304.0,10505.0,928.0,1558.0,-899.0,-656.0,2.0,10.924654631748453,16.831934909738113,17.872989462007766,0.05421519689406545,42.520833333333336,1.1231794383626845,659.0,899.0,25.0,72.12,44.0,391.0,1558.0,0,0,0,63.1
1002,PIDILITIND,Mar 2024,12383,9675,2708.0,22.0,63,51,341,2379,27.0,1747,34.0,47.0,1073.0,51.0,8356.0,382.0,3286.0,12076.0,5451.0,148.0,2235.0,4242.0,12076.0,929.0,2724.0,-1769.0,-742.0,212.0,14.108051360736493,21.868690947266415,20.780302129178065,0.045438325205186154,54.333333333333336,1.0254223252732693,955.0,1769.0,34.0,84.07,47.0,382.0,2724.0,10.57,17.9,18.89,63.1
1004,PNB,Mar 2013,43071,12456,0.0,0.0,4310,27802,336,6786,27.0,5020,28.0,19.0,1075.0,50.0,568.0,6695.0,342.0,7655.0,14.0,4.0,777.0,6860.0,7655.0,930.0,-692.0,-600.0,-694.0,-1987.0,11.655174014998492,0,200.0,10.833333333333334,0,5.626518615284128,-1292.0,600.0,28.0,6.18,19.0,6695.0,-692.0,0,0,0,34.5
1005,PNB,Mar 2014,44958,16112,0.0,0.0,4710,28220,367,4969,29.0,3674,20.0,10.0,1076.0,66.0,868.0,10108.0,498.0,11540.0,26.0,3.0,645.0,10865.0,11540.0,931.0,16906.0,-302.0,2129.0,18733.0,8.172071711375061,0,200.0,10.822269807280515,0,3.895840554592721,16604.0,302.0,20.0,9.34,10.0,10108.0,16906.0,0,0,0,34.5
1006,PNB,Mar 2015,48710,18760,0.0,0.0,6175,31343,384,4397,24.0,3525,18.0,18.0,1077.0,104.0,1475.0,16481.0,976.0,19035.0,40.0,18.0,1586.0,17392.0,19035.0,932.0,4814.0,-872.0,7451.0,11393.0,7.236707041675221,0,200.0,10.437618746041798,0,2.5589703178355663,3942.0,872.0,18.0,15.79,18.0,16481.0,4814.0,0,0,0,34.5
1007,PNB,Mar 2016,50804,27453,0.0,0.0,6100,34331,413,-5293,-31.0,-3510,-19.0,-2.0,1078.0,127.0,2019.0,26014.0,1511.0,29671.0,58.0,4.0,1622.0,27987.0,29671.0,933.0,14167.0,-1352.0,5975.0,18790.0,-6.908904810644831,0,-100.0,12.122087604846225,0,1.7122442789255503,12815.0,1352.0,-19.0,21.46,-2.0,26014.0,14167.0,0,0,0,34.5
1008,PNB,Mar 2017,48058,22533,0.0,0.0,9168,32722,430,1540,41.0,1239,6.0,0.0,1079.0,166.0,5412.0,35497.0,1885.0,42960.0,58.0,2.0,3280.0,39620.0,42960.0,934.0,21938.0,159.0,-9767.0,12330.0,2.578134753839111,0,22.212262459662963,6.3637504481893155,0,1.1186685288640597,22097.0,159.0,6.0,55.78,0.0,35497.0,21938.0,0,0,0,34.5
1009,PNB,Mar 2018,48725,43345,0.0,0.0,8883,33530,581,-19849,-37.0,-12111,-44.0,0.0,1080.0,167.0,6402.0,53777.0,2673.0,63018.0,255.0,10.0,2413.0,60340.0,63018.0,935.0,-1742.0,392.0,7460.0,6109.0,-24.855823499230375,0,-100.0,8.186481960724615,0,0.7731917864737059,-1350.0,392.0,-44.0,65.69,0.0,53777.0,-1742.0,0,0,0,34.5
1010,PNB,Mar 2019,52147,39645,0.0,0.0,7367,34656,584,-15370,-35.0,-9550,-21.0,0.0,1081.0,167.0,7268.0,71859.0,4456.0,83750.0,102.0,5.0,4457.0,79185.0,83750.0,936.0,-33532.0,-629.0,13969.0,-20192.0,-18.31361343893225,0,-100.0,9.664963012777404,0,0.6226507462686567,-34161.0,629.0,-21.0,74.35,0.0,71859.0,-33532.0,0,0,0,34.5
1011,PNB,Mar 2020,54918,25867,0.0,0.0,9388,36997,614,827,56.0,485,1.0,0.0,1082.0,168.0,7779.0,67736.0,3191.0,78874.0,250.0,4.0,2048.0,76572.0,78874.0,937.0,-12793.0,-338.0,13591.0,460.0,0.883134855602899,0,6.1029319239964765,8.523467975336604,0,0.6962750716332379,-13131.0,338.0,1.0,79.47,0.0,67736.0,-12793.0,0,0,0,34.5
1012,PNB,Mar 2021,81935,38601,0.0,0.0,12777,50805,982,4325,38.0,2695,2.0,0.0,1083.0,168.0,8699.0,59394.0,3072.0,71333.0,181.0,2.0,2033.0,69117.0,71333.0,938.0,30950.0,-787.0,5415.0,35579.0,3.289192652712516,0,30.393594225780983,6.69831961204466,0,1.1486268627423493,30163.0,787.0,2.0,88.67,0.0,59394.0,30950.0,0,0,0,34.5
1013,PNB,Mar 2022,76242,36026,0.0,0.0,12329,46823,896,4826,19.0,3908,4.0,18.0,1084.0,169.0,9632.0,52961.0,2888.0,65649.0,150.0,4.0,3472.0,62024.0,65649.0,939.0,20032.0,-1204.0,2032.0,20859.0,5.125783688780462,0,39.87348229772472,5.403632282420161,0,1.161358131883197,18828.0,1204.0,4.0,98.01,18.0,52961.0,20032.0,0,0,0,34.5
1014,PNB,Mar 2023,86845,41502,0.0,0.0,12529,51817,905,5151,35.0,3359,3.0,21.0,1085.0,169.0,10784.0,53621.0,2231.0,66805.0,146.0,3.0,3188.0,63468.0,66805.0,940.0,22592.0,-732.0,1275.0,23135.0,3.8678104669238302,0,30.667397060166163,4.895553729571807,0,1.299977546590824,21860.0,732.0,3.0,109.53,21.0,53621.0,22592.0,0,0,0,34.5
1015,PNB,Mar 2024,109065,39623,0.0,0.0,14158,68534,906,14160,35.0,9157,8.0,18.0,1086.0,260.0,14673.0,55017.0,2422.0,72371.0,206.0,15.0,4345.0,67804.0,72371.0,941.0,-27939.0,-1506.0,3518.0,-25928.0,8.395910695456838,0,61.320565191187306,3.684256345007701,0,1.5070262950629396,-29445.0,1506.0,8.0,149.33,18.0,55017.0,-27939.0,2.5,0,0,34.5
1017,POWERGRID,Mar 2013,13081,2244,10837.0,83.0,966,2599,3428,5776,25.0,4313,5.0,31.0,1135.0,4630.0,21773.0,69233.0,17748.0,113384.0,62568.0,35265.0,586.0,14964.0,113384.0,942.0,11690.0,-22084.0,9962.0,-432.0,32.97148536044645,82.84534821496827,16.3352649320153,2.6221641480134834,4.541362062331666,0.11536901150074085,-10394.0,22084.0,5.0,264.03,31.0,69233.0,11690.0,0,0,0,73.10000000000001
1018,POWERGRID,Mar 2014,15555,2588,12967.0,83.0,725,3254,4079,6359,28.0,4548,5.0,30.0,1136.0,5232.0,29466.0,84220.0,22562.0,141480.0,74252.0,50069.0,423.0,16736.0,141480.0,943.0,15223.0,-26639.0,13712.0,2295.0,29.238187078109934,83.36226293796207,13.107383710876707,2.427229235114416,4.207744314689613,0.1099448685326548,-11416.0,26639.0,5.0,346.98,30.0,84220.0,15223.0,0,0,0,73.10000000000001
1019,POWERGRID,Mar 2015,17540,2613,14927.0,85.0,731,4081,5173,6404,21.0,5046,5.0,21.0,1137.0,5232.0,33207.0,96243.0,26102.0,160784.0,91191.0,53681.0,220.0,15693.0,160784.0,944.0,15800.0,-24185.0,6399.0,-1986.0,28.76852907639681,85.10262257696694,13.127292593459766,2.503785218137829,3.836804704729233,0.10909045676186685,-8385.0,24185.0,5.0,384.39,21.0,96243.0,15800.0,0,0,0,73.10000000000001
1020,POWERGRID,Mar 2016,20652,2468,18184.0,88.0,656,5086,6182,7572,21.0,5959,6.0,20.0,1138.0,5232.0,38738.0,108545.0,26797.0,179312.0,115094.0,45611.0,919.0,17688.0,179312.0,945.0,15008.0,-21576.0,5621.0,-948.0,28.854348247143136,88.04958357544064,13.552422105981352,2.468614964748692,3.7042862760519073,0.11517355224413313,-6568.0,21576.0,6.0,439.7,20.0,108545.0,15008.0,0,0,0,73.10000000000001
1021,POWERGRID,Mar 2017,25697,3247,22450.0,87.0,933,6204,7722,9457,21.0,7451,8.0,31.0,1139.0,5232.0,44634.0,118988.0,26809.0,195662.0,137678.0,38264.0,1165.0,18555.0,195662.0,946.0,21575.0,-23836.0,3959.0,1698.0,28.995602599525238,87.36428376853328,14.94204467974171,2.386154895118919,3.7690199871050933,0.13133362635565413,-2261.0,23836.0,8.0,498.66,31.0,118988.0,21575.0,0,0,0,73.10000000000001
1022,POWERGRID,Mar 2018,29954,3993,25961.0,87.0,4065,7324,9231,13471,39.0,8204,9.0,33.0,1140.0,5232.0,49194.0,131503.0,39425.0,225354.0,156198.0,37669.0,1224.0,30264.0,225354.0,947.0,22710.0,-25701.0,1285.0,-1707.0,27.388662616011217,86.66955999198771,15.073678021533826,2.416179767023114,4.099672310212998,0.13291976179699494,-2991.0,25701.0,9.0,544.26,33.0,131503.0,22710.0,0,0,0,73.10000000000001
1023,POWERGRID,Mar 2019,35059,8140,26920.0,77.0,1505,8737,10541,9147,-10.0,10034,11.0,43.0,1141.0,5232.0,53857.0,146376.0,41916.0,247380.0,172740.0,37631.0,1296.0,35713.0,247380.0,948.0,23271.0,-18727.0,-2431.0,2113.0,28.62032573661542,76.78484839841411,16.981164006837144,2.477212340706392,3.253405058944718,0.14172123858032176,4544.0,18727.0,11.0,590.89,43.0,146376.0,23271.0,0,0,0,73.10000000000001
1024,POWERGRID,Mar 2020,37744,4858,32886.0,87.0,2820,9509,11607,14590,24.0,11059,12.0,47.0,1142.0,5232.0,59464.0,148270.0,43706.0,256671.0,181112.0,35177.0,1431.0,38951.0,256671.0,949.0,30739.0,-10733.0,-18806.0,1199.0,29.300021195421788,87.12908011869436,17.0937925064919,2.2917954742178805,3.75496897675886,0.14705206275738203,20006.0,10733.0,12.0,646.96,47.0,148270.0,30739.0,0,0,0,73.10000000000001
1025,POWERGRID,Mar 2021,39640,4734,34906.0,88.0,769,8135,12039,15501,22.0,12036,13.0,52.0,1143.0,5232.0,64704.0,143232.0,42539.0,255708.0,183726.0,24838.0,1486.0,45659.0,255708.0,950.0,29403.0,-9244.0,-20521.0,-362.0,30.363269424823407,88.05751765893038,17.210020590253947,2.0480439258750858,4.385371850030731,0.15502057033804184,20159.0,9244.0,13.0,699.36,52.0,143232.0,29403.0,0,0,0,73.10000000000001
1026,POWERGRID,Mar 2022,41622,5796,35826.0,86.0,4692,8036,12872,19610,14.0,16824,18.0,61.0,1144.0,6975.0,69272.0,134696.0,40008.0,250950.0,191773.0,12854.0,3788.0,42536.0,250950.0,951.0,26124.0,753.0,-28967.0,-2091.0,40.420931238287444,86.07467204843591,22.065130431361236,1.7665744226002336,5.042060726729717,0.16585774058577407,26877.0,753.0,18.0,762.47,61.0,134696.0,26124.0,0,0,0,73.10000000000001
1027,POWERGRID,Mar 2023,45603,6028,39576.0,87.0,1093,9634,13333,17702,13.0,15420,17.0,67.0,1145.0,6975.0,76051.0,128584.0,40615.0,252225.0,185437.0,13772.0,3489.0,49527.0,252225.0,952.0,40203.0,-7138.0,-30450.0,2615.0,33.81356489704624,86.78376422603776,18.57249536289837,1.5487196781731023,4.22140336308906,0.1808028545941124,33065.0,7138.0,17.0,830.26,67.0,128584.0,40203.0,0,0,0,73.10000000000001
1028,POWERGRID,Mar 2024,45843,6017,39826.0,87.0,556,8773,13095,18514,16.0,15573,17.0,67.0,1146.0,9301.0,77845.0,123516.0,40168.0,250829.0,177761.0,18197.0,4163.0,50708.0,250829.0,953.0,37290.0,-13114.0,-25903.0,-1728.0,33.97028990249329,86.87476823070044,17.870011245496066,1.4173456039290386,4.60298643565485,0.18276594811604718,24176.0,13114.0,17.0,871.46,67.0,123516.0,37290.0,18.02,13.72,12.47,73.10000000000001
1030,RECLTD,Mar 2013,13634,365,13270.0,97.0,4,8083,4,5186,26.0,3833,15.0,21.0,1161.0,987.0,16543.0,107762.0,5277.0,130570.0,72.0,9.0,638.0,129851.0,130570.0,954.0,-20059.0,152.0,16059.0,-3847.0,28.113539680211236,97.33020390200969,21.86537364517969,6.147290359383914,1.6422120499814425,0.10441908554798192,-19907.0,152.0,15.0,175.3,21.0,107762.0,-20059.0,0,0,0,60.20000000000001
1031,RECLTD,Mar 2014,17223,572,16650.0,97.0,6,10035,5,6617,28.0,4741,18.0,20.0,1162.0,987.0,19816.0,126173.0,5968.0,152944.0,73.0,10.0,1690.0,151170.0,152944.0,955.0,-17244.0,136.0,16815.0,-293.0,27.527143935435173,96.67305347500435,22.789982214103734,6.065134836321684,1.6597907324364722,0.1126098441259546,-17108.0,136.0,18.0,208.03,20.0,126173.0,-17244.0,0,0,0,60.20000000000001
1032,RECLTD,Mar 2015,20544,1149,19395.0,94.0,6,11840,8,7552,29.0,5344,20.0,20.0,1163.0,987.0,24085.0,150979.0,7404.0,183456.0,110.0,10.0,1596.0,181740.0,183456.0,956.0,-23898.0,151.0,23098.0,-649.0,26.012461059190027,94.4071261682243,21.31461391193363,6.021817166560306,1.638597972972973,0.1119832548403977,-23747.0,151.0,20.0,250.72,20.0,150979.0,-23898.0,0,0,0,60.20000000000001
1033,RECLTD,Mar 2016,24125,1680,22445.0,93.0,4,14282,20,8147,30.0,5691,22.0,30.0,1164.0,987.0,27906.0,169212.0,8840.0,206945.0,254.0,78.0,2352.0,204261.0,206945.0,957.0,-13278.0,-756.0,15291.0,1257.0,23.589637305699483,93.03626943005182,19.69681237670024,5.856505035821825,1.5718386780562947,0.11657686825001812,-14034.0,756.0,22.0,288.93,30.0,169212.0,-13278.0,0,0,0,60.20000000000001
1034,RECLTD,Mar 2017,24338,1888,22450.0,92.0,24,13462,40,8972,30.0,6313,24.0,30.0,1165.0,1975.0,31696.0,167852.0,8723.0,210245.0,355.0,166.0,2617.0,207108.0,210245.0,958.0,6805.0,-101.0,-3947.0,2757.0,25.938861040348428,92.2425836141014,18.749071901636423,4.9850613287398655,1.6694399049175457,0.11576018454660039,6704.0,101.0,24.0,336.71,30.0,167852.0,6805.0,0,0,0,60.20000000000001
1035,RECLTD,Mar 2018,22658,3379,19279.0,85.0,18,13333,7,5958,25.0,4451,17.0,41.0,1166.0,1975.0,30613.0,204367.0,5416.0,242370.0,132.0,129.0,2948.0,239162.0,242370.0,959.0,-32510.0,46.0,28244.0,-4220.0,19.644275752493602,85.08694500838556,13.658401865717442,6.271234810359641,1.4473111827795695,0.09348516730618475,-32464.0,46.0,17.0,325.88,41.0,204367.0,-32510.0,0,0,0,60.20000000000001
1036,RECLTD,Mar 2019,25408,1702,23705.0,93.0,33,15639,8,8090,29.0,5741,22.0,38.0,1167.0,1975.0,32571.0,244249.0,19659.0,298454.0,165.0,199.0,2463.0,295627.0,298454.0,960.0,-35866.0,457.0,35543.0,134.0,22.59524559193955,93.29738664987406,16.618421814392402,7.0702541538817805,1.5178719866999169,0.08513204714964451,-35409.0,457.0,22.0,345.46,38.0,244249.0,-35866.0,0,0,0,60.20000000000001
1037,RECLTD,Mar 2020,29942,3981,25961.0,87.0,72,18991,12,7030,29.0,4972,19.0,44.0,1168.0,1975.0,33422.0,286289.0,25345.0,347030.0,166.0,288.0,2386.0,344190.0,347030.0,961.0,-32712.0,121.0,33926.0,1336.0,16.605437178545188,86.70429497027587,14.046388111986891,8.087945306099387,1.3708072244747511,0.08628072500936518,-32591.0,121.0,19.0,353.97,44.0,286289.0,-32712.0,0,0,0,60.20000000000001
1038,RECLTD,Mar 2021,35557,3292,32265.0,91.0,15,21489,11,10780,22.0,8378,32.0,30.0,1169.0,1975.0,41789.0,329723.0,27380.0,400867.0,267.0,336.0,1981.0,398282.0,400867.0,962.0,-43512.0,861.0,42113.0,-538.0,23.562167786933657,90.74162612143881,19.143588337446303,7.534114797550498,1.5021638978081808,0.08870024222497735,-42651.0,861.0,32.0,437.64,30.0,329723.0,-43512.0,0,0,0,60.20000000000001
1039,RECLTD,Mar 2022,39276,4838,34438.0,88.0,62,22051,18,12431,19.0,10036,38.0,30.0,1170.0,1975.0,49339.0,333043.0,26503.0,410860.0,628.0,6.0,2190.0,408035.0,410860.0,963.0,-819.0,-287.0,68.0,-1038.0,25.55250025460841,87.68204501476728,19.558015356432943,6.490295046186226,1.5645548954695931,0.09559460643528209,-1106.0,287.0,38.0,513.14,30.0,333043.0,-819.0,0,0,0,60.20000000000001
1040,RECLTD,Mar 2023,39486,1858,37628.0,95.0,28,23733,24,13898,20.0,11167,42.0,30.0,1171.0,2633.0,55487.0,380790.0,26592.0,465503.0,641.0,3.0,3170.0,461689.0,465503.0,964.0,-37360.0,-943.0,38123.0,-180.0,28.28090968951021,95.29453477181787,19.213695801789402,6.551789401238816,1.5866514979142965,0.08482437277525601,-38303.0,943.0,42.0,581.2,30.0,380790.0,-37360.0,0,0,0,60.20000000000001
1041,RECLTD,Mar 2024,47517,-366,47883.0,101.0,48,29948,24,17960,21.0,14145,54.0,30.0,1172.0,2633.0,66717.0,445568.0,33273.0,548191.0,632.0,24.0,5352.0,542184.0,548191.0,965.0,-57723.0,-1831.0,59588.0,34.0,29.7682934528695,100.7702506471368,20.39653929343908,6.4249170872386445,1.6004741552023507,0.08667964267928514,-59554.0,1831.0,54.0,693.5,30.0,445568.0,-57723.0,10.69,3.03,2.53,60.20000000000001
1043,RELIANCE,Mar 2013,395957,362802,33155.0,8.0,7757,3463,11232,26217,20.0,20886,15.0,13.0,1174.0,2936.0,179119.0,107219.0,73083.0,362357.0,133487.0,49952.0,42848.0,136070.0,362357.0,966.0,36918.0,-27601.0,408.0,9725.0,5.274815194579209,8.373383978563329,11.472357254675785,0.5889374090247452,11.814034074501876,1.0927262340730275,9317.0,27601.0,15.0,1820.55,13.0,107219.0,36918.0,0,0,0,38.50000000000001
1044,RELIANCE,Mar 2014,433521,398586,34935.0,8.0,8865,3836,11201,28763,22.0,22548,16.0,12.0,1175.0,2940.0,195747.0,138761.0,91395.0,428843.0,141417.0,91494.0,60602.0,135330.0,428843.0,967.0,43261.0,-73070.0,13713.0,-16096.0,5.2011321250873666,8.058433155487277,11.348502921680835,0.698389929889726,11.418143899895725,1.0109084210305403,-29809.0,73070.0,16.0,1986.87,12.0,138761.0,43261.0,0,0,0,38.50000000000001
1045,RELIANCE,Mar 2015,374372,336923,37449.0,10.0,8528,3316,11547,31114,24.0,23640,17.0,12.0,1176.0,2943.0,215556.0,168251.0,117736.0,504486.0,156458.0,166462.0,76451.0,105115.0,504486.0,968.0,34374.0,-64706.0,8444.0,-21888.0,6.314574807945039,10.003151945124102,10.81927148408002,0.7700309841234971,13.865199034981906,0.7420860043688031,-30332.0,64706.0,17.0,2184.99,12.0,168251.0,34374.0,0,0,0,38.50000000000001
1046,RELIANCE,Mar 2016,272583,230802,41781.0,15.0,12212,3691,11565,38737,23.0,29861,22.0,10.0,1177.0,2948.0,228608.0,194714.0,172727.0,598997.0,184910.0,228697.0,84015.0,101375.0,598997.0,969.0,38134.0,-36186.0,-3210.0,-1262.0,10.954828437576811,15.327808410649233,12.895800583876039,0.8408937794745116,14.628285017610404,0.45506571819224473,1948.0,36186.0,22.0,2315.56,10.0,194714.0,38134.0,0,0,0,38.50000000000001
1047,RELIANCE,Mar 2017,303954,257647,46307.0,15.0,9222,3849,11646,40034,25.0,29833,22.0,11.0,1178.0,2959.0,260750.0,217475.0,225618.0,706802.0,198526.0,324837.0,82899.0,100540.0,706802.0,970.0,49550.0,-66201.0,8617.0,-8034.0,9.81497200234246,15.234871066016566,11.31284863239404,0.8246779594173881,14.426864120550793,0.43004122795351457,-16651.0,66201.0,22.0,2637.09,11.0,217475.0,49550.0,0,0,0,38.50000000000001
1048,RELIANCE,Mar 2018,390823,326508,64315.0,16.0,9869,8052,16706,49426,27.0,36080,27.0,10.0,1179.0,5922.0,287584.0,239843.0,277924.0,811273.0,403885.0,187022.0,82862.0,137504.0,811273.0,971.0,71459.0,-68192.0,-2001.0,1266.0,9.231800584919515,16.456298631349743,12.292764032081116,0.8171655775350418,9.21311475409836,0.48174042523293636,3267.0,68192.0,27.0,2935.06,10.0,239843.0,71459.0,0,0,0,38.50000000000001
1049,RELIANCE,Mar 2019,568337,484087,84250.0,15.0,8406,16495,20934,55227,28.0,39837,29.0,10.0,1180.0,5926.0,381186.0,307714.0,302804.0,997630.0,398374.0,179463.0,235635.0,184158.0,997630.0,972.0,42346.0,-94507.0,55906.0,3745.0,7.00939759332931,14.823951282425742,10.290820227737708,0.7948965674016822,5.617217338587451,0.569687158565801,-52161.0,94507.0,29.0,3871.12,10.0,307714.0,42346.0,0,0,0,38.50000000000001
1050,RELIANCE,Mar 2020,596679,507413,89266.0,15.0,8570,22027,22203,53606,26.0,39880,29.0,10.0,1181.0,6339.0,442827.0,355133.0,358716.0,1163015.0,532658.0,109106.0,276767.0,244484.0,1163015.0,973.0,94877.0,-72497.0,-2541.0,19839.0,6.683660728800578,14.960472884080051,8.878677370949715,0.7906497820404929,4.441639805693013,0.5130449736245878,22380.0,72497.0,29.0,4491.66,10.0,355133.0,94877.0,0,0,0,38.50000000000001
1051,RELIANCE,Mar 2021,466307,385517,80790.0,17.0,22432,21189,26572,55461,3.0,53739,39.0,9.0,1182.0,6445.0,693727.0,278962.0,340931.0,1320065.0,541258.0,125953.0,364828.0,288026.0,1320065.0,974.0,26958.0,-142385.0,101904.0,-13523.0,11.524382005845935,17.32549586431257,7.675114114817502,0.398419245556806,4.871489924017179,0.35324548412388784,-115427.0,142385.0,39.0,7001.72,9.0,278962.0,26958.0,0,0,0,38.50000000000001
1052,RELIANCE,Mar 2022,694673,586092,108581.0,16.0,19600,14584,29782,83815,19.0,67845,45.0,9.0,1183.0,6765.0,772720.0,319158.0,399979.0,1498622.0,627798.0,172506.0,394264.0,304054.0,1498622.0,975.0,110654.0,-109162.0,17289.0,18781.0,9.76646566082171,15.630519683361813,8.703823678454365,0.40944726325715053,8.789152495885903,0.4635411731577409,1492.0,109162.0,45.0,7794.85,9.0,319158.0,110654.0,0,0,0,38.50000000000001
1053,RELIANCE,Mar 2023,876396,734078,142318.0,16.0,12020,19571,40303,94464,22.0,74088,49.0,9.0,1184.0,6766.0,709106.0,451664.0,438346.0,1605882.0,724805.0,293752.0,235560.0,351765.0,1605882.0,976.0,115032.0,-93001.0,10455.0,32486.0,8.45371270521545,16.239006111392566,10.349336194179966,0.6309284341334763,7.886055899034285,0.5457412188442239,22031.0,93001.0,49.0,7158.72,9.0,451664.0,115032.0,0,0,0,38.50000000000001
1054,RELIANCE,Mar 2024,899041,736543,162498.0,18.0,16179,23118,50832,104727,25.0,79020,51.0,10.0,1185.0,6766.0,786715.0,458991.0,502576.0,1755048.0,779985.0,338855.0,225672.0,410536.0,1755048.0,977.0,158788.0,-113581.0,-16646.0,28561.0,8.789365557299389,18.07459281612296,9.958650553699458,0.5784524141094746,7.728912535686478,0.5122600635424216,45207.0,113581.0,51.0,7934.81,10.0,458991.0,158788.0,-0.26,11.55,12.47,38.50000000000001
1056,SBILIFE,Mar 2013,14870,14443,427.0,3.0,292,4,25,690,9.0,630,6.0,8.0,1187.0,1000.0,1736.0,0.0,50978.0,53714.0,283.0,3.0,50047.0,3382.0,53714.0,978.0,1130.0,-227.0,-58.0,845.0,4.236718224613315,2.8715534633490245,23.026315789473685,0.0,179.75,0.276836578917973,903.0,227.0,6.0,27.36,8.0,0.0,1130.0,0,0,0,50.29999999999999
1057,SBILIFE,Mar 2014,17258,16747,511.0,3.0,344,5,35,816,11.0,728,7.0,14.0,1188.0,1000.0,2356.0,0.0,57284.0,60640.0,304.0,4.0,56275.0,4058.0,60640.0,979.0,166.0,-708.0,-58.0,-600.0,4.218333526480473,2.9609456483949472,21.69249106078665,0.0,171.0,0.2845976253298153,-542.0,708.0,7.0,33.56,14.0,0.0,166.0,0,0,0,50.29999999999999
1058,SBILIFE,Mar 2015,23399,22505,794.0,3.0,183,4,34,939,13.0,815,8.0,15.0,1189.0,1000.0,3056.0,0.0,70064.0,74121.0,292.0,7.0,69385.0,4437.0,74121.0,980.0,2711.0,-178.0,-117.0,2416.0,3.4830548314030514,3.3933074062994146,20.09368836291913,0.0,244.25,0.31568651259427155,2533.0,178.0,8.0,40.56,15.0,0.0,2711.0,0,0,0,50.29999999999999
1059,SBILIFE,Mar 2016,19324,18404,920.0,5.0,129,5,37,1007,16.0,844,8.0,14.0,1190.0,1000.0,3733.0,0.0,78696.0,83429.0,301.0,146.0,77843.0,5139.0,83429.0,981.0,5778.0,-7204.0,-144.0,-1570.0,4.367625750362244,4.760919064375906,17.832241707162478,0.0,209.8,0.23162209783168922,-1426.0,7204.0,8.0,47.33,14.0,0.0,5778.0,0,0,0,50.29999999999999
1060,SBILIFE,Mar 2017,30548,29479,1068.0,4.0,139,5,48,1154,17.0,955,10.0,16.0,1191.0,1000.0,4552.0,0.0,96687.0,102240.0,507.0,31.0,95830.0,5871.0,102240.0,982.0,8525.0,-9032.0,-144.0,-651.0,3.1262275762734055,3.496137226659683,17.201008645533143,0.0,241.4,0.2987871674491393,-507.0,9032.0,10.0,55.52,16.0,0.0,8525.0,0,0,0,50.29999999999999
1061,SBILIFE,Mar 2018,34068,32736,1332.0,4.0,156,6,59,1422,19.0,1150,12.0,17.0,1192.0,1000.0,5528.0,0.0,115193.0,121720.0,511.0,70.0,114436.0,6703.0,121720.0,983.0,10395.0,-8910.0,-221.0,1264.0,3.3756017377010687,3.9098274040154988,17.61642156862745,0.0,248.0,0.2798882681564246,1485.0,8910.0,12.0,65.28,17.0,0.0,10395.0,0,0,0,50.29999999999999
1062,SBILIFE,Mar 2019,44604,43130,1474.0,3.0,266,8,92,1642,19.0,1327,13.0,15.0,1193.0,1000.0,6576.0,0.0,139157.0,146734.0,563.0,32.0,139325.0,6814.0,146734.0,984.0,13473.0,-13552.0,-241.0,-321.0,2.9750695004932295,3.304636355483813,17.51583949313622,0.0,217.5,0.30397862799351205,-79.0,13552.0,13.0,75.76,15.0,0.0,13473.0,0,0,0,50.29999999999999
1063,SBILIFE,Mar 2020,43798,42447,1351.0,3.0,529,0,89,1790,21.0,1422,14.0,0.0,1194.0,1000.0,7743.0,0.0,156837.0,165580.0,568.0,13.0,158813.0,6186.0,165580.0,985.0,19299.0,-16986.0,-198.0,2114.0,3.246723594684689,3.0846157358783506,16.264440123527393,0.0,0,0.26451262229737893,2313.0,16986.0,14.0,87.43,0.0,0.0,19299.0,0,0,0,50.29999999999999
1064,SBILIFE,Mar 2021,81913,81040,872.0,1.0,867,0,99,1640,11.0,1456,15.0,17.0,1195.0,1000.0,9400.0,0.0,216430.0,226830.0,564.0,1.0,218756.0,7509.0,226830.0,986.0,23878.0,-19203.0,3.0,4677.0,1.7774956356133946,1.0645440894607694,14.000000000000002,0.0,0,0.36112066305162455,4675.0,19203.0,15.0,104.0,17.0,0.0,23878.0,0,0,0,50.29999999999999
1065,SBILIFE,Mar 2022,82983,82254,730.0,1.0,1032,0,75,1687,11.0,1506,15.0,13.0,1196.0,1000.0,10622.0,0.0,261715.0,273337.0,919.0,3.0,264437.0,7978.0,273337.0,987.0,21852.0,-21611.0,-231.0,10.0,1.8148295434004555,0.8796982514490921,12.958182756840475,0.0,0,0.3035922688841979,241.0,21611.0,15.0,116.22,13.0,0.0,21852.0,0,0,0,50.29999999999999
1066,SBILIFE,Mar 2023,80636,80514,122.0,0.0,1862,10,68,1906,10.0,1721,17.0,15.0,1197.0,1001.0,12017.0,0.0,301582.0,314599.0,867.0,1.0,303988.0,9743.0,314599.0,988.0,28656.0,-30203.0,-415.0,-1962.0,2.1342824544868297,0.15129718736048417,13.220156706099248,0.0,198.4,0.2563135928594814,-1547.0,30203.0,17.0,130.18,15.0,0.0,28656.0,0,0,0,50.29999999999999
1067,SBILIFE,Mar 2024,131988,131742,246.0,0.0,1917,9,76,2078,9.0,1894,19.0,14.0,1198.0,1001.0,13907.0,0.0,383390.0,398299.0,1198.0,6.0,384943.0,12152.0,398299.0,989.0,29122.0,-31221.0,-227.0,-2327.0,1.4349789374791648,0.18638058005273206,12.704588140595655,0.0,240.33333333333334,0.33137919000549837,-2099.0,31221.0,19.0,149.08,14.0,0.0,29122.0,18.03,12.79,14.87,50.29999999999999
1069,SBIN,Mar 2013,167976,66283,-5124.0,-3.0,32584,106818,1577,25882,29.0,18555,26.0,16.0,0.0,0.0,0.0,0.0,0.0,0.0,0.0,0.0,0.0,0.0,0.0,990.0,24332.0,-2271.0,-4424.0,17637.0,11.046220888698386,-3.0504357765395054,0.0,0.0,0.25707277799621786,0,22061.0,2271.0,26.0,0.0,16.0,0.0,24332.0,0,0,0,20.1
1070,SBIN,Mar 2014,189062,82198,-14614.0,-8.0,37882,121479,1942,21326,32.0,14807,19.0,16.0,0.0,0.0,0.0,0.0,0.0,0.0,0.0,0.0,0.0,0.0,0.0,991.0,19142.0,-791.0,3583.0,21934.0,7.831822365150057,-7.729739450550613,0.0,0.0,0.19153927839379645,0,18351.0,791.0,19.0,0.0,16.0,0.0,19142.0,0,0,0,20.1
1071,SBIN,Mar 2015,207974,96675,-21879.0,-11.0,49315,133179,1581,25855,32.0,17832,23.0,15.0,0.0,0.0,0.0,0.0,0.0,0.0,0.0,0.0,0.0,0.0,0.0,992.0,26297.0,-3424.0,-1553.0,21320.0,8.574148691663382,-10.520065008126016,0.0,0.0,0.20600845478641527,0,22873.0,3424.0,23.0,0.0,15.0,0.0,26297.0,0,0,0,20.1
1072,SBIN,Mar 2016,220633,109985,-32399.0,-15.0,52828,143047,2252,18177,30.0,13019,16.0,17.0,0.0,0.0,0.0,0.0,0.0,0.0,0.0,0.0,0.0,0.0,0.0,993.0,14477.0,-2747.0,4348.0,16078.0,5.900749207960731,-14.684566678602023,0.0,0.0,0.1428132012555314,0,11730.0,2747.0,16.0,0.0,17.0,0.0,14477.0,0,0,0,20.1
1073,SBIN,Mar 2017,230447,145666,-64334.0,-28.0,68193,149115,2915,945,99.0,-97,0.0,859.0,0.0,0.0,0.0,0.0,0.0,0.0,0.0,0.0,0.0,0.0,0.0,994.0,77406.0,-4572.0,-4196.0,68638.0,-0.042092107946729615,-27.917048171596942,0.0,0.0,0.02587935486034269,0,72834.0,4572.0,0.0,0.0,859.0,0.0,77406.0,0,0,0,20.1
1074,SBIN,Mar 2018,228970,169065,-86697.0,-38.0,77557,146603,3105,-12245,-66.0,-3749,-5.0,0.0,0.0,0.0,0.0,0.0,0.0,0.0,0.0,0.0,0.0,0.0,0.0,995.0,-96508.0,13053.0,5547.0,-77908.0,-1.6373324016246669,-37.86391230292178,0.0,0.0,-0.062345245322401315,0,-83455.0,13053.0,-5.0,0.0,0.0,0.0,-96508.0,0,0,0,20.1
1075,SBIN,Mar 2019,253322,166104,-68649.0,-27.0,77365,155867,3496,5220,41.0,3351,3.0,0.0,0.0,0.0,0.0,0.0,0.0,0.0,0.0,0.0,0.0,0.0,0.0,996.0,29556.0,220.0,448.0,30223.0,1.322822336788751,-27.099501819818254,0.0,0.0,0.05591946980438451,0,29776.0,220.0,3.0,0.0,0.0,0.0,29556.0,0,0,0,20.1
1076,SBIN,Mar 2020,269852,172909,-64181.0,-24.0,98159,161124,3662,30317,40.0,21140,22.0,0.0,0.0,0.0,0.0,0.0,0.0,0.0,0.0,0.0,0.0,0.0,0.0,997.0,23929.0,-555.0,5430.0,28803.0,7.833923780442613,-23.78377777448379,0.0,0.0,0.2108810605496388,0,23374.0,555.0,22.0,0.0,0.0,0.0,23929.0,0,0,0,20.1
1077,SBIN,Mar 2021,278115,192821,-70715.0,-25.0,107222,156010,3711,32796,26.0,23888,25.0,16.0,0.0,0.0,0.0,0.0,0.0,0.0,0.0,0.0,0.0,0.0,0.0,998.0,89919.0,-3670.0,7143.0,93392.0,8.589252647286195,-25.426532189921435,0.0,0.0,0.234004230498045,0,86249.0,3670.0,25.0,0.0,16.0,0.0,89919.0,0,0,0,20.1
1078,SBIN,Mar 2022,289973,197349,-63570.0,-22.0,117000,156194,3691,49739,27.0,37183,40.0,18.0,0.0,0.0,0.0,0.0,0.0,0.0,0.0,0.0,0.0,0.0,0.0,999.0,57695.0,-2652.0,-3845.0,51198.0,12.822917995813404,-21.92273073699965,0.0,0.0,0.34207459953647384,0,55043.0,2652.0,40.0,0.0,18.0,0.0,57695.0,0,0,0,20.1
1079,SBIN,Mar 2023,350845,204303,-43439.0,-12.0,122534,189981,3696,75399,25.0,57750,62.0,18.0,0.0,0.0,0.0,0.0,0.0,0.0,0.0,0.0,0.0,0.0,0.0,1000.0,-86014.0,-966.0,6386.0,-80593.0,16.460260228876,-12.381250979777395,0.0,0.0,0.41633110679489,0,-86980.0,966.0,62.0,0.0,18.0,0.0,-86014.0,0,0,0,20.1
1080,SBIN,Mar 2024,439189,239750,-60297.0,-14.0,155386,259736,3849,91240,25.0,69543,75.0,18.0,0.0,0.0,0.0,0.0,0.0,0.0,0.0,0.0,0.0,0.0,0.0,1001.0,21632.0,-3476.0,-9896.0,8260.0,15.83441297482405,-13.729168991026642,0.0,0.0,0.3660986540179259,0,18156.0,3476.0,75.0,0.0,18.0,0.0,21632.0,6.39,0,0,20.1
1082,SHREECEM,Jun 2013,5418,3857,1561.0,29.0,187,193,436,1119,10.0,1004,288.0,7.0,1213.0,35.0,3809.0,1288.0,1028.0,6160.0,1782.0,133.0,2203.0,2042.0,6160.0,1002.0,1260.0,-270.0,-982.0,8.0,18.530823181985973,28.811369509043928,26.11862643080125,0.3350676378772112,9.05699481865285,0.8795454545454545,990.0,270.0,288.0,38.44,7.0,1288.0,1260.0,0,0,0,43.2
1083,SHREECEM,Jun 2014,5715,4325,1390.0,24.0,104,129,550,815,3.0,787,226.0,10.0,1214.0,35.0,4676.0,1200.0,1418.0,7329.0,2194.0,758.0,2244.0,2132.0,7329.0,1003.0,1401.0,-1234.0,-156.0,11.0,13.770778652668417,24.32195975503062,16.705582678836763,0.25472298874973465,11.581395348837209,0.7797789602947196,167.0,1234.0,226.0,47.11,10.0,1200.0,1401.0,0,0,0,43.2
1084,SHREECEM,Jun 2015,6259,4916,1344.0,21.0,102,121,925,401,-6.0,426,122.0,20.0,1215.0,35.0,5241.0,917.0,1805.0,7998.0,3004.0,511.0,1662.0,2820.0,7998.0,1004.0,1239.0,-990.0,-259.0,-10.0,6.806199073334398,21.47307876657613,8.074298711144806,0.17380591357088704,11.950413223140496,0.7825706426606651,249.0,990.0,122.0,52.76,20.0,917.0,1239.0,0,0,0,43.2
1085,SHREECEM,Mar 2016 9m,5514,4107,1407.0,26.0,673,76,828,1176,3.0,1143,328.0,7.0,0.0,0.0,0.0,0.0,0.0,0.0,0.0,0.0,0.0,0.0,0.0,0.0,0.0,0.0,0.0,0.0,20.729053318824807,25.516866158868336,0.0,0.0,27.36842105263158,0,0.0,0.0,328.0,0.0,7.0,0.0,0.0,0,0,0,43.2
1086,SHREECEM,Mar 2017,8594,6081,2513.0,29.0,362,129,1215,1531,13.0,1339,384.0,36.0,1217.0,35.0,7663.0,1293.0,2175.0,11166.0,2599.0,710.0,4042.0,3814.0,11166.0,1006.0,2202.0,-2048.0,-167.0,-13.0,15.580637654177332,29.24133116127531,17.394128345024683,0.16796570537802027,22.286821705426355,0.769657890023285,154.0,2048.0,384.0,76.98,36.0,1293.0,2202.0,0,0,0,43.2
1087,SHREECEM,Mar 2018,9833,7360,2473.0,25.0,389,135,899,1827,24.0,1384,397.0,13.0,1218.0,35.0,8862.0,3403.0,2842.0,15142.0,3589.0,1427.0,5434.0,4691.0,15142.0,1007.0,1879.0,-3595.0,1726.0,10.0,14.075053391640393,25.15000508491813,15.55580532763853,0.3824884792626728,21.2,0.649385814291375,-1716.0,3595.0,397.0,88.97,13.0,3403.0,1879.0,0,0,0,43.2
1088,SHREECEM,Mar 2019,12555,9758,2797.0,22.0,69,248,1472,1146,11.0,1015,289.0,21.0,1219.0,35.0,9636.0,2803.0,3019.0,15493.0,6182.0,1129.0,2286.0,5896.0,15493.0,1008.0,2080.0,-720.0,-1276.0,84.0,8.084428514536041,22.277976901632815,10.495295212490953,0.2898355909419915,11.556451612903226,0.810365971729168,1360.0,720.0,289.0,96.71,21.0,2803.0,2080.0,0,0,0,43.2
1089,SHREECEM,Mar 2020,12868,9098,3771.0,29.0,263,291,1808,1934,20.0,1544,426.0,26.0,1220.0,36.0,13133.0,3146.0,3629.0,19944.0,6163.0,1197.0,6358.0,6227.0,19944.0,1009.0,3973.0,-5590.0,1581.0,-36.0,11.998756605533105,29.305253341622628,11.72450451818665,0.2388943731490622,13.862542955326461,0.6452065784195748,-1617.0,5590.0,426.0,131.69,26.0,3146.0,3973.0,0,0,0,43.2
1090,SHREECEM,Mar 2021,13560,9468,4091.0,30.0,426,251,1262,3004,24.0,2337,646.0,9.0,1221.0,36.0,15361.0,2230.0,3886.0,21513.0,6216.0,997.0,8500.0,5800.0,21513.0,1010.0,4254.0,-2651.0,-1233.0,370.0,17.234513274336283,30.169616519174042,15.17828148340586,0.14483340910566994,17.99601593625498,0.6303165527820388,1603.0,2651.0,646.0,153.97,9.0,2230.0,4254.0,0,0,0,43.2
1091,SHREECEM,Mar 2022,15010,11300,3710.0,25.0,544,263,1146,2892,19.0,1269,352.0,14.0,1222.0,36.0,17424.0,2129.0,4159.0,23749.0,7282.0,1054.0,9033.0,6380.0,23749.0,1011.0,2668.0,-2143.0,-849.0,-324.0,8.454363757495004,24.716855429713526,7.268041237113403,0.12193585337915235,16.174904942965778,0.6320266116468062,525.0,2143.0,352.0,174.6,14.0,2129.0,2668.0,0,0,0,43.2
1092,SHREECEM,Mar 2023,17852,14893,2960.0,17.0,459,263,1661,1495,15.0,2369,664.0,28.0,1223.0,36.0,18600.0,2725.0,4973.0,26334.0,7481.0,2797.0,8683.0,7373.0,26334.0,1012.0,2569.0,-2405.0,-277.0,-113.0,13.270221823885278,16.580775263275825,12.711955355226442,0.14622236531444516,13.0,0.6779068884332042,164.0,2405.0,664.0,186.36,28.0,2725.0,2569.0,0,0,0,43.2
1093,SHREECEM,Mar 2024,20521,16003,4518.0,22.0,597,258,1897,2959,19.0,1733,480.0,16.0,1224.0,36.0,20667.0,1656.0,5566.0,27925.0,9591.0,1930.0,7556.0,8848.0,27925.0,1013.0,3347.0,-1418.0,-1710.0,220.0,8.445007553238145,22.01647093221578,8.370767521615225,0.07998840747717723,19.825581395348838,0.7348612354521038,1929.0,1418.0,480.0,207.03,16.0,1656.0,3347.0,12.66,6.63,6.63,43.2
1095,SHRIRAMFIN,Mar 2013,7009,1738,2179.0,31.0,7,3092,23,2163,32.0,1463,12.0,11.0,1260.0,227.0,7111.0,33386.0,6550.0,47274.0,72.0,0.0,3280.0,43922.0,47274.0,1014.0,-8359.0,-41.0,9060.0,661.0,20.873163076045085,31.088600370951635,19.937312619242302,4.549741073862088,0.7069857697283312,0.1482633159876465,-8400.0,41.0,12.0,73.38,11.0,33386.0,-8359.0,0,0,0,59.70000000000001
1096,SHRIRAMFIN,Mar 2014,8476,2244,1999.0,24.0,4,4233,33,1970,31.0,1358,11.0,12.0,1261.0,227.0,8283.0,38630.0,5192.0,52332.0,155.0,0.0,2435.0,49742.0,52332.0,1015.0,-4055.0,-112.0,5010.0,843.0,16.021708352996697,23.58423784804153,15.957696827262044,4.539365452408931,0.47318686510748875,0.16196590995948942,-4167.0,112.0,11.0,85.1,12.0,38630.0,-4055.0,0,0,0,59.70000000000001
1097,SHRIRAMFIN,Mar 2015,9177,2781,1691.0,18.0,2,4706,43,1650,38.0,1028,8.0,22.0,1262.0,227.0,9039.0,46695.0,6193.0,62154.0,154.0,0.0,3037.0,58962.0,62154.0,1016.0,-9611.0,-45.0,7836.0,-1819.0,11.201917838073443,18.426501035196686,11.094323332613858,5.039391323116771,0.3597535061623459,0.14764938700646782,-9656.0,45.0,8.0,92.66,22.0,46695.0,-9611.0,0,0,0,59.70000000000001
1098,SHRIRAMFIN,Mar 2016,10359,3447,1824.0,18.0,3,5088,38,1789,34.0,1184,9.0,19.0,1263.0,227.0,9949.0,49790.0,8048.0,68013.0,152.0,0.0,1340.0,66522.0,68013.0,1017.0,-5507.0,-36.0,2822.0,-2721.0,11.429674679023073,17.607877208224732,11.635220125786164,4.892885220125786,0.3590801886792453,0.15230911737461955,-5543.0,36.0,9.0,101.76,19.0,49790.0,-5507.0,0,0,0,59.70000000000001
1099,SHRIRAMFIN,Mar 2017,10903,3712,1972.0,18.0,1,5219,35,1938,35.0,1266,10.0,7.0,1264.0,227.0,11105.0,53080.0,10034.0,74446.0,136.0,0.0,1518.0,72791.0,74446.0,1018.0,-2677.0,-2.0,3017.0,338.0,11.611483078051913,18.08676511052004,11.17190257677374,4.684080480056477,0.37804177045410997,0.1464551486983854,-2679.0,2.0,10.0,113.32,7.0,53080.0,-2677.0,0,0,0,59.70000000000001
1100,SHRIRAMFIN,Mar 2018,13502,3288,3805.0,28.0,127,6409,37,3896,35.0,2549,20.0,10.0,1265.0,227.0,13463.0,82131.0,1539.0,97360.0,122.0,0.0,2456.0,94782.0,97360.0,1019.0,-13142.0,86.0,13014.0,-42.0,18.878684639312695,28.181010220708043,18.619430241051862,5.999342585829072,0.6135122484006865,0.1386811832374692,-13056.0,86.0,20.0,136.9,10.0,82131.0,-13142.0,0,0,0,59.70000000000001
1101,SHRIRAMFIN,Mar 2019,15536,4171,3801.0,24.0,20,7564,43,3778,32.0,2576,20.0,11.0,1266.0,227.0,15736.0,87914.0,1542.0,105419.0,147.0,0.0,4126.0,101146.0,105419.0,1020.0,-5535.0,-76.0,5550.0,-62.0,16.580844490216272,24.465756951596294,16.13731754682704,5.507360771784752,0.5051560021152829,0.14737381306975023,-5611.0,76.0,20.0,159.63,11.0,87914.0,-5535.0,0,0,0,59.70000000000001
1102,SHRIRAMFIN,Mar 2020,16561,4683,3565.0,22.0,14,8313,141,3439,27.0,2512,20.0,5.0,1267.0,227.0,17915.0,94735.0,1389.0,114266.0,489.0,0.0,2936.0,110841.0,114266.0,1021.0,-2464.0,-55.0,4579.0,2060.0,15.168166173540246,21.526477869693856,13.84632344835189,5.221860875316944,0.4305304944063515,0.14493375107205994,-2519.0,55.0,20.0,181.42,5.0,94735.0,-2464.0,0,0,0,59.70000000000001
1103,SHRIRAMFIN,Mar 2021,17422,4932,3402.0,20.0,14,9089,137,3278,24.0,2499,18.0,18.0,1268.0,253.0,21464.0,106546.0,1647.0,129910.0,437.0,0.0,3347.0,126126.0,129910.0,1022.0,-4239.0,-25.0,12226.0,7962.0,14.343932958328551,19.527034783606933,11.50711424229866,4.906110420407975,0.37583892617449666,0.13410822877376646,-4264.0,25.0,18.0,217.17,18.0,106546.0,-4239.0,0,0,0,59.70000000000001
1104,SHRIRAMFIN,Mar 2022,19255,5816,3666.0,19.0,18,9773,135,3549,24.0,2721,20.0,20.0,1269.0,271.0,25824.0,114846.0,1328.0,142268.0,418.0,0.0,6971.0,134879.0,142268.0,1023.0,-8859.0,-34.0,8505.0,-388.0,14.131394443001819,19.03921059465074,10.427284920482851,4.401073002490898,0.3769569221324056,0.13534315517192905,-8893.0,34.0,20.0,260.95,20.0,114846.0,-8859.0,0,0,0,59.70000000000001
1105,SHRIRAMFIN,Mar 2023,30492,8706,8799.0,29.0,16,12987,601,8214,27.0,6020,32.0,22.0,1270.0,374.0,43138.0,164202.0,2858.0,210573.0,3714.0,66.0,7430.0,199363.0,210573.0,1024.0,-17625.0,5076.0,11820.0,-730.0,19.742883379247015,28.856749311294767,13.835263835263836,3.7737175951461666,0.6787556787556788,0.14480488951574988,-12549.0,5076.0,32.0,435.12,22.0,164202.0,-17625.0,0,0,0,59.70000000000001
1106,SHRIRAMFIN,Mar 2024,36388,10278,10523.0,29.0,25,15588,588,9960,26.0,7399,39.0,23.0,1271.0,376.0,48571.0,195496.0,3823.0,248266.0,3718.0,0.0,9472.0,235076.0,248266.0,1025.0,-31101.0,-258.0,27609.0,-3750.0,20.333626470264925,28.918874354182698,15.116350338120824,3.994034363699512,0.6766743648960739,0.14656859980827017,-31359.0,258.0,39.0,489.47,23.0,195496.0,-31101.0,14.01,11.74,10.76,59.70000000000001
1108,SIEMENS,Sep 2011,11955,10784,1171.0,10.0,299,26,154,1290,33.0,868,0.0,24.0,1273.0,68.0,3748.0,0.0,6341.0,10158.0,1169.0,249.0,0.0,8739.0,10158.0,1026.0,3.0,264.0,-196.0,70.0,7.26056043496445,9.795064826432455,22.746331236897273,0.0,56.53846153846154,1.1769049025398701,267.0,264.0,0.0,38.16,24.0,0.0,3.0,0,0,0,32.6
1109,SIEMENS,Sep 2014,10678,10559,119.0,1.0,985,31,229,844,28.0,603,17.0,35.0,1274.0,71.0,4304.0,0.0,5915.0,10290.0,1356.0,41.0,8.0,8886.0,10290.0,1027.0,608.0,130.0,-220.0,517.0,5.6471249297621275,1.1144409065368046,13.782857142857145,0.0,35.61290322580645,1.037706511175899,738.0,130.0,17.0,43.75,35.0,0.0,608.0,0,0,0,32.6
1110,SIEMENS,Sep 2015,10563,9565,998.0,9.0,943,30,224,1688,30.0,1174,33.0,30.0,1275.0,71.0,5046.0,25.0,5433.0,10576.0,1394.0,32.0,114.0,9037.0,10576.0,1028.0,574.0,646.0,-245.0,975.0,11.114266780270757,9.448073463978037,22.94313074066836,0.004885675200312683,64.7,0.9987708018154312,1220.0,646.0,33.0,51.17,30.0,25.0,574.0,0,0,0,32.6
1111,SIEMENS,Sep 2016,10837,9815,1021.0,9.0,3156,11,228,3938,26.0,2914,82.0,41.0,1276.0,71.0,6732.0,25.0,5157.0,11986.0,1227.0,79.0,110.0,10570.0,11986.0,1029.0,513.0,237.0,-1614.0,-864.0,26.889360524130296,9.421426594075852,42.83404380420402,0.003674849331177422,379.72727272727275,0.9041381611880527,750.0,237.0,82.0,68.03,41.0,25.0,513.0,0,0,0,32.6
1112,SIEMENS,Sep 2017,11065,10008,1056.0,10.0,818,8,198,1669,32.0,1137,32.0,22.0,1277.0,71.0,7619.0,0.0,5448.0,13138.0,1365.0,143.0,0.0,11630.0,13138.0,1030.0,573.0,1321.0,-285.0,1610.0,10.275643922277451,9.543605964753727,14.785435630689205,0.0,234.25,0.8422134267011722,1894.0,1321.0,32.0,76.9,22.0,0.0,573.0,0,0,0,32.6
1113,SIEMENS,Sep 2018,12795,11468,1327.0,10.0,280,8,198,1402,36.0,901,25.0,28.0,1278.0,71.0,8228.0,0.0,6037.0,14336.0,1381.0,62.0,0.0,12893.0,14336.0,1031.0,100.0,-174.0,-305.0,-379.0,7.041813208284486,10.371238765142634,10.85672972647307,0.0,200.875,0.8925083705357143,-74.0,174.0,25.0,82.99,28.0,0.0,100.0,0,0,0,32.6
1114,SIEMENS,Sep 2019,13084,11594,1490.0,11.0,398,12,199,1678,34.0,1099,31.0,23.0,1279.0,71.0,8978.0,0.0,6309.0,15358.0,1219.0,58.0,0.0,14081.0,15358.0,1032.0,1273.0,-1135.0,-312.0,-174.0,8.399571996331396,11.38795475389789,12.144988396507902,0.0,157.33333333333334,0.8519338455528064,138.0,1135.0,31.0,90.49,23.0,0.0,1273.0,0,0,0,32.6
1115,SIEMENS,Sep 2020,9946,8944,1003.0,10.0,315,30,252,1036,26.0,769,22.0,32.0,1280.0,71.0,9421.0,0.0,6368.0,15860.0,1196.0,88.0,0.0,14576.0,15860.0,1033.0,720.0,871.0,-386.0,1205.0,7.7317514578725115,10.08445606273879,8.1015592077539,0.0,43.93333333333333,0.6271122320302648,1591.0,871.0,22.0,94.92,32.0,0.0,720.0,0,0,0,32.6
1116,SIEMENS,Sep 2021,13198,11746,1452.0,11.0,321,24,297,1452,25.0,1089,31.0,26.0,1281.0,71.0,10276.0,4.0,7664.0,18015.0,3264.0,35.0,3.0,14713.0,18015.0,1034.0,1422.0,-2389.0,-502.0,-1469.0,8.25125018942264,11.001666919230187,10.52478979414323,0.0003865854837150865,73.875,0.7326117124618373,-967.0,2389.0,31.0,103.47,26.0,4.0,1422.0,0,0,0,32.6
1117,SIEMENS,Sep 2022,16138,14278,1860.0,12.0,487,36,317,1993,23.0,1543,43.0,23.0,1282.0,71.0,11539.0,182.0,8317.0,20109.0,3107.0,52.0,1.0,16949.0,20109.0,1035.0,978.0,-34.0,-392.0,552.0,9.561283926137069,11.525591770975337,13.290267011197244,0.015676141257536608,65.19444444444444,0.8025262320354071,944.0,34.0,43.0,116.1,23.0,182.0,978.0,0,0,0,32.6
1118,SIEMENS,Sep 2023,19554,17067,2487.0,13.0,496,23,321,2640,26.0,1962,55.0,18.0,1283.0,71.0,13016.0,175.0,8384.0,21646.0,3038.0,50.0,1.0,18556.0,21646.0,1036.0,1400.0,-759.0,-450.0,191.0,10.03375268487266,12.718625345197914,14.991976770841292,0.01337204859784519,129.69565217391303,0.9033539684006283,641.0,759.0,55.0,130.87,18.0,175.0,1400.0,0,0,0,32.6
1119,SIEMENS,Sep 2024,22240,19136,3104.0,14.0,925,60,330,3639,25.0,2718,76.0,16.0,1284.0,71.0,15286.0,279.0,9663.0,25299.0,3112.0,103.0,1.0,22082.0,25299.0,1037.0,1670.0,-502.0,-523.0,644.0,12.221223021582734,13.956834532374101,17.698769290877124,0.018167610861496385,67.15,0.8790861298865568,1168.0,502.0,76.0,153.57,16.0,279.0,1670.0,1.37,0.75,0,32.6
1120,SUNPHARMA,Mar 2013,11131,6346,4784.0,43.0,-90,43,336,4315,20.0,3469,14.0,9.0,1310.0,104.0,14886.0,260.0,5128.0,20377.0,5647.0,563.0,2412.0,11756.0,20377.0,1038.0,3357.0,-2375.0,-665.0,316.0,31.165214266463032,42.979067469230074,23.142094729819878,0.01734489659773182,109.16279069767442,0.5462531285272612,982.0,2375.0,14.0,149.9,9.0,260.0,3357.0,0,0,0,42.400000000000006
1121,SUNPHARMA,Mar 2014,16080,9078,7003.0,44.0,-1968,44,409,4581,15.0,3879,15.0,10.0,1311.0,207.0,18318.0,2561.0,8009.0,29095.0,6817.0,842.0,2786.0,18650.0,29095.0,1039.0,3959.0,-2176.0,507.0,2290.0,24.12313432835821,43.55099502487562,20.939271255060728,0.13824561403508773,114.43181818181819,0.5526722804605603,1783.0,2176.0,15.0,185.25,10.0,2561.0,3959.0,0,0,0,42.400000000000006
1122,SUNPHARMA,Mar 2015,27392,19498,7894.0,29.0,283,579,1195,6403,14.0,5476,22.0,14.0,1312.0,207.0,25431.0,8996.0,14089.0,48723.0,12682.0,2039.0,2716.0,31286.0,48723.0,1040.0,5616.0,-1502.0,-1187.0,2927.0,19.99123831775701,28.818633177570092,21.358920352601608,0.35088540447772837,14.122625215889464,0.5621985509923445,4114.0,1502.0,22.0,256.38,14.0,8996.0,5616.0,0,0,0,42.400000000000006
1123,SUNPHARMA,Mar 2016,28487,20313,8174.0,29.0,-42,523,1038,6571,14.0,5658,19.0,5.0,1313.0,241.0,32742.0,8497.0,13948.0,55428.0,15872.0,2175.0,1830.0,35550.0,55428.0,1041.0,6686.0,-3949.0,-1889.0,848.0,19.861691297784954,28.693790149892934,17.154291604766094,0.25761756056150137,15.548757170172085,0.5139460200620625,2737.0,3949.0,19.0,329.83,5.0,8497.0,6686.0,0,0,0,42.400000000000006
1124,SUNPHARMA,Mar 2017,31578,21476,10102.0,32.0,610,400,1265,9048,13.0,7846,29.0,12.0,1314.0,240.0,36400.0,9832.0,14624.0,61095.0,17675.0,2801.0,1192.0,39427.0,61095.0,1042.0,7082.0,-4186.0,-2285.0,611.0,24.846412059028438,31.99062638545823,21.413755458515286,0.2683406113537118,26.78,0.5168671740731647,2896.0,4186.0,29.0,366.4,12.0,9832.0,7082.0,0,0,0,42.400000000000006
1125,SUNPHARMA,Mar 2018,26489,20858,5631.0,21.0,-135,518,1500,3479,26.0,2542,9.0,23.0,1315.0,240.0,38074.0,10385.0,15598.0,64297.0,18853.0,2465.0,7143.0,35837.0,64297.0,1043.0,3907.0,-3104.0,-1539.0,-736.0,9.596436256559326,21.257880629695343,6.634650519392389,0.2710497468288354,10.61003861003861,0.4119787859464672,803.0,3104.0,9.0,383.14,23.0,10385.0,3907.0,0,0,0,42.400000000000006
1126,SUNPHARMA,Mar 2019,29066,22689,6377.0,22.0,-258,555,1753,3810,16.0,3208,11.0,25.0,1316.0,240.0,41169.0,10514.0,12666.0,64590.0,21837.0,1411.0,7903.0,33439.0,64590.0,1044.0,2196.0,-310.0,-2731.0,-844.0,11.036950388770386,21.939723388151105,7.747108116593012,0.25390615566664254,11.025225225225226,0.4500077411363988,1886.0,310.0,11.0,414.09,25.0,10514.0,2196.0,0,0,0,42.400000000000006
1127,SUNPHARMA,Mar 2020,32838,25855,6983.0,21.0,382,303,2053,5010,16.0,4172,16.0,25.0,1317.0,240.0,45025.0,8315.0,14615.0,68194.0,22847.0,1220.0,10143.0,33984.0,68194.0,1045.0,6555.0,-2225.0,-5715.0,-1386.0,12.704793227358548,21.264997868323285,9.216834198608197,0.18369601237158953,24.306930693069308,0.48153796521688125,4330.0,2225.0,16.0,452.65,25.0,8315.0,6555.0,0,0,0,42.400000000000006
1128,SUNPHARMA,Mar 2021,33498,25028,8470.0,25.0,-3449,141,2080,2799,18.0,2272,12.0,62.0,1318.0,240.0,46223.0,3869.0,17291.0,67622.0,21553.0,1567.0,9612.0,34890.0,67622.0,1046.0,6170.0,407.0,-5980.0,596.0,6.782494477282226,25.285091647262526,4.889912403417773,0.08327055936982115,35.60992907801418,0.4953713288574724,6577.0,407.0,12.0,464.63,62.0,3869.0,6170.0,0,0,0,42.400000000000006
1129,SUNPHARMA,Mar 2022,38654,28397,10258.0,27.0,-3505,127,2144,4481,24.0,3389,14.0,73.0,1319.0,240.0,47771.0,1290.0,20474.0,69776.0,22665.0,1287.0,12849.0,32975.0,69776.0,1047.0,8985.0,-5556.0,-5193.0,-1765.0,8.767527293423708,26.538003828840484,7.0587990252233865,0.02686884255691404,53.173228346456696,0.5539727126805778,3429.0,5556.0,14.0,480.11,73.0,1290.0,8985.0,0,0,0,42.400000000000006
1130,SUNPHARMA,Mar 2023,43886,32235,11650.0,27.0,459,172,2529,9408,9.0,8513,35.0,33.0,1320.0,240.0,55755.0,6886.0,17831.0,80712.0,24065.0,4973.0,14824.0,36849.0,80712.0,1048.0,4959.0,-7220.0,2376.0,115.0,19.39798569019733,26.546051132479608,15.20314313778016,0.12297526564871863,70.40116279069767,0.5437357518089008,-2261.0,7220.0,35.0,559.95,33.0,6886.0,4959.0,0,0,0,42.400000000000006
1131,SUNPHARMA,Mar 2024,48497,35479,13018.0,28.0,865,238,2557,11088,13.0,9610,40.0,34.0,1321.0,240.0,63427.0,3274.0,18367.0,85308.0,23211.0,5354.0,15026.0,41717.0,85308.0,1049.0,12135.0,-763.0,-6710.0,4662.0,19.815658700538176,26.84289749881436,15.094161810671148,0.051423814535002436,58.331932773109244,0.5684929901064378,11372.0,763.0,40.0,636.67,34.0,3274.0,12135.0,18.93,-6.03,-8.46,42.400000000000006
1133,TATACONSUM,Mar 2013,7351,6581,770.0,10.0,56,84,105,637,26.0,445,6.0,36.0,1401.0,62.0,4748.0,1389.0,2595.0,8794.0,4434.0,91.0,578.0,3691.0,8794.0,1050.0,173.0,24.0,186.0,383.0,6.0535981499115765,10.474765338049245,9.251559251559252,0.28877338877338876,9.833333333333334,0.835910848305663,197.0,24.0,6.0,48.1,36.0,1389.0,173.0,0,0,0,26.900000000000002
1134,TATACONSUM,Mar 2014,7738,6986,752.0,10.0,170,87,129,707,26.0,510,7.0,29.0,1402.0,62.0,5787.0,1438.0,2625.0,9911.0,5181.0,60.0,611.0,4060.0,9911.0,1051.0,422.0,-1.0,-363.0,57.0,6.590850348927371,9.7182734556733,8.719439220379552,0.24585399213540776,10.597701149425287,0.7807486631016043,421.0,1.0,7.0,58.49,29.0,1438.0,422.0,0,0,0,26.900000000000002
1135,TATACONSUM,Mar 2015,7993,7201,792.0,10.0,-77,82,133,500,43.0,273,4.0,6.0,1403.0,62.0,5431.0,1324.0,2641.0,9458.0,4922.0,47.0,622.0,3867.0,9458.0,1052.0,418.0,-207.0,-392.0,-182.0,3.415488552483423,9.908670086325534,4.96996176952485,0.24103404332787184,8.71951219512195,0.8451046732924509,211.0,207.0,4.0,54.93,6.0,1324.0,418.0,0,0,0,26.900000000000002
1136,TATACONSUM,Mar 2016,6637,6271,366.0,6.0,38,117,117,170,99.0,-37,0.0,-999.0,1404.0,63.0,6184.0,1354.0,2294.0,9895.0,4662.0,39.0,1366.0,3828.0,9895.0,1053.0,116.0,145.0,-282.0,-21.0,-0.5574807895133344,5.514539701672443,-0.5922842964623019,0.21674403713782617,3.452991452991453,0.6707427993936331,261.0,145.0,0.0,62.47,-999.0,1354.0,116.0,0,0,0,26.900000000000002
1137,TATACONSUM,Mar 2017,6780,5988,791.0,12.0,88,43,126,662,30.0,455,6.0,38.0,1405.0,63.0,6202.0,787.0,2499.0,9551.0,4573.0,63.0,1451.0,3465.0,9551.0,1054.0,741.0,145.0,-816.0,70.0,6.710914454277287,11.666666666666666,7.262569832402235,0.12561851556264964,20.441860465116278,0.7098733116951105,886.0,145.0,6.0,62.65,38.0,787.0,741.0,0,0,0,26.900000000000002
1138,TATACONSUM,Mar 2018,6815,5976,839.0,12.0,73,52,116,753,25.0,556,8.0,30.0,1406.0,63.0,6968.0,1068.0,2362.0,10461.0,4798.0,135.0,1161.0,4366.0,10461.0,1055.0,356.0,-31.0,-30.0,294.0,8.158473954512106,12.311078503301541,7.907836723083488,0.1518987341772152,17.53846153846154,0.6514673549373865,325.0,31.0,8.0,70.31,30.0,1068.0,356.0,0,0,0,26.900000000000002
1139,TATACONSUM,Mar 2019,7252,6466,786.0,11.0,124,78,123,735,36.0,457,6.0,39.0,1407.0,63.0,7269.0,1141.0,2408.0,10881.0,4913.0,424.0,1188.0,4355.0,10881.0,1056.0,210.0,53.0,-224.0,39.0,6.301709873138445,10.83838940981798,6.232951445717403,0.15561920349154393,11.666666666666666,0.6664828600312471,263.0,53.0,6.0,73.32,39.0,1141.0,210.0,0,0,0,26.900000000000002
1140,TATACONSUM,Mar 2020,9637,8345,1292.0,13.0,-163,69,242,809,34.0,460,5.0,54.0,1408.0,92.0,13723.0,1586.0,3072.0,18473.0,11656.0,95.0,1323.0,5399.0,18473.0,1057.0,1082.0,-622.0,-308.0,152.0,4.77326968973747,13.406661824219155,3.329714078899747,0.11480275063336953,16.36231884057971,0.5216802901531965,460.0,622.0,5.0,138.15,54.0,1586.0,1082.0,0,0,0,26.900000000000002
1141,TATACONSUM,Mar 2021,11602,10058,1544.0,13.0,91,73,255,1311,24.0,930,9.0,44.0,1409.0,92.0,14442.0,1634.0,4050.0,20218.0,12023.0,113.0,806.0,7276.0,20218.0,1058.0,1656.0,-346.0,-426.0,884.0,8.015859334597483,13.308050336148941,6.398789046374019,0.11242603550295859,22.397260273972602,0.5738450885349689,1310.0,346.0,9.0,145.34,44.0,1634.0,1656.0,0,0,0,26.900000000000002
1142,TATACONSUM,Mar 2022,12425,10707,1719.0,14.0,88,87,278,1456,26.0,1015,10.0,60.0,1410.0,92.0,15050.0,1412.0,4521.0,21075.0,12599.0,247.0,797.0,7431.0,21075.0,1059.0,1516.0,-1317.0,-995.0,-796.0,8.169014084507042,13.835010060362174,6.703209615638621,0.09325056135252939,20.770114942528735,0.5895610913404508,199.0,1317.0,10.0,151.42,60.0,1412.0,1516.0,0,0,0,26.900000000000002
1143,TATACONSUM,Mar 2023,13783,11927,1856.0,13.0,328,130,304,1794,25.0,1320,12.0,65.0,1411.0,93.0,16184.0,1600.0,4886.0,22762.0,13070.0,295.0,1433.0,7965.0,22762.0,1060.0,1461.0,-834.0,-714.0,-87.0,9.577015163607342,13.465863745193355,8.109602506604412,0.09829821220126558,16.8,0.6055267551181794,627.0,834.0,12.0,162.77,65.0,1600.0,1461.0,0,0,0,26.900000000000002
1144,TATACONSUM,Mar 2024,15206,12922,2284.0,15.0,-81,87,377,1696,23.0,1215,12.0,64.0,1412.0,95.0,15962.0,3477.0,8345.0,27879.0,19358.0,190.0,871.0,7461.0,27879.0,1061.0,1937.0,-1911.0,256.0,281.0,7.9902669998684726,15.020386689464685,7.566793298872766,0.21654107242947002,25.32183908045977,0.5454284586965099,26.0,1911.0,12.0,160.57,64.0,3477.0,1937.0,-1.5,4.55,5.92,26.900000000000002
1146,TATAMOTORS,Mar 2013,188793,164197,24596.0,13.0,213,3560,7601,13647,28.0,9976,35.0,6.0,1466.0,638.0,36999.0,53716.0,76977.0,168330.0,55512.0,18454.0,8765.0,85600.0,168330.0,1062.0,22163.0,-22969.0,-1692.0,-2499.0,5.284094219595007,13.02802540348424,26.505832026994714,1.427212583362117,6.968820224719101,1.1215647834610587,-806.0,22969.0,35.0,376.37,6.0,53716.0,22163.0,0,0,0,37.8
1147,TATAMOTORS,Mar 2014,232834,197980,34853.0,15.0,-157,4749,11078,18869,25.0,14050,48.0,5.0,1467.0,644.0,64960.0,60642.0,92180.0,218426.0,69092.0,33263.0,10687.0,105385.0,218426.0,1063.0,36151.0,-27991.0,-3883.0,4277.0,6.034342063444342,14.96903373218688,21.416377050179864,0.9243643680263398,7.305959149294588,1.0659628432512613,8160.0,27991.0,48.0,656.04,5.0,60642.0,36151.0,0,0,0,37.8
1148,TATAMOTORS,Mar 2015,263159,223920,39239.0,15.0,714,4861,13389,21703,35.0,14073,48.0,0.0,1468.0,644.0,55618.0,73610.0,107442.0,237315.0,88479.0,28640.0,15337.0,104858.0,237315.0,1064.0,35531.0,-36232.0,5201.0,4500.0,5.347717539586334,14.910757374819026,25.013330489495573,1.3083431090256301,8.219090722073647,1.10890167077513,-701.0,36232.0,48.0,562.62,0.0,73610.0,35531.0,0,0,0,37.8
1149,TATAMOTORS,Mar 2016,273046,234650,38395.0,14.0,-2670,4889,16711,14126,21.0,11678,40.0,1.0,1469.0,679.0,78273.0,69360.0,114872.0,263184.0,107232.0,25919.0,23767.0,106266.0,263184.0,1065.0,37900.0,-36694.0,-3795.0,-2589.0,4.276935021937695,14.061733187814507,14.791265579086026,0.8785084608369642,7.307220290447944,1.0374718827892273,1206.0,36694.0,40.0,789.52,1.0,69360.0,37900.0,0,0,0,37.8
1150,TATAMOTORS,Mar 2017,269693,240104,29589.0,11.0,1869,4238,17905,9315,35.0,7557,26.0,0.0,1470.0,679.0,57383.0,78604.0,135914.0,272580.0,95944.0,33699.0,20338.0,122600.0,272580.0,1066.0,30199.0,-39571.0,6205.0,-3167.0,2.8020749518897414,10.971363735803303,13.015397333884469,1.3537942199717543,7.422840962718263,0.9894086139848852,-9372.0,39571.0,26.0,580.62,0.0,78604.0,30199.0,0,0,0,37.8
1151,TATAMOTORS,Mar 2018,291550,260093,31458.0,11.0,5933,4682,21554,11155,39.0,9091,31.0,0.0,1471.0,679.0,94749.0,88950.0,142813.0,327192.0,121414.0,40034.0,20813.0,144932.0,327192.0,1067.0,23857.0,-25139.0,2012.0,730.0,3.1181615503344196,10.789915966386554,9.526554051221863,0.9321163599782034,7.986117043998291,0.8910670187535148,-1282.0,25139.0,31.0,954.28,0.0,88950.0,23857.0,0,0,0,37.8
1152,TATAMOTORS,Mar 2019,301938,277274,24664.0,8.0,-26686,5759,23591,-31371,-8.0,-28724,-100.0,0.0,1472.0,679.0,59500.0,106175.0,139349.0,305703.0,111234.0,31884.0,15771.0,146814.0,305703.0,1068.0,18891.0,-20878.0,8830.0,6843.0,-9.513211321529585,8.16856440726242,-47.73093604081158,1.7643197793250136,-0.35110262198298314,0.9876841247877842,-1987.0,20878.0,-100.0,601.79,0.0,106175.0,18891.0,0,0,0,37.8
1153,TATAMOTORS,Mar 2020,261068,243081,17987.0,7.0,102,7243,21425,-10580,4.0,-11975,-39.0,0.0,1473.0,720.0,62359.0,124788.0,132313.0,320179.0,127107.0,35622.0,16308.0,141141.0,320179.0,1069.0,26633.0,-33115.0,3390.0,-3092.0,-4.586927543781696,6.889775843841452,-18.984131010320393,1.9782812029360008,2.4974458097473424,0.8153813960315949,-6482.0,33115.0,-39.0,630.79,0.0,124788.0,26633.0,0,0,0,37.8
1154,TATAMOTORS,Mar 2021,249795,217507,32287.0,13.0,-11118,8097,23547,-10474,24.0,-13395,-41.0,0.0,1474.0,766.0,54481.0,142131.0,144193.0,341570.0,138708.0,20964.0,24620.0,157278.0,341570.0,1070.0,29001.0,-25672.0,9904.0,13232.0,-5.362397165675854,12.92539882703817,-24.245660397849658,2.5726464785418215,2.6144250957144624,0.7313142254881869,3329.0,25672.0,-41.0,552.47,0.0,142131.0,29001.0,0,0,0,37.8
1155,TATAMOTORS,Mar 2022,278454,253734,24720.0,9.0,2424,9312,24836,-7003,60.0,-11309,-34.0,0.0,1475.0,766.0,43795.0,146449.0,138051.0,329061.0,138855.0,10251.0,29380.0,150575.0,329061.0,1071.0,14283.0,-4444.0,-3380.0,6459.0,-4.061353042154179,8.877588398801956,-25.378694374004173,3.2864836965059134,2.9149484536082473,0.846207845961691,9839.0,4444.0,-34.0,445.61,0.0,146449.0,14283.0,0,0,0,37.8
1156,TATAMOTORS,Mar 2023,345967,314151,31816.0,9.0,6664,10225,24860,3394,21.0,2690,7.0,32.0,1476.0,766.0,44556.0,134113.0,155239.0,334674.0,132080.0,14274.0,26379.0,161941.0,334674.0,1072.0,35388.0,-15417.0,-26243.0,-6272.0,0.7775308049611668,9.196252821800924,5.935307356250828,2.9591147786946737,3.763325183374083,1.0337432845097019,19971.0,15417.0,7.0,453.22,32.0,134113.0,35388.0,0,0,0,37.8
1157,TATAMOTORS,Mar 2024,437928,378389,59538.0,14.0,5673,9986,27270,27955,-14.0,31807,94.0,7.0,1477.0,766.0,84152.0,107262.0,177340.0,369521.0,121285.0,35698.0,22971.0,189566.0,369521.0,1073.0,67915.0,-22782.0,-37006.0,8128.0,7.263066074788551,13.595385542828959,37.45613415294755,1.2631244259167667,6.530242339274985,1.1851234435931923,45133.0,22782.0,94.0,849.18,7.0,107262.0,67915.0,9.08,-1.84,-2.4,37.8
1159,TATAPOWER,Mar 2013,33177,27583,5595.0,17.0,375,2642,2052,1277,92.0,123,0.0,-319.0,1453.0,237.0,12098.0,37882.0,17038.0,67257.0,41353.0,2358.0,3120.0,20426.0,67257.0,1074.0,3286.0,-4026.0,-593.0,-1333.0,0.37073876480694457,16.864092594267113,0.9971625456019456,3.0710985002026754,2.259651778955337,0.49328694410990676,-740.0,4026.0,0.0,123.35,-319.0,37882.0,3286.0,0,0,0,40.400000000000006
1160,TATAPOWER,Mar 2014,35726,28810,6916.0,19.0,229,3440,2730,975,99.0,12,-1.0,-114.0,1454.0,237.0,12164.0,40173.0,18810.0,71383.0,43394.0,3389.0,3019.0,21582.0,71383.0,1075.0,6483.0,-3609.0,-3265.0,-392.0,0.033588982813637126,19.35845042825953,0.0967663898072736,3.2394968147730023,2.07703488372093,0.5004833083507277,2874.0,3609.0,-1.0,124.01,-114.0,40173.0,6483.0,0,0,0,40.400000000000006
1161,TATAPOWER,Mar 2015,33593,27292,6301.0,19.0,1056,3699,2174,1484,72.0,457,1.0,210.0,1455.0,270.0,14048.0,40607.0,20260.0,75185.0,44726.0,3323.0,3445.0,23692.0,75185.0,1076.0,5981.0,-3865.0,-2239.0,-123.0,1.3604024647992141,18.756883874616737,3.1917865623690456,2.836080458164548,1.9889159232224927,0.4468045487796768,2116.0,3865.0,1.0,143.18,210.0,40607.0,5981.0,0,0,0,40.400000000000006
1162,TATAPOWER,Mar 2016,29494,27389,2105.0,7.0,4060,3236,1649,1281,53.0,786,2.0,53.0,1456.0,270.0,11363.0,38849.0,19575.0,70057.0,36414.0,1345.0,11785.0,20513.0,70057.0,1077.0,7415.0,-1805.0,-6183.0,-574.0,2.664948803146403,7.137044822675799,6.7566405914209575,3.3395512765408752,1.9051297898640296,0.42100004282227327,5610.0,1805.0,2.0,116.33,53.0,38849.0,7415.0,0,0,0,40.400000000000006
1163,TATAPOWER,Mar 2017,27588,22114,5473.0,20.0,1297,3365,1956,1450,24.0,1100,3.0,39.0,1457.0,270.0,12944.0,48815.0,20799.0,82829.0,46595.0,2178.0,11873.0,22184.0,82829.0,1078.0,7014.0,-7373.0,937.0,579.0,3.9872408293460926,19.838335508191967,8.32450431360678,3.694187982442864,2.011887072808321,0.33307175023240654,-359.0,7373.0,3.0,132.14,39.0,48815.0,7014.0,0,0,0,40.400000000000006
1164,TATAPOWER,Mar 2018,26840,24545,2295.0,9.0,6586,3761,2346,2773,6.0,2611,9.0,15.0,1458.0,270.0,16129.0,48589.0,16903.0,81892.0,44656.0,1653.0,12429.0,23154.0,81892.0,1079.0,6364.0,-1512.0,-4726.0,126.0,9.728017883755587,8.550670640834575,15.921702542837979,2.962924568571254,2.3613400691305504,0.32774874224588485,4852.0,1512.0,9.0,163.99,15.0,48589.0,6364.0,0,0,0,40.400000000000006
1165,TATAPOWER,Mar 2019,29881,26811,3070.0,10.0,7186,4170,2393,3693,29.0,2606,9.0,15.0,1459.0,270.0,18035.0,48506.0,17262.0,84073.0,44305.0,2576.0,13542.0,23651.0,84073.0,1080.0,4574.0,-272.0,-5184.0,-883.0,8.721261001974499,10.27408721261002,14.236547391423107,2.649877082764272,2.4594724220623503,0.3554173159040358,4302.0,272.0,9.0,183.05,15.0,48506.0,4574.0,0,0,0,40.400000000000006
1166,TATAPOWER,Mar 2020,29136,22331,6805.0,23.0,2280,4494,2634,1958,33.0,1316,4.0,41.0,1460.0,270.0,19296.0,51936.0,18172.0,89674.0,47666.0,1612.0,14535.0,25861.0,89674.0,1081.0,7375.0,-493.0,-5110.0,1773.0,4.516749038989566,23.355985722130697,6.725953184094859,2.6544004906470406,2.021584334668447,0.3249102303900796,6882.0,493.0,4.0,195.66,41.0,51936.0,7375.0,0,0,0,40.400000000000006
1167,TATAPOWER,Mar 2021,32703,25782,6921.0,21.0,1775,4010,2745,1941,26.0,1439,4.0,44.0,1461.0,320.0,22003.0,46708.0,29625.0,98655.0,52179.0,3270.0,13149.0,30056.0,98655.0,1082.0,8345.0,993.0,-7603.0,1736.0,4.400207931994006,21.163196037060818,6.446266182860727,2.092371097074766,2.1685785536159603,0.3314885206020982,9338.0,993.0,4.0,223.23,44.0,46708.0,8345.0,0,0,0,40.400000000000006
1168,TATAPOWER,Mar 2022,42816,35785,7031.0,16.0,2486,3859,3122,2535,15.0,2156,5.0,32.0,1462.0,320.0,22122.0,51195.0,38913.0,112550.0,57389.0,4635.0,14160.0,36365.0,112550.0,1083.0,6693.0,-6250.0,-1183.0,-741.0,5.035500747384155,16.421431240657697,9.606986899563319,2.281213795561893,2.466182948950505,0.38041759218125276,443.0,6250.0,5.0,224.42,32.0,51195.0,6693.0,0,0,0,40.400000000000006
1169,TATAPOWER,Mar 2023,55109,47381,7728.0,14.0,5540,4372,3439,5457,30.0,3810,10.0,19.0,1463.0,320.0,28468.0,52923.0,46386.0,128096.0,61747.0,5376.0,16670.0,44303.0,128096.0,1084.0,7166.0,-7263.0,1341.0,1243.0,6.913571285996843,14.023117821045563,13.234681117132139,1.8383701542309296,3.0347666971637692,0.43021640019985014,-97.0,7263.0,10.0,287.88,19.0,52923.0,7166.0,0,0,0,40.400000000000006
1170,TATAPOWER,Mar 2024,61449,50714,10735.0,17.0,3416,4633,3786,5732,25.0,4280,12.0,17.0,1464.0,320.0,32036.0,53689.0,53010.0,139054.0,67210.0,11561.0,16316.0,43968.0,139054.0,1085.0,12596.0,-9027.0,-4497.0,-928.0,6.965125551270159,17.469771680580646,13.227840276919272,1.659321300531586,3.054392402331103,0.4419074604110633,3569.0,9027.0,12.0,323.56,17.0,53689.0,12596.0,-4.15,84.24,0,40.400000000000006
1172,TATASTEEL,Mar 2013,134712,130746,3965.0,3.0,1445,3968,5575,-4133,78.0,-7272,-6.0,-11.0,1427.0,971.0,33201.0,68529.0,44176.0,146876.0,68002.0,14277.0,3258.0,61340.0,146876.0,1086.0,14035.0,-13099.0,-1780.0,-844.0,-5.398182789951898,2.943316111408041,-21.280580592297788,2.0054137890670725,1.3634072580645162,0.9171818404640649,936.0,13099.0,-6.0,341.72,-11.0,68529.0,14035.0,0,0,0,15.5
1173,TATASTEEL,Mar 2014,148614,132430,16184.0,11.0,716,4337,5841,6722,45.0,3665,3.0,27.0,1428.0,971.0,39561.0,81629.0,49443.0,171604.0,74907.0,26822.0,5093.0,64781.0,171604.0,1087.0,13146.0,-15378.0,1015.0,-1218.0,2.466120284764558,10.889956531686112,9.042238231520773,2.0139396032764236,3.896702789946968,0.8660287638982774,-2232.0,15378.0,3.0,405.32,27.0,81629.0,13146.0,0,0,0,15.5
1174,TATASTEEL,Mar 2015,139504,136095,3409.0,2.0,5994,4848,5944,-1388,99.0,-3939,-3.0,-20.0,1429.0,971.0,30378.0,80701.0,47059.0,159109.0,68100.0,28678.0,3455.0,58876.0,159109.0,1088.0,11880.0,-9021.0,-2617.0,241.0,-2.8235749512558783,2.4436575295332035,-12.564994098695333,2.574276691441513,1.939562706270627,0.8767825830091321,2859.0,9021.0,-3.0,313.49,-20.0,80701.0,11880.0,0,0,0,15.5
1175,TATASTEEL,Mar 2016,101965,102590,-625.0,-1.0,10346,4221,5306,193,99.0,-497,0.0,-203.0,1430.0,970.0,42762.0,81987.0,51165.0,176884.0,72200.0,35996.0,10714.0,57974.0,176884.0,1089.0,11455.0,-8794.0,-4729.0,-2068.0,-0.4874221546609131,-0.6129554258814298,-1.136467575230952,1.8747599012165006,2.3030087656953326,0.5764512335768074,2661.0,8794.0,0.0,437.32,-203.0,81987.0,11455.0,0,0,0,15.5
1176,TATASTEEL,Mar 2017,112299,99156,13144.0,12.0,-3789,5072,5673,-1391,99.0,-4169,-4.0,-23.0,1431.0,970.0,36849.0,83014.0,51614.0,172447.0,92007.0,15784.0,12457.0,52200.0,172447.0,1090.0,10824.0,-9490.0,-2579.0,-1245.0,-3.712410618082084,11.704467537555988,-11.023559586451254,2.195034242047648,1.8444400630914826,0.6512087771895133,1334.0,9490.0,-4.0,378.19,-23.0,83014.0,10824.0,0,0,0,15.5
1177,TATASTEEL,Mar 2018,123249,101816,21433.0,17.0,10898,5455,5742,21135,16.0,17743,12.0,9.0,1432.0,1145.0,59726.0,92147.0,55704.0,208722.0,96105.0,16614.0,17899.0,78103.0,208722.0,1091.0,8023.0,-11730.0,6640.0,2933.0,14.396060008600475,17.38999910749783,29.148527213287117,1.5138078888140494,5.926856095325389,0.5904935751861328,-3707.0,11730.0,12.0,608.71,9.0,92147.0,8023.0,0,0,0,15.5
1178,TATASTEEL,Mar 2019,157669,128351,29318.0,19.0,1524,7660,7342,15841,42.0,9122,9.0,15.0,1433.0,1145.0,67780.0,100816.0,63032.0,232773.0,124442.0,18641.0,5738.0,83952.0,232773.0,1092.0,25336.0,-29176.0,-673.0,-4513.0,5.785538057576315,18.59465081912107,13.234675371780922,1.4626913311570549,4.026370757180157,0.6773508955076405,-3840.0,29176.0,9.0,689.25,15.0,100816.0,25336.0,0,0,0,15.5
1179,TATASTEEL,Mar 2020,139817,122354,17463.0,12.0,-2884,7533,8441,-1395,-99.0,1174,1.0,74.0,1434.0,1145.0,72431.0,116328.0,59245.0,249149.0,134551.0,19497.0,6285.0,88816.0,249149.0,1093.0,20169.0,-14012.0,-1695.0,4462.0,0.8396689959017859,12.489897508886616,1.5956290094596066,1.5810590409916276,1.93535112173105,0.5611782507656061,6157.0,14012.0,1.0,735.76,74.0,116328.0,20169.0,0,0,0,15.5
1180,TATASTEEL,Mar 2021,156294,125790,30504.0,20.0,180,7607,9234,13844,41.0,8190,6.0,40.0,1435.0,1198.0,73041.0,88501.0,81169.0,243909.0,135775.0,19007.0,10682.0,78445.0,243909.0,1094.0,44327.0,-9437.0,-37090.0,-2200.0,5.240124380974318,19.517063994779072,11.031937391398053,1.19210926871321,4.033653214144866,0.6407881627984208,34890.0,9437.0,6.0,742.39,40.0,88501.0,44327.0,0,0,0,15.5
1181,TATASTEEL,Mar 2022,243959,180469,63490.0,26.0,1300,5462,9101,50227,17.0,41749,33.0,16.0,1436.0,1221.0,113222.0,75561.0,92417.0,282422.0,133288.0,22046.0,13140.0,113948.0,282422.0,1095.0,44381.0,-10905.0,-23401.0,10075.0,17.113121467131773,26.02486483384503,36.48016916718366,0.6602500808262629,11.861955327718784,0.8638101847589778,33476.0,10905.0,33.0,1144.43,16.0,75561.0,44381.0,0,0,0,15.5
1182,TATASTEEL,Mar 2023,243353,211053,32300.0,13.0,1569,6299,9335,18235,56.0,8075,7.0,50.0,1437.0,1221.0,101861.0,84893.0,97421.0,285396.0,146621.0,31213.0,8410.0,99151.0,285396.0,1096.0,21683.0,-18179.0,-6981.0,-3477.0,3.3182249653795104,13.272899861518042,7.833569391358336,0.8235482431462331,5.376885219876171,0.8526853915261602,3504.0,18179.0,7.0,1030.82,50.0,84893.0,21683.0,0,0,0,15.5
1183,TATASTEEL,Mar 2024,229171,206923,22248.0,10.0,-6005,7508,9882,-1147,99.0,-4910,-4.0,-101.0,1438.0,1247.0,90788.0,87082.0,90195.0,269312.0,148814.0,34356.0,6258.0,79885.0,269312.0,1097.0,20301.0,-14253.0,-11097.0,-5049.0,-2.1425049417247384,9.70803461170916,-5.334926929972293,0.9461835171402184,2.1634256792754396,0.8509498277091255,6048.0,14253.0,-4.0,920.35,-101.0,87082.0,20301.0,-1.76,0,0,15.5
1185,TCS,Mar 2013,62989,44950,18040.0,29.0,1178,48,1080,18090,22.0,14076,36.0,31.0,1414.0,196.0,38350.0,332.0,13054.0,51932.0,9828.0,1895.0,1897.0,38312.0,51932.0,1098.0,11615.0,-6038.0,-5729.0,-152.0,22.346758957913288,28.639921256092332,36.51740777253152,0.008613085663882115,400.375,1.2129130401294,5577.0,6038.0,36.0,385.46,31.0,332.0,11615.0,0,0,0,70.0
1186,TCS,Mar 2014,81809,56657,25153.0,31.0,1637,39,1349,25402,24.0,19332,49.0,33.0,1415.0,196.0,48999.0,297.0,17337.0,66829.0,9544.0,3168.0,3434.0,50682.0,66829.0,1099.0,14751.0,-9452.0,-5673.0,-374.0,23.630651884267014,30.746005940666677,39.29667649151337,0.006037198902327472,686.9230769230769,1.224154184560595,5299.0,9452.0,49.0,491.95,33.0,297.0,14751.0,0,0,0,70.0
1187,TCS,Mar 2015,94648,70167,24482.0,26.0,3720,104,1799,26298,24.0,20060,51.0,78.0,1416.0,196.0,50439.0,358.0,22325.0,73318.0,11638.0,2766.0,1662.0,57252.0,73318.0,1100.0,19369.0,-1807.0,-17168.0,394.0,21.194320006761895,25.866368016228552,39.616865804285574,0.007070208353905401,271.1730769230769,1.2909244660247143,17562.0,1807.0,51.0,506.35,78.0,358.0,19369.0,0,0,0,70.0
1188,TCS,Mar 2016,108646,77969,30677.0,28.0,3084,33,1888,31840,24.0,24338,62.0,35.0,1417.0,197.0,70875.0,245.0,16974.0,88291.0,11774.0,1670.0,22822.0,52025.0,88291.0,1101.0,19109.0,-5010.0,-9666.0,4433.0,22.401192864900686,28.2357380851573,34.2441467807294,0.0034472084646555608,1023.060606060606,1.23054444960415,14099.0,5010.0,62.0,710.72,35.0,245.0,19109.0,0,0,0,70.0
1189,TCS,Mar 2017,117966,85655,32311.0,27.0,4221,32,1987,34513,24.0,26357,67.0,35.0,1418.0,197.0,86017.0,289.0,15830.0,102333.0,11701.0,1541.0,41980.0,47111.0,102333.0,1102.0,25223.0,-16895.0,-11026.0,-2698.0,22.342878456504415,27.390095451231712,30.571600900085834,0.003352123785000116,1141.625,1.152765969921726,8328.0,16895.0,67.0,862.14,35.0,289.0,25223.0,0,0,0,70.0
1190,TCS,Mar 2018,123104,90588,32516.0,26.0,3642,52,2014,34092,24.0,25880,67.0,37.0,1419.0,191.0,84937.0,247.0,19751.0,105126.0,11973.0,1278.0,36008.0,55867.0,105126.0,1103.0,25067.0,3104.0,-26885.0,1286.0,21.02287496750715,26.41343904341045,30.401278075368854,0.002901513015694014,695.3461538461538,1.1710138310218214,28171.0,3104.0,67.0,851.28,37.0,247.0,25067.0,0,0,0,70.0
1191,TCS,Mar 2019,146463,106957,39506.0,27.0,4311,198,2056,41563,24.0,31562,84.0,36.0,1420.0,375.0,89071.0,62.0,24393.0,113901.0,12290.0,963.0,29330.0,71318.0,113901.0,1104.0,28593.0,1645.0,-27897.0,2341.0,21.549469831971216,26.973365286795982,35.28609440332715,0.000693155646982537,221.2979797979798,1.2858798430215714,30238.0,1645.0,84.0,894.46,36.0,62.0,28593.0,0,0,0,70.0
1192,TCS,Mar 2020,156949,114840,42109.0,27.0,4592,924,3529,42248,23.0,32447,86.0,85.0,1421.0,375.0,83751.0,8174.0,27827.0,120127.0,20928.0,906.0,26356.0,71937.0,120127.0,1105.0,32369.0,8968.0,-39915.0,1422.0,20.673594607165384,26.829734499741953,38.56952666238737,0.09716377814231035,50.54220779220779,1.3065255937466183,41337.0,8968.0,86.0,841.26,85.0,8174.0,32369.0,0,0,0,70.0
1193,TCS,Mar 2021,164177,117631,46546.0,28.0,1916,637,4065,43760,26.0,32562,88.0,43.0,1422.0,370.0,86063.0,7795.0,35764.0,129992.0,21021.0,926.0,29373.0,78672.0,129992.0,1106.0,38802.0,-7956.0,-32634.0,-1788.0,19.833472410873632,28.351108864213625,37.67311096456215,0.09018546157139055,76.0784929356358,1.2629777217059512,30846.0,7956.0,88.0,864.33,43.0,7795.0,38802.0,0,0,0,70.0
1194,TCS,Mar 2022,191754,138697,53057.0,28.0,4018,784,4604,51687,26.0,38449,105.0,41.0,1423.0,366.0,88773.0,7818.0,43967.0,140924.0,21298.0,1205.0,30485.0,87936.0,140924.0,1107.0,39949.0,-738.0,-33581.0,5630.0,20.051211448001087,27.669305464292794,43.13375739014349,0.08770571803587655,72.79974489795919,1.3606908688371038,39211.0,738.0,105.0,891.39,41.0,7818.0,39949.0,0,0,0,70.0
1195,TCS,Mar 2023,225458,166199,59259.0,26.0,3449,779,5022,56907,26.0,42303,115.0,100.0,1424.0,366.0,90058.0,7688.0,44747.0,142859.0,20515.0,1234.0,37163.0,83947.0,142859.0,1108.0,41965.0,548.0,-47878.0,-5365.0,18.763139919630266,26.283831134845514,46.7829337344068,0.08502167566132886,80.49807445442876,1.5781854835887132,42513.0,548.0,115.0,904.24,100.0,7688.0,41965.0,0,0,0,70.0
1196,TCS,Mar 2024,240893,176597,64296.0,27.0,3464,778,4985,61997,26.0,46099,127.0,58.0,1425.0,362.0,90127.0,8021.0,46962.0,145472.0,19604.0,1564.0,31762.0,92542.0,145472.0,1109.0,44338.0,6091.0,-48536.0,1893.0,19.136712150207767,26.690688396923118,50.944313673485176,0.0886406082507266,87.09511568123393,1.6559406621205455,50429.0,6091.0,127.0,904.89,58.0,8021.0,44338.0,14.34,12.95,13.23,70.0
1198,TECHM,Mar 2013,6873,5451,1422.0,21.0,-141,103,200,978,24.0,1307,25.0,5.0,1388.0,128.0,5298.0,1380.0,2178.0,8984.0,1245.0,34.0,4099.0,3607.0,8984.0,1110.0,855.0,-622.0,65.0,298.0,19.01644114651535,20.689655172413794,24.087725764835973,0.25433099889421307,12.436893203883495,0.765026714158504,233.0,622.0,25.0,54.26,5.0,1380.0,855.0,0,0,0,52.6
1199,TECHM,Mar 2014,18802,14630,4172.0,22.0,244,80,522,3815,20.0,3062,32.0,15.0,1389.0,234.0,8948.0,363.0,6394.0,15940.0,2594.0,266.0,1472.0,11607.0,15940.0,1111.0,1596.0,291.0,-972.0,915.0,16.28550154238911,22.189128816083397,33.34785449793073,0.03953387061642344,55.2,1.1795483061480552,1887.0,291.0,32.0,91.82,15.0,363.0,1596.0,0,0,0,52.6
1200,TECHM,Mar 2015,22621,18428,4193.0,19.0,106,69,611,3618,27.0,2659,27.0,22.0,1390.0,480.0,11768.0,700.0,6899.0,19848.0,4033.0,568.0,2103.0,13145.0,19848.0,1112.0,2448.0,-1865.0,-829.0,-246.0,11.754564342867248,18.535873745634586,21.70966688438929,0.057152188112344876,62.30434782608695,1.1397118097541314,583.0,1865.0,27.0,122.48,22.0,700.0,2448.0,0,0,0,52.6
1201,TECHM,Mar 2016,26494,22234,4260.0,16.0,453,97,759,3857,22.0,3027,31.0,35.0,1391.0,436.0,14155.0,1091.0,6843.0,22525.0,4309.0,629.0,1297.0,16289.0,22525.0,1113.0,3137.0,-1453.0,-496.0,1188.0,11.425228353589493,16.0791122518306,20.745665136042764,0.07477211979987664,48.58762886597938,1.176204217536071,1684.0,1453.0,31.0,145.91,35.0,1091.0,3137.0,0,0,0,52.6
1202,TECHM,Mar 2017,29141,24956,4184.0,14.0,775,129,978,3853,26.0,2851,29.0,28.0,1392.0,439.0,15998.0,1366.0,8254.0,26057.0,6460.0,373.0,2396.0,16828.0,26057.0,1114.0,4071.0,-2893.0,-1571.0,-392.0,9.783466593459387,14.357777701520194,17.34501429701284,0.08310518951146803,38.44186046511628,1.1183559120389914,1178.0,2893.0,29.0,164.37,28.0,1366.0,4071.0,0,0,0,52.6
1203,TECHM,Mar 2018,30773,26063,4710.0,15.0,1417,162,1085,4879,22.0,3786,39.0,33.0,1393.0,442.0,18401.0,2397.0,9192.0,30431.0,7622.0,240.0,4841.0,17728.0,30431.0,1115.0,3554.0,-3319.0,-269.0,-35.0,12.302992883371786,15.305625060930037,20.092341983760548,0.12720904314599585,37.82098765432099,1.0112385396470704,235.0,3319.0,39.0,188.43,33.0,2397.0,3554.0,0,0,0,52.6
1204,TECHM,Mar 2019,34742,28471,6271.0,18.0,534,133,1129,5543,23.0,4289,44.0,29.0,1394.0,444.0,19841.0,1996.0,11166.0,33446.0,7061.0,276.0,7342.0,18766.0,33446.0,1116.0,4432.0,-2104.0,-2251.0,77.0,12.345288123884636,18.050198606873526,21.143702243036728,0.09839783090953907,51.16541353383459,1.0387490282843987,2328.0,2104.0,44.0,202.85,29.0,1996.0,4432.0,0,0,0,52.6
1205,TECHM,Mar 2020,36868,31365,5503.0,15.0,1192,192,1446,5058,23.0,3897,42.0,32.0,1395.0,436.0,21377.0,3670.0,11834.0,37318.0,8872.0,50.0,5848.0,22548.0,37318.0,1117.0,4358.0,1081.0,-4466.0,974.0,10.570142128675274,14.926223283063903,17.865493054600467,0.16824829230275523,34.869791666666664,0.9879414759633421,5439.0,1081.0,42.0,218.13,32.0,3670.0,4358.0,0,0,0,52.6
1206,TECHM,Mar 2021,37855,31059,6796.0,18.0,788,174,1458,5953,27.0,4353,46.0,89.0,1396.0,437.0,24428.0,2901.0,11836.0,39602.0,9018.0,118.0,10238.0,20228.0,39602.0,1118.0,8094.0,-5433.0,-2987.0,-326.0,11.499141460837405,17.952714304583278,17.506535290569072,0.11667001809772773,43.58620689655172,0.9558860663602848,2661.0,5433.0,46.0,248.65,89.0,2901.0,8094.0,0,0,0,52.6
1207,TECHM,Mar 2022,44646,36626,8020.0,18.0,1115,163,1520,7452,24.0,5630,57.0,47.0,1397.0,439.0,26447.0,2618.0,14911.0,44416.0,14784.0,165.0,4884.0,24583.0,44416.0,1119.0,5285.0,480.0,-4667.0,1098.0,12.610312234018725,17.963535367110158,20.940266309603512,0.09737409804359146,56.04294478527607,1.0051783141210375,5765.0,480.0,57.0,268.86,47.0,2618.0,5285.0,0,0,0,52.6
1208,TECHM,Mar 2023,53290,45527,7763.0,15.0,965,326,1957,6446,25.0,4857,50.0,91.0,1398.0,440.0,27484.0,2740.0,15162.0,45827.0,14932.0,120.0,3388.0,27388.0,45827.0,1120.0,5572.0,-226.0,-5078.0,267.0,9.11428035278664,14.567461062112965,17.3936398796734,0.09812347801174617,26.773006134969325,1.162851594038449,5346.0,226.0,50.0,279.24,91.0,2740.0,5572.0,0,0,0,52.6
1209,TECHM,Mar 2024,51996,47489,4506.0,9.0,927,392,1817,3224,26.0,2397,24.0,150.0,1399.0,441.0,26228.0,2537.0,13943.0,43149.0,13903.0,133.0,3238.0,25875.0,43149.0,1121.0,6376.0,-1318.0,-4767.0,291.0,4.60996999769213,8.666051234710363,8.987963553189097,0.09512917619708275,13.85969387755102,1.2050337203643189,5058.0,1318.0,24.0,266.69,150.0,2537.0,6376.0,34.96,23.7,9.3,52.6
1211,TITAN,Mar 2013,10123,9109,1014.0,10.0,99,51,56,1006,28.0,725,8.0,26.0,1375.0,89.0,1881.0,0.0,3914.0,5884.0,464.0,42.0,3.0,5375.0,5884.0,1122.0,553.0,-142.0,-236.0,176.0,7.161908525140769,10.01679344067964,36.80203045685279,0.0,21.823529411764707,1.720428280081577,411.0,142.0,8.0,19.7,26.0,0.0,553.0,0,0,0,52.2
1212,TITAN,Mar 2014,10927,9880,1047.0,10.0,117,87,68,1010,27.0,735,8.0,25.0,1376.0,89.0,2434.0,807.0,2781.0,6111.0,614.0,33.0,3.0,5461.0,6111.0,1123.0,-555.0,-271.0,497.0,-329.0,6.726457399103139,9.581769927702021,29.131985731272298,0.31985731272294887,13.379310344827585,1.7880870561282933,-826.0,271.0,8.0,25.23,25.0,807.0,-555.0,0,0,0,52.2
1213,TITAN,Mar 2015,11913,10761,1153.0,10.0,67,81,90,1049,22.0,816,9.0,25.0,1377.0,89.0,2995.0,100.0,2684.0,5868.0,699.0,55.0,3.0,5111.0,5868.0,1124.0,503.0,-118.0,-1005.0,-620.0,6.849660035255603,9.678502476286411,26.459143968871597,0.0324254215304799,15.061728395061728,2.030163599182004,385.0,118.0,9.0,30.84,25.0,100.0,503.0,0,0,0,52.2
1214,TITAN,Mar 2016,11276,10337,939.0,8.0,69,42,98,868,22.0,675,8.0,29.0,1378.0,89.0,3418.0,113.0,2723.0,6342.0,771.0,107.0,30.0,5434.0,6342.0,1125.0,576.0,-159.0,-505.0,-88.0,5.9861653068464,8.32742107130188,19.24721984602224,0.03222127174222983,24.0,1.7779880163986124,417.0,159.0,8.0,35.07,29.0,113.0,576.0,0,0,0,52.2
1215,TITAN,Mar 2017,13261,12097,1164.0,9.0,-42,38,111,973,28.0,697,8.0,32.0,1379.0,89.0,4144.0,1882.0,2293.0,8408.0,1189.0,152.0,431.0,6636.0,8408.0,1126.0,1712.0,-953.0,-166.0,594.0,5.256013875273358,8.777618580800844,16.46586345381526,0.44460193716040636,29.526315789473685,1.5771883920076117,759.0,953.0,8.0,42.33,32.0,1882.0,1712.0,0,0,0,52.2
1216,TITAN,Mar 2018,16120,14476,1644.0,10.0,70,53,131,1530,28.0,1102,13.0,29.0,1380.0,89.0,5001.0,1691.0,2740.0,9521.0,1474.0,43.0,36.0,7968.0,9521.0,1127.0,-51.0,98.0,-252.0,-206.0,6.836228287841191,10.198511166253102,21.650294695481335,0.33222003929273086,32.339622641509436,1.6930994643419808,47.0,98.0,13.0,50.9,29.0,1691.0,-51.0,0,0,0,52.2
1217,TITAN,Mar 2019,19779,17785,1994.0,10.0,178,53,163,1957,29.0,1389,16.0,32.0,1381.0,89.0,5981.0,2393.0,3247.0,11710.0,1567.0,32.0,108.0,10003.0,11710.0,1128.0,1243.0,-797.0,-489.0,-43.0,7.022599726983164,10.081399464078062,22.8830313014827,0.3942339373970346,40.9811320754717,1.689069171648164,446.0,797.0,16.0,60.7,32.0,2393.0,1243.0,0,0,0,52.2
1218,TITAN,Mar 2020,21052,18589,2463.0,12.0,153,166,348,2102,29.0,1493,17.0,24.0,1382.0,89.0,6580.0,3562.0,3313.0,13544.0,2633.0,18.0,158.0,10735.0,13544.0,1129.0,-348.0,235.0,-242.0,-355.0,7.091962758882767,11.69960098802964,22.38716449242765,0.5341130604288499,15.759036144578314,1.554341405788541,-113.0,235.0,17.0,66.69,24.0,3562.0,-348.0,0,0,0,52.2
1219,TITAN,Mar 2021,21644,19919,1725.0,8.0,180,203,375,1327,27.0,974,11.0,37.0,1383.0,89.0,7408.0,5638.0,3309.0,16444.0,2523.0,32.0,2824.0,11065.0,16444.0,1130.0,4139.0,-2799.0,-1234.0,106.0,4.500092404361486,7.969876178155609,12.99186341203148,0.7520341469921302,9.38423645320197,1.3162247628314279,1340.0,2799.0,11.0,74.97,37.0,5638.0,4139.0,0,0,0,52.2
1220,TITAN,Mar 2022,28799,25455,3344.0,12.0,177,218,399,2904,24.0,2198,24.0,31.0,1384.0,89.0,9214.0,7275.0,4610.0,21188.0,2544.0,85.0,294.0,18265.0,21188.0,1131.0,-724.0,1165.0,-403.0,38.0,7.632209451717073,11.611514288690579,23.6267870579383,0.782005804579168,16.15137614678899,1.3592127619407213,441.0,1165.0,24.0,93.03,31.0,7275.0,-724.0,0,0,0,52.2
1221,TITAN,Mar 2023,40575,35693,4882.0,12.0,306,300,441,4447,26.0,3274,37.0,27.0,1385.0,89.0,11762.0,9367.0,5802.0,27020.0,2998.0,144.0,2515.0,21363.0,27020.0,1132.0,1370.0,-1814.0,457.0,13.0,8.069008009858287,12.03203943314849,27.626360644671337,0.7903974348156274,17.293333333333333,1.5016654330125834,-444.0,1814.0,37.0,118.51,27.0,9367.0,1370.0,0,0,0,52.2
1222,TITAN,Mar 2024,51084,45792,5292.0,10.0,534,619,584,4623,24.0,3496,39.0,28.0,1386.0,89.0,9304.0,15528.0,6626.0,31547.0,3709.0,97.0,2345.0,25396.0,31547.0,1133.0,1695.0,-189.0,-1329.0,177.0,6.843630099444054,10.359408033826638,37.2192057915469,1.653145959757266,9.411954765751211,1.619298190002219,1506.0,189.0,39.0,93.93,28.0,15528.0,1695.0,9.75,8.73,10.2,52.2
1224,TORNTPHARM,Mar 2013,3203,2506,697.0,22.0,1,34,83,582,25.0,435,13.0,45.0,1362.0,42.0,1380.0,693.0,1638.0,3753.0,820.0,285.0,60.0,2587.0,3753.0,1134.0,153.0,-247.0,20.0,-73.0,13.581017795816422,21.76084920387137,30.590717299578056,0.4873417721518987,20.529411764705884,0.8534505728750333,-94.0,247.0,13.0,14.22,45.0,693.0,153.0,0,0,0,62.89999999999999
1225,TORNTPHARM,Mar 2014,4172,3216,955.0,23.0,34,59,87,844,21.0,664,20.0,25.0,1363.0,85.0,1818.0,1132.0,1988.0,5022.0,875.0,534.0,186.0,3427.0,5022.0,1135.0,599.0,-418.0,86.0,268.0,15.915627996164908,22.890699904122723,34.8922753547031,0.5948502364687336,16.76271186440678,0.8307447232178415,181.0,418.0,20.0,19.03,25.0,1132.0,599.0,0,0,0,62.89999999999999
1226,TORNTPHARM,Mar 2015,4636,3616,1020.0,22.0,286,175,191,940,20.0,751,22.0,25.0,1364.0,85.0,2406.0,2740.0,2589.0,7820.0,2833.0,678.0,298.0,4011.0,7820.0,1136.0,810.0,-2113.0,1212.0,-90.0,16.199309749784298,22.001725625539258,30.148534725010034,1.099959855479727,7.462857142857143,0.5928388746803069,-1303.0,2113.0,22.0,24.91,25.0,2740.0,810.0,0,0,0,62.89999999999999
1227,TORNTPHARM,Mar 2016,6687,3954,2733.0,41.0,32,184,238,2343,26.0,1733,51.0,34.0,1365.0,85.0,3409.0,2352.0,3040.0,8886.0,2859.0,1042.0,780.0,4206.0,8886.0,1137.0,2742.0,-869.0,-1435.0,437.0,25.915956333183786,40.87034544638852,49.59931310818546,0.6731539782484258,15.027173913043478,0.7525320729237002,1873.0,869.0,51.0,34.94,34.0,2352.0,2742.0,0,0,0,62.89999999999999
1228,TORNTPHARM,Mar 2017,5816,4438,1377.0,24.0,223,206,307,1088,14.0,934,28.0,25.0,1366.0,85.0,4266.0,2510.0,2740.0,9601.0,3688.0,519.0,804.0,4589.0,9601.0,1138.0,1009.0,-798.0,-193.0,18.0,16.059147180192575,23.676066024759283,21.466329579407034,0.5768788784187543,7.766990291262136,0.6057702322674722,211.0,798.0,28.0,43.51,25.0,2510.0,1009.0,0,0,0,62.89999999999999
1229,TORNTPHARM,Mar 2018,5950,4601,1349.0,23.0,299,308,409,931,27.0,678,20.0,35.0,1367.0,85.0,4538.0,6462.0,3159.0,14243.0,7855.0,647.0,492.0,5249.0,14243.0,1139.0,894.0,-4677.0,3417.0,-366.0,11.394957983193276,22.672268907563026,14.665801427644388,1.3977936404931863,5.35064935064935,0.4177490697184582,-3783.0,4677.0,20.0,46.23,35.0,6462.0,894.0,0,0,0,62.89999999999999
1230,TORNTPHARM,Mar 2019,7673,5690,1983.0,26.0,-300,504,618,562,22.0,436,13.0,66.0,1368.0,85.0,4640.0,6038.0,3351.0,14113.0,7748.0,617.0,353.0,5395.0,14113.0,1140.0,1798.0,-246.0,-1314.0,238.0,5.682262478821843,25.843868108953473,9.227513227513228,1.2778835978835978,3.3392857142857144,0.5436831290299724,1552.0,246.0,13.0,47.25,66.0,6038.0,1798.0,0,0,0,62.89999999999999
1231,TORNTPHARM,Mar 2020,7939,5769,2170.0,27.0,121,451,654,1187,14.0,1025,30.0,53.0,1369.0,85.0,4739.0,5784.0,3402.0,14010.0,7533.0,712.0,2.0,5763.0,14010.0,1141.0,1393.0,229.0,-1549.0,73.0,12.910945962967629,27.333417306965615,21.24792703150912,1.199004975124378,5.0798226164079825,0.5666666666666667,1622.0,229.0,30.0,48.24,53.0,5784.0,1393.0,0,0,0,62.89999999999999
1232,TORNTPHARM,Mar 2021,8005,5524,2480.0,31.0,57,353,658,1526,18.0,1252,37.0,47.0,1370.0,85.0,5753.0,4874.0,3363.0,14075.0,7065.0,889.0,181.0,5940.0,14075.0,1142.0,2005.0,-444.0,-1651.0,-89.0,15.640224859462837,30.98063710181137,21.44570058239123,0.8348749571771155,7.186968838526912,0.5687388987566607,1561.0,444.0,37.0,58.38,47.0,4874.0,2005.0,0,0,0,62.89999999999999
1233,TORNTPHARM,Mar 2022,8508,6077,2431.0,29.0,-288,255,662,1226,37.0,777,23.0,105.0,1371.0,85.0,5868.0,4070.0,2884.0,12906.0,6423.0,630.0,226.0,5628.0,12906.0,1143.0,1803.0,-196.0,-1781.0,-174.0,9.132581100141044,28.573107663375648,13.052242566773057,0.6836888963547791,8.403921568627451,0.6592282659228266,1607.0,196.0,23.0,59.53,105.0,4070.0,1803.0,0,0,0,62.89999999999999
1234,TORNTPHARM,Mar 2023,9620,6778,2842.0,30.0,45,333,707,1847,33.0,1245,37.0,60.0,1372.0,169.0,6029.0,5369.0,3043.0,14610.0,8121.0,765.0,199.0,5524.0,14610.0,1144.0,2368.0,-2335.0,77.0,110.0,12.941787941787942,29.54261954261954,20.087124878993222,0.8662471765085511,8.66966966966967,0.6584531143052703,33.0,2335.0,37.0,61.98,60.0,5369.0,2368.0,0,0,0,62.89999999999999
1235,TORNTPHARM,Mar 2024,10728,7360,3368.0,31.0,146,354,808,2352,30.0,1656,49.0,57.0,1373.0,169.0,6687.0,4022.0,3627.0,14505.0,8138.0,361.0,173.0,5834.0,14505.0,1145.0,3266.0,-160.0,-2780.0,327.0,15.436241610738255,31.3944817300522,24.154025670945156,0.5866394399066511,9.926553672316384,0.7396070320579111,3106.0,160.0,49.0,68.56,57.0,4022.0,3266.0,13.19,9.28,9.0,62.89999999999999
1237,TRENT,Mar 2013,2132,2128,5.0,0.0,58,29,45,-10,99.0,-27,-1.0,-87.0,1349.0,33.0,1198.0,343.0,635.0,2209.0,843.0,106.0,317.0,943.0,2209.0,1146.0,31.0,-276.0,147.0,-97.0,-1.2664165103189493,0.23452157598499063,-2.1933387489845653,0.2786352558895207,2.1724137931034484,0.965142598460842,-245.0,276.0,-1.0,12.31,-87.0,343.0,31.0,0,0,0,36.900000000000006
1238,TRENT,Mar 2014,2333,2343,-10.0,0.0,91,26,54,1,99.0,-19,-1.0,-125.0,1350.0,33.0,958.0,332.0,614.0,1936.0,720.0,138.0,300.0,778.0,1936.0,1147.0,-46.0,-48.0,-50.0,-145.0,-0.8144020574367767,-0.42863266180882986,-1.917255297679112,0.3350151362260343,3.1153846153846154,1.2050619834710743,-94.0,48.0,-1.0,9.91,-125.0,332.0,-46.0,0,0,0,36.900000000000006
1239,TRENT,Mar 2015,2284,2196,88.0,4.0,208,22,75,200,35.0,129,4.0,26.0,1351.0,33.0,1389.0,267.0,518.0,2207.0,668.0,92.0,740.0,706.0,2207.0,1148.0,-10.0,-306.0,310.0,-6.0,5.64798598949212,3.852889667250438,9.071729957805907,0.1877637130801688,13.454545454545455,1.0348889895786135,-316.0,306.0,4.0,14.22,26.0,267.0,-10.0,0,0,0,36.900000000000006
1240,TRENT,Mar 2016,1686,1596,90.0,5.0,86,48,39,90,39.0,55,2.0,54.0,1352.0,33.0,1431.0,400.0,292.0,2157.0,477.0,55.0,1067.0,558.0,2157.0,1149.0,109.0,-98.0,-13.0,-2.0,3.262158956109134,5.338078291814947,3.7568306010928962,0.273224043715847,3.6666666666666665,0.7816411682892906,11.0,98.0,2.0,14.64,54.0,400.0,109.0,0,0,0,36.900000000000006
1241,TRENT,Mar 2017,1812,1679,134.0,7.0,81,46,41,128,34.0,85,3.0,39.0,1353.0,33.0,1514.0,392.0,283.0,2222.0,549.0,5.0,1080.0,588.0,2222.0,1150.0,102.0,-44.0,-51.0,7.0,4.690949227373068,7.39514348785872,5.4945054945054945,0.25339366515837103,4.673913043478261,0.8154815481548154,58.0,44.0,3.0,15.47,39.0,392.0,102.0,0,0,0,36.900000000000006
1242,TRENT,Mar 2018,2157,1949,208.0,10.0,27,44,46,147,41.0,87,3.0,44.0,1354.0,33.0,1562.0,391.0,349.0,2336.0,613.0,10.0,1023.0,691.0,2336.0,1151.0,77.0,-4.0,-74.0,-1.0,4.033379694019471,9.643022716736208,5.454545454545454,0.245141065830721,5.340909090909091,0.9233732876712328,73.0,4.0,3.0,15.95,44.0,391.0,77.0,0,0,0,36.900000000000006
1243,TRENT,Mar 2019,2630,2390,241.0,9.0,30,51,52,165,44.0,95,3.0,45.0,1355.0,33.0,1613.0,494.0,418.0,2559.0,662.0,87.0,883.0,927.0,2559.0,1152.0,21.0,-37.0,37.0,21.0,3.6121673003802277,9.163498098859316,5.771567436208992,0.3001215066828676,5.313725490196078,1.0277452129738178,-16.0,37.0,3.0,16.46,45.0,494.0,21.0,0,0,0,36.900000000000006
1244,TRENT,Mar 2020,3486,2957,529.0,15.0,147,263,247,165,36.0,106,3.0,29.0,1356.0,36.0,2352.0,300.0,2819.0,5507.0,2738.0,23.0,1515.0,1230.0,5507.0,1153.0,361.0,-809.0,452.0,5.0,3.040734366035571,15.174985656913368,4.438860971524288,0.12562814070351758,2.570342205323194,0.633012529507899,-448.0,809.0,3.0,23.88,29.0,300.0,361.0,0,0,0,36.900000000000006
1245,TRENT,Mar 2021,2593,2479,114.0,4.0,199,261,257,-205,-12.0,-181,-4.0,-15.0,1357.0,36.0,2277.0,300.0,3111.0,5724.0,3054.0,108.0,1487.0,1075.0,5724.0,1154.0,285.0,18.0,-283.0,20.0,-6.980331662167373,4.3964519861164675,-7.825335062689148,0.1297016861219196,1.1992337164750957,0.453004891684137,303.0,18.0,-4.0,23.13,-15.0,300.0,285.0,0,0,0,36.900000000000006
1246,TRENT,Mar 2022,4498,3903,595.0,13.0,152,325,311,111,69.0,35,3.0,57.0,1358.0,36.0,2328.0,4725.0,637.0,7726.0,4687.0,105.0,1284.0,1651.0,7726.0,1155.0,58.0,56.0,-108.0,6.0,0.7781236104935527,13.228101378390395,1.4805414551607445,1.998730964467005,2.2984615384615386,0.582190007765985,114.0,56.0,3.0,23.64,57.0,4725.0,58.0,0,0,0,36.900000000000006
1247,TRENT,Mar 2023,8242,7128,1114.0,14.0,341,409,494,552,29.0,394,13.0,18.0,1359.0,36.0,2560.0,4464.0,1022.0,8082.0,4527.0,102.0,1110.0,2343.0,8082.0,1156.0,595.0,-103.0,-491.0,1.0,4.780393108468818,13.516136859985439,15.177195685670261,1.7195685670261942,3.5574572127139366,1.0197970799307101,492.0,103.0,13.0,25.96,18.0,4464.0,595.0,0,0,0,36.900000000000006
1248,TRENT,Mar 2024,12375,10404,1971.0,16.0,989,368,671,1921,23.0,1477,42.0,8.0,1360.0,36.0,4032.0,1753.0,1341.0,7162.0,2450.0,224.0,1416.0,3072.0,7162.0,1157.0,1349.0,-508.0,-629.0,211.0,11.935353535353535,15.927272727272726,36.30776794493609,0.4309242871189774,8.043478260869565,1.7278693102485339,841.0,508.0,42.0,40.68,8.0,1753.0,1349.0,0.23,0,0,36.900000000000006
1250,TVSMOTOR,Mar 2013,7510,7072,438.0,6.0,130,103,176,290,32.0,198,4.0,30.0,1336.0,48.0,851.0,1068.0,1415.0,3381.0,1593.0,36.0,348.0,1404.0,3381.0,1158.0,464.0,-120.0,-402.0,-58.0,2.6364846870838883,5.832223701731025,22.024471635150167,1.1879866518353726,5.514563106796117,2.2212363206152026,344.0,120.0,4.0,8.99,30.0,1068.0,464.0,0,0,0,70.39999999999999
1251,TVSMOTOR,Mar 2014,8384,7892,492.0,6.0,44,80,149,307,39.0,187,4.0,37.0,1337.0,48.0,1113.0,728.0,1743.0,3632.0,1517.0,48.0,439.0,1628.0,3632.0,1159.0,470.0,-235.0,-216.0,19.0,2.23043893129771,5.868320610687023,16.1068044788975,0.6270456503014643,6.7,2.3083700440528636,235.0,235.0,4.0,11.61,37.0,728.0,470.0,0,0,0,70.39999999999999
1252,TVSMOTOR,Mar 2015,10256,9650,605.0,6.0,80,62,179,444,28.0,328,7.0,28.0,1338.0,48.0,1277.0,1119.0,2126.0,4570.0,1637.0,93.0,539.0,2301.0,4570.0,1160.0,83.0,-415.0,261.0,-71.0,3.1981279251170043,5.898985959438377,24.754716981132074,0.8445283018867924,11.048387096774194,2.2442013129102847,-332.0,415.0,7.0,13.25,28.0,1119.0,83.0,0,0,0,70.39999999999999
1253,TVSMOTOR,Mar 2016,11377,10558,819.0,7.0,93,70,262,580,26.0,429,9.0,28.0,1339.0,48.0,1771.0,1091.0,2236.0,5146.0,2038.0,47.0,943.0,2118.0,5146.0,1161.0,936.0,-605.0,-319.0,12.0,3.7707655796782986,7.198734288476752,23.58438702583837,0.59978009895547,13.028571428571428,2.210843373493976,331.0,605.0,9.0,18.19,28.0,1091.0,936.0,0,0,0,70.39999999999999
1254,TVSMOTOR,Mar 2017,12463,11591,871.0,7.0,163,60,317,658,23.0,509,11.0,23.0,1340.0,48.0,2169.0,1311.0,2601.0,6128.0,2362.0,64.0,1155.0,2547.0,6128.0,1162.0,689.0,-709.0,-59.0,-79.0,4.084088903153334,6.988686512075744,22.95895354082093,0.591339648173207,17.233333333333334,2.033779373368146,-20.0,709.0,11.0,22.17,23.0,1311.0,689.0,0,0,0,70.39999999999999
1255,TVSMOTOR,Mar 2018,16340,14769,1571.0,10.0,71,338,374,931,29.0,665,14.0,24.0,1341.0,48.0,2630.0,6928.0,3586.0,13190.0,3094.0,313.0,421.0,9362.0,13190.0,1163.0,354.0,-1095.0,897.0,156.0,4.069767441860465,9.614443084455324,24.8319641523525,2.5870052277819267,4.8579881656804735,1.238817285822593,-741.0,1095.0,14.0,26.78,24.0,6928.0,354.0,0,0,0,70.39999999999999
1256,TVSMOTOR,Mar 2019,20160,17997,2163.0,11.0,25,663,442,1083,33.0,725,15.0,24.0,1342.0,48.0,3123.0,9298.0,4228.0,16696.0,3367.0,745.0,440.0,12145.0,16696.0,1164.0,-918.0,-1104.0,2210.0,188.0,3.5962301587301586,10.729166666666666,22.863450015767896,2.9321980447808262,3.300150829562594,1.2074748442740777,-2022.0,1104.0,15.0,31.71,24.0,9298.0,-918.0,0,0,0,70.39999999999999
1257,TVSMOTOR,Mar 2020,18849,16585,2264.0,12.0,12,855,556,865,25.0,647,13.0,27.0,1343.0,48.0,3235.0,11591.0,4399.0,19272.0,3811.0,1006.0,371.0,14085.0,19272.0,1165.0,373.0,-1090.0,1619.0,902.0,3.4325428404689906,12.011247281022866,19.70758452634785,3.5306122448979593,2.6619883040935672,0.9780510585305106,-717.0,1090.0,13.0,32.83,27.0,11591.0,373.0,0,0,0,70.39999999999999
1258,TVSMOTOR,Mar 2021,19421,17189,2232.0,11.0,36,881,565,822,26.0,608,13.0,28.0,1344.0,48.0,3779.0,12179.0,5859.0,21865.0,4221.0,1041.0,468.0,16135.0,21865.0,1166.0,1151.0,-882.0,264.0,532.0,3.1306317903300553,11.49271407239586,15.88711784687745,3.182388293702639,2.5743473325766173,0.8882231877429683,269.0,882.0,13.0,38.27,28.0,12179.0,1151.0,0,0,0,70.39999999999999
1259,TVSMOTOR,Mar 2022,24355,21601,2755.0,11.0,-5,940,743,1067,31.0,731,16.0,24.0,1345.0,48.0,4352.0,15827.0,6692.0,26919.0,5975.0,552.0,605.0,19788.0,26919.0,1167.0,-1575.0,-1471.0,2918.0,532.0,3.0014370765756517,11.311845616916443,16.613636363636363,3.5970454545454547,2.925531914893617,0.9047512909097664,-3046.0,1471.0,16.0,44.0,24.0,15827.0,-1575.0,0,0,0,70.39999999999999
1260,TVSMOTOR,Mar 2023,31974,27947,4027.0,13.0,136,1368,859,1936,32.0,1309,28.0,18.0,1346.0,48.0,5457.0,22376.0,7144.0,35025.0,5748.0,743.0,967.0,27566.0,35025.0,1168.0,-4405.0,-1308.0,6118.0,406.0,4.093951335460061,12.594608119096767,23.77838328792007,4.064668483197093,3.04312865497076,0.9128907922912206,-5713.0,1308.0,28.0,55.05,18.0,22376.0,-4405.0,0,0,0,70.39999999999999
1261,TVSMOTOR,Mar 2024,39145,33645,5500.0,14.0,106,1928,975,2703,34.0,1779,36.0,23.0,1347.0,48.0,6736.0,26006.0,9235.0,42024.0,5891.0,1033.0,1123.0,33977.0,42024.0,1169.0,-1253.0,-1001.0,2759.0,505.0,4.544641716694342,14.050325712096054,26.223466981132077,3.833431603773585,2.9076763485477177,0.931491528650295,-2254.0,1001.0,36.0,67.84,23.0,26006.0,-1253.0,16.82,27.42,28.47,70.39999999999999
1263,ULTRACEMCO,Mar 2013,20514,15674,4839.0,24.0,304,252,1023,3867,30.0,2688,98.0,9.0,1323.0,274.0,14955.0,7342.0,7010.0,29582.0,15050.0,3601.0,4709.0,6222.0,29582.0,1170.0,3618.0,-4362.0,715.0,-30.0,13.10324656332261,23.588768645802865,17.650535163175523,0.4821065073215576,20.408730158730158,0.6934622405516868,-744.0,4362.0,98.0,152.29,9.0,7342.0,3618.0,0,0,0,27.0
1264,ULTRACEMCO,Mar 2014,20730,16695,4035.0,19.0,322,361,1139,2858,23.0,2213,80.0,11.0,1324.0,274.0,16908.0,7332.0,7671.0,32185.0,18100.0,2186.0,4862.0,7037.0,32185.0,1171.0,3455.0,-2342.0,-949.0,164.0,10.675349734684032,19.46454413892909,12.879757886159934,0.4267256431148877,12.069252077562327,0.6440888612707784,1113.0,2342.0,80.0,171.82,11.0,7332.0,3455.0,0,0,0,27.0
1265,ULTRACEMCO,Mar 2015,23306,18881,4425.0,19.0,350,587,1203,2986,30.0,2102,76.0,12.0,1325.0,274.0,18767.0,9829.0,9183.0,38053.0,23343.0,2250.0,4500.0,7961.0,38053.0,1172.0,4190.0,-2144.0,-2110.0,-63.0,9.019136702994937,18.986527074573072,11.039336169318839,0.5162018801533533,8.13458262350937,0.6124615667621476,2046.0,2144.0,76.0,190.41,12.0,9829.0,4190.0,0,0,0,27.0
1266,ULTRACEMCO,Mar 2016,25153,20252,4901.0,19.0,464,566,1377,3421,28.0,2480,90.0,11.0,1326.0,274.0,21671.0,10616.0,8631.0,41193.0,25309.0,1469.0,5095.0,9319.0,41193.0,1173.0,4526.0,-3673.0,-844.0,8.0,9.859658887607841,19.484753309744367,11.300979722032354,0.4837548416495785,9.478798586572438,0.6106134537421407,853.0,3673.0,90.0,219.45,11.0,10616.0,4526.0,0,0,0,27.0
1267,ULTRACEMCO,Mar 2017,25375,20162,5212.0,21.0,648,640,1348,3872,30.0,2714,99.0,10.0,1327.0,275.0,24117.0,8474.0,9343.0,42209.0,25904.0,921.0,6691.0,8693.0,42209.0,1174.0,5005.0,-2501.0,-2535.0,-31.0,10.695566502463054,20.53990147783251,11.126598884880288,0.3474089865529682,9.15625,0.6011751048354617,2504.0,2501.0,99.0,243.92,10.0,8474.0,5005.0,0,0,0,27.0
1268,ULTRACEMCO,Mar 2018,30979,24834,6145.0,20.0,242,1238,1848,3301,33.0,2224,81.0,13.0,1328.0,275.0,26107.0,19480.0,11280.0,57141.0,39715.0,1511.0,5447.0,10468.0,57141.0,1175.0,3888.0,1866.0,-5735.0,18.0,7.179056780399626,19.836017947641952,8.429990144795694,0.7383822303085437,5.159127625201939,0.542150119878896,5754.0,1866.0,81.0,263.82,13.0,19480.0,3888.0,0,0,0,27.0
1269,ULTRACEMCO,Mar 2019,41462,34115,7347.0,18.0,350,1778,2451,3468,31.0,2400,88.0,13.0,1329.0,275.0,33476.0,25337.0,17438.0,76525.0,56645.0,1153.0,2921.0,15806.0,76525.0,1176.0,5956.0,1165.0,-6757.0,364.0,5.788432781824321,17.719839853359705,7.110900417765399,0.7507036828538414,4.329021372328459,0.5418098660568441,7121.0,1165.0,88.0,337.51,13.0,25337.0,5956.0,0,0,0,27.0
1270,ULTRACEMCO,Mar 2020,42430,33184,9246.0,22.0,651,1992,2723,5183,-11.0,5751,199.0,7.0,1330.0,289.0,38755.0,23019.0,17151.0,79214.0,57151.0,920.0,5929.0,15215.0,79214.0,1177.0,8972.0,-4192.0,-5076.0,-295.0,13.5540890879095,21.791185481970306,14.729535908206126,0.5895656182768159,4.968373493975903,0.5356376398111445,4780.0,4192.0,199.0,390.44,7.0,23019.0,8972.0,0,0,0,27.0
1271,ULTRACEMCO,Mar 2021,44726,33158,11568.0,26.0,619,1486,2700,8001,32.0,5462,189.0,20.0,1331.0,289.0,43886.0,21719.0,20282.0,86176.0,55412.0,1687.0,12178.0,16900.0,86176.0,1178.0,12500.0,-8856.0,-4356.0,-712.0,12.212136117694406,25.86415060591155,12.364459535936616,0.49165817770232034,8.20121130551817,0.5190076123282584,3644.0,8856.0,189.0,441.75,20.0,21719.0,12500.0,0,0,0,27.0
1272,ULTRACEMCO,Mar 2022,52599,41084,11514.0,22.0,669,945,2715,8524,14.0,7334,254.0,15.0,1332.0,289.0,50147.0,11299.0,22077.0,83811.0,55488.0,4785.0,6336.0,17203.0,83811.0,1179.0,9283.0,2257.0,-12498.0,-958.0,13.94323085990228,21.890150002851765,14.54120072963756,0.22402648901578237,12.892063492063492,0.6275906503919533,11540.0,2257.0,254.0,504.36,15.0,11299.0,9283.0,0,0,0,27.0
1273,ULTRACEMCO,Mar 2023,63240,52620,10620.0,17.0,507,823,2888,7416,32.0,5073,175.0,22.0,1333.0,289.0,54036.0,11058.0,25998.0,91380.0,59579.0,4040.0,7297.0,20464.0,91380.0,1180.0,9069.0,-7188.0,-1631.0,250.0,8.021821631878558,16.793168880455408,9.3382420616659,0.20355269213069488,13.520048602673148,0.6920551543007223,1881.0,7188.0,175.0,543.25,22.0,11058.0,9069.0,0,0,0,27.0
1274,ULTRACEMCO,Mar 2024,70908,57940,12969.0,18.0,567,968,3145,9422,26.0,7004,243.0,29.0,1334.0,289.0,59939.0,11403.0,29167.0,100797.0,62878.0,6811.0,8249.0,22859.0,100797.0,1181.0,10898.0,-8789.0,-1926.0,183.0,9.877587860326056,18.28989676764258,11.629142591485687,0.1893305439330544,13.983471074380166,0.7034733176582636,2109.0,8789.0,243.0,602.28,29.0,11403.0,10898.0,8.59,-3.72,-3.74,27.0
1276,UNIONBANK,Mar 2013,25169,7268,325.0,1.0,2868,17575,156,3037,30.0,2146,36.0,22.0,1298.0,597.0,16722.0,287589.0,8003.0,312912.0,2483.0,13.0,81808.0,228608.0,312912.0,1182.0,-4245.0,-343.0,5096.0,507.0,8.52636179427073,1.2912710079860146,12.391015647554708,16.605404469080202,0.18167852062588905,0.0804347548192463,-4588.0,343.0,36.0,173.19,22.0,287589.0,-4245.0,0,0,0,27.900000000000002
1277,UNIONBANK,Mar 2014,29394,8829,-902.0,-3.0,3141,21467,198,2040,18.0,1687,27.0,15.0,1299.0,630.0,18004.0,327078.0,9300.0,355013.0,2621.0,2.0,94636.0,257753.0,355013.0,1183.0,2570.0,-363.0,4902.0,7109.0,5.739266516976254,-3.0686534666938834,9.053343350864013,17.552753032091875,0.10429962267666651,0.082796967998355,2207.0,363.0,27.0,186.34,15.0,327078.0,2570.0,0,0,0,27.900000000000002
1278,UNIONBANK,Mar 2015,32164,9498,-973.0,-3.0,3957,23640,225,2759,36.0,1771,28.0,22.0,1300.0,636.0,19263.0,352618.0,11048.0,383566.0,2690.0,4.0,85818.0,295053.0,383566.0,1184.0,-3567.0,-318.0,3168.0,-718.0,5.506155950752394,-3.025121253575426,8.899944720840242,17.72038795919393,0.12622673434856177,0.08385519050176501,-3885.0,318.0,28.0,198.99,22.0,352618.0,-3567.0,0,0,0,27.900000000000002
1279,UNIONBANK,Mar 2016,32316,10349,-1928.0,-6.0,3934,23894,249,1758,24.0,1347,20.0,10.0,1301.0,687.0,22361.0,374754.0,9562.0,407365.0,3939.0,13.0,90573.0,312840.0,407365.0,1185.0,81.0,-9.0,-2.0,70.0,4.168213887857409,-5.966084911498948,5.844324887191947,16.259718847622352,0.08395413074411986,0.07932934837308066,72.0,9.0,20.0,230.48,10.0,374754.0,81.0,0,0,0,27.900000000000002
1280,UNIONBANK,Mar 2017,32817,13871,-4830.0,-15.0,5430,23771,241,359,-58.0,573,8.0,0.0,1302.0,687.0,23406.0,418420.0,13167.0,455681.0,3896.0,21.0,113441.0,338322.0,455681.0,1186.0,-6624.0,-280.0,10194.0,3289.0,1.7460462565133925,-14.717981533961058,2.3782841489229236,17.366870045241356,0.025240839678599976,0.07201748591668294,-6904.0,280.0,8.0,240.93,0.0,418420.0,-6624.0,0,0,0,27.900000000000002
1281,UNIONBANK,Mar 2018,32952,21181,-11700.0,-36.0,5462,23471,368,-6607,-21.0,-5212,-45.0,0.0,1303.0,1169.0,24083.0,455969.0,9900.0,491120.0,3824.0,34.0,125485.0,361777.0,491120.0,1187.0,6097.0,-315.0,10792.0,16574.0,-15.816945860645786,-35.506190823015295,-20.639949310945667,18.05674798035799,-0.26577478590601167,0.0670956181788565,5782.0,315.0,-45.0,252.52,0.0,455969.0,6097.0,0,0,0,27.900000000000002
1282,UNIONBANK,Mar 2019,34314,19019,-8601.0,-25.0,5042,23896,374,-3933,-25.0,-2922,-17.0,0.0,1304.0,1763.0,25073.0,460780.0,10964.0,498581.0,3743.0,44.0,128391.0,366402.0,498581.0,1188.0,-7778.0,-297.0,1758.0,-6317.0,-8.515474733344991,-25.065570904004197,-10.888358920852587,17.17021910866001,-0.14893706059591563,0.06882332058381688,-8075.0,297.0,-17.0,268.36,0.0,460780.0,-7778.0,0,0,0,27.900000000000002
1283,UNIONBANK,Mar 2020,37479,21166,-9523.0,-25.0,5789,25837,417,-4151,-27.0,-3121,-9.0,0.0,1305.0,3423.0,30567.0,505150.0,16369.0,555509.0,4734.0,54.0,154251.0,396470.0,555509.0,1189.0,-77.0,-4.0,201.0,121.0,-8.327329971450679,-25.408895648229674,-9.182112385995882,14.861724036481318,-0.144521422765801,0.06746785380614896,-81.0,4.0,-9.0,339.9,0.0,505150.0,-77.0,0,0,0,27.900000000000002
1284,UNIONBANK,Mar 2021,69311,36270,-11071.0,-16.0,14307,44112,908,2327,-22.0,2863,4.0,0.0,1306.0,6407.0,58331.0,977576.0,40063.0,1082377.0,7303.0,63.0,339059.0,735952.0,1082377.0,1190.0,20527.0,-601.0,-18861.0,1066.0,4.130657471397036,-15.97293358918498,4.4224412246285025,15.100497389477587,0.07335872324990932,0.06403591354953034,19926.0,601.0,4.0,647.38,0.0,977576.0,20527.0,0,0,0,27.900000000000002
1285,UNIONBANK,Mar 2022,68230,32264,-4213.0,-6.0,13524,40178,745,8566,39.0,5265,8.0,25.0,1307.0,6835.0,64026.0,1085613.0,37292.0,1193766.0,7171.0,37.0,351839.0,834718.0,1193766.0,1191.0,36339.0,-558.0,-786.0,34995.0,7.71654697347208,-6.174703209731789,7.430039090614018,15.32031724079536,0.2317437403554184,0.05715525488244765,35781.0,558.0,8.0,708.61,25.0,1085613.0,36339.0,0,0,0,27.900000000000002
1286,UNIONBANK,Mar 2023,81163,36155,-3024.0,-4.0,15915,48033,745,12147,31.0,8512,12.0,24.0,1308.0,6835.0,71969.0,1163059.0,46495.0,1288357.0,8826.0,22.0,343727.0,935782.0,1288357.0,1192.0,6056.0,-2561.0,-10654.0,-7159.0,10.48753742468859,-3.725835664034104,10.801482158266078,14.758882797827521,0.26837799013178437,0.06299729034731832,3495.0,2561.0,12.0,788.04,24.0,1163059.0,6056.0,0,0,0,27.900000000000002
1287,UNIONBANK,Mar 2024,100376,32422,4590.0,5.0,17813,63364,895,21508,36.0,13797,18.0,20.0,1309.0,7634.0,89964.0,1251568.0,52831.0,1401996.0,9224.0,36.0,343953.0,1048783.0,1401996.0,1193.0,19930.0,-1394.0,-11489.0,7047.0,13.745317605802185,4.572806248505619,14.136560175413432,12.823705403799257,0.35356038128906003,0.07159506874484663,18536.0,1394.0,18.0,975.98,20.0,1251568.0,19930.0,5.54,0,0,27.900000000000002
1289,UNITDSPR,Mar 2013,10378,9287,1091.0,11.0,146,985,178,73,99.0,-105,-2.0,-31.0,0.0,0.0,0.0,0.0,0.0,0.0,0.0,0.0,0.0,0.0,0.0,1194.0,1969.0,-1121.0,-992.0,-145.0,-1.0117556369242628,10.512622856041627,0.0,0.0,1.2558375634517767,0,848.0,1121.0,-2.0,0.0,-31.0,0.0,1969.0,0,0,0,19.5
1290,UNITDSPR,Mar 2014,10508,13876,-3368.0,-32.0,681,1323,203,-4213,7.0,-4489,-62.0,0.0,0.0,0.0,0.0,0.0,0.0,0.0,0.0,0.0,0.0,0.0,0.0,1195.0,-552.0,-252.0,1235.0,431.0,-42.719832508564906,-32.0517700799391,0.0,0.0,-2.0309901738473166,0,-804.0,252.0,-62.0,0.0,0.0,0.0,-552.0,0,0,0,19.5
1291,UNITDSPR,Mar 2015,9254,9619,-366.0,-4.0,-360,687,223,-1635,3.0,-1687,-23.0,0.0,0.0,0.0,0.0,0.0,0.0,0.0,0.0,0.0,0.0,0.0,0.0,1196.0,-196.0,3855.0,-4002.0,-343.0,-18.22995461422088,-3.9550464663929112,0.0,0.0,-1.056768558951965,0,3659.0,3855.0,-23.0,0.0,0.0,0.0,-196.0,0,0,0,19.5
1292,UNITDSPR,Mar 2016,8495,8162,333.0,4.0,648,457,157,366,61.0,143,2.0,0.0,0.0,0.0,0.0,0.0,0.0,0.0,0.0,0.0,0.0,0.0,0.0,1197.0,283.0,733.0,-1155.0,-139.0,1.683343143025309,3.9199529134785167,0.0,0.0,2.1466083150984683,0,1016.0,733.0,2.0,0.0,0.0,0.0,283.0,0,0,0,19.5
1293,UNITDSPR,Mar 2017,8818,7826,991.0,11.0,-265,375,189,163,43.0,93,1.0,0.0,0.0,0.0,0.0,0.0,0.0,0.0,0.0,0.0,0.0,0.0,0.0,1198.0,647.0,-227.0,-475.0,-56.0,1.0546609208437288,11.2383760489907,0.0,0.0,1.936,0,420.0,227.0,1.0,0.0,0.0,0.0,647.0,0,0,0,19.5
1294,UNITDSPR,Mar 2018,8591,7381,1209.0,14.0,172,278,192,912,28.0,652,9.0,0.0,0.0,0.0,0.0,0.0,0.0,0.0,0.0,0.0,0.0,0.0,0.0,1199.0,925.0,104.0,-966.0,63.0,7.58933767896636,14.072866953788848,0.0,0.0,4.967625899280575,0,1029.0,104.0,9.0,0.0,0.0,0.0,925.0,0,0,0,19.5
1295,UNITDSPR,Mar 2019,9341,7947,1394.0,15.0,70,237,215,1012,32.0,684,10.0,0.0,0.0,0.0,0.0,0.0,0.0,0.0,0.0,0.0,0.0,0.0,0.0,1200.0,948.0,-66.0,-808.0,74.0,7.322556471469864,14.923455732790922,0.0,0.0,6.177215189873418,0,882.0,66.0,10.0,0.0,0.0,0.0,948.0,0,0,0,19.5
1296,UNITDSPR,Mar 2020,9325,7756,1569.0,17.0,89,212,285,1160,47.0,621,9.0,0.0,0.0,0.0,0.0,0.0,0.0,0.0,0.0,0.0,0.0,0.0,0.0,1201.0,783.0,-194.0,-740.0,-150.0,6.659517426273459,16.82573726541555,0.0,0.0,7.820754716981132,0,589.0,194.0,9.0,0.0,0.0,0.0,783.0,0,0,0,19.5
1297,UNITDSPR,Mar 2021,8131,7080,1051.0,13.0,-25,188,299,540,33.0,362,5.0,0.0,0.0,0.0,0.0,0.0,0.0,0.0,0.0,0.0,0.0,0.0,0.0,1202.0,1818.0,-99.0,-1707.0,12.0,4.452096913048825,12.925839380150043,0.0,0.0,5.457446808510638,0,1719.0,99.0,5.0,0.0,0.0,0.0,1818.0,0,0,0,19.5
1298,UNITDSPR,Mar 2022,9712,8117,1595.0,16.0,-117,88,304,1087,25.0,811,11.0,0.0,0.0,0.0,0.0,0.0,0.0,0.0,0.0,0.0,0.0,0.0,0.0,1203.0,977.0,-313.0,-688.0,-23.0,8.350494233937397,16.42298187808896,0.0,0.0,16.795454545454547,0,664.0,313.0,11.0,0.0,0.0,0.0,977.0,0,0,0,19.5
1299,UNITDSPR,Mar 2023,10612,9195,1417.0,13.0,249,104,283,1279,12.0,1126,16.0,0.0,0.0,0.0,0.0,0.0,0.0,0.0,0.0,0.0,0.0,0.0,0.0,1204.0,615.0,-55.0,-500.0,60.0,10.610629476064833,13.352808141726346,0.0,0.0,16.01923076923077,0,560.0,55.0,16.0,0.0,0.0,0.0,615.0,0,0,0,19.5
1300,UNITDSPR,Mar 2024,11321,9321,2000.0,18.0,208,76,275,1857,24.0,1408,19.0,46.0,0.0,0.0,0.0,0.0,0.0,0.0,0.0,0.0,0.0,0.0,0.0,1205.0,1118.0,226.0,-407.0,937.0,12.437063863616288,17.66628389718223,0.0,0.0,29.05263157894737,0,1344.0,226.0,19.0,0.0,46.0,0.0,1118.0,-3.71,0,0,19.5
1302,VBL,Dec 2012,1800,1572,228.0,13.0,44,116,136,21,-20.0,25,2.0,0.0,0.0,0.0,0.0,0.0,0.0,0.0,0.0,0.0,0.0,0.0,0.0,1206.0,280.0,-507.0,229.0,3.0,1.3888888888888888,12.666666666666668,0.0,0.0,2.3448275862068964,0,-227.0,507.0,2.0,0.0,0.0,0.0,280.0,0,0,0,47.900000000000006
1303,VBL,Dec 2013,2115,1824,291.0,14.0,19,171,184,-46,-11.0,-40,0.0,0.0,0.0,0.0,0.0,0.0,0.0,0.0,0.0,0.0,0.0,0.0,0.0,1207.0,297.0,-574.0,274.0,-2.0,-1.8912529550827424,13.75886524822695,0.0,0.0,1.8128654970760234,0,-277.0,574.0,0.0,0.0,0.0,0.0,297.0,0,0,0,47.900000000000006
1304,VBL,Dec 2014,2502,2116,387.0,15.0,14,187,210,4,99.0,-20,0.0,0.0,0.0,0.0,0.0,0.0,0.0,0.0,0.0,0.0,0.0,0.0,0.0,1208.0,431.0,-500.0,58.0,-11.0,-0.7993605115907274,15.467625899280577,0.0,0.0,2.144385026737968,0,-69.0,500.0,0.0,0.0,0.0,0.0,431.0,0,0,0,47.900000000000006
1305,VBL,Dec 2015,3394,2752,642.0,19.0,36,170,317,191,41.0,113,1.0,0.0,0.0,0.0,0.0,0.0,0.0,0.0,0.0,0.0,0.0,0.0,0.0,1209.0,555.0,-300.0,-236.0,19.0,3.3294048320565706,18.915733647613436,0.0,0.0,3.988235294117647,0,255.0,300.0,1.0,0.0,0.0,0.0,555.0,0,0,0,47.900000000000006
1306,VBL,Dec 2016,3861,3052,810.0,21.0,27,435,322,79,39.0,48,0.0,0.0,0.0,0.0,0.0,0.0,0.0,0.0,0.0,0.0,0.0,0.0,0.0,1210.0,826.0,-1048.0,230.0,8.0,1.2432012432012431,20.97902097902098,0.0,0.0,1.9241379310344828,0,-222.0,1048.0,0.0,0.0,0.0,0.0,826.0,0,0,0,47.900000000000006
1307,VBL,Dec 2017,4004,3165,838.0,21.0,14,215,347,291,26.0,214,1.0,22.0,0.0,0.0,0.0,0.0,0.0,0.0,0.0,0.0,0.0,0.0,0.0,1211.0,620.0,-746.0,159.0,32.0,5.344655344655345,20.929070929070928,0.0,0.0,3.9627906976744187,0,-126.0,746.0,1.0,0.0,22.0,0.0,620.0,0,0,0,47.900000000000006
1308,VBL,Dec 2018,5105,4069,1036.0,20.0,6,223,385,434,31.0,300,1.0,16.0,0.0,0.0,0.0,0.0,0.0,0.0,0.0,0.0,0.0,0.0,0.0,1212.0,1000.0,-937.0,-84.0,-22.0,5.8765915768854065,20.293829578844267,0.0,0.0,4.672645739910314,0,63.0,937.0,1.0,0.0,16.0,0.0,1000.0,0,0,0,47.900000000000006
1309,VBL,Dec 2019,7130,5667,1462.0,21.0,47,324,489,696,32.0,472,1.0,15.0,0.0,0.0,0.0,0.0,0.0,0.0,0.0,0.0,0.0,0.0,0.0,1213.0,1308.0,-2320.0,1107.0,95.0,6.6199158485273495,20.50490883590463,0.0,0.0,4.657407407407407,0,-1012.0,2320.0,1.0,0.0,15.0,0.0,1308.0,0,0,0,47.900000000000006
1310,VBL,Dec 2020,6450,5235,1215.0,19.0,-30,294,529,363,1.0,357,1.0,22.0,0.0,0.0,0.0,0.0,0.0,0.0,0.0,0.0,0.0,0.0,0.0,1214.0,1012.0,-472.0,-574.0,-33.0,5.534883720930233,18.83720930232558,0.0,0.0,4.030612244897959,0,540.0,472.0,1.0,0.0,22.0,0.0,1012.0,0,0,0,47.900000000000006
1311,VBL,Dec 2021,8823,7129,1694.0,19.0,51,207,531,1007,26.0,746,2.0,16.0,0.0,0.0,0.0,0.0,0.0,0.0,0.0,0.0,0.0,0.0,0.0,1215.0,1231.0,-1008.0,-178.0,46.0,8.455173977105293,19.199818655786014,0.0,0.0,8.429951690821255,0,223.0,1008.0,2.0,0.0,16.0,0.0,1231.0,0,0,0,47.900000000000006
1312,VBL,Dec 2022,13173,10310,2863.0,22.0,-18,204,617,2024,23.0,1550,5.0,15.0,0.0,0.0,0.0,0.0,0.0,0.0,0.0,0.0,0.0,0.0,0.0,1216.0,1790.0,-1769.0,-18.0,4.0,11.766492067106961,21.733849540727245,0.0,0.0,13.946078431372548,0,21.0,1769.0,5.0,0.0,15.0,0.0,1790.0,0,0,0,47.900000000000006
1313,VBL,Dec 2023,16043,12326,3717.0,23.0,-5,292,681,2739,23.0,2102,6.0,16.0,0.0,0.0,0.0,0.0,0.0,0.0,0.0,0.0,0.0,0.0,0.0,1217.0,2391.0,-3288.0,985.0,88.0,13.102287602069437,23.16898335722745,0.0,0.0,12.712328767123287,0,-897.0,3288.0,6.0,0.0,16.0,0.0,2391.0,17.34,53.64,-12.94,47.900000000000006
1315,VEDL,Mar 2013,2749,2283,465.0,17.0,33,475,197,-174,-25.0,2280,26.0,0.0,0.0,0.0,0.0,0.0,0.0,0.0,0.0,0.0,0.0,0.0,0.0,1218.0,22.0,-311.0,238.0,-51.0,82.93925063659513,16.915241906147692,0.0,0.0,1.048421052631579,0,-289.0,311.0,26.0,0.0,0.0,0.0,22.0,0,0,0,58.4
1316,VEDL,Mar 2014,66152,46557,19595.0,30.0,1874,5094,6882,9493,-9.0,11421,21.0,15.0,0.0,0.0,0.0,0.0,0.0,0.0,0.0,0.0,0.0,0.0,0.0,1219.0,15601.0,-2890.0,-5052.0,7659.0,17.2647841335107,29.62117547466441,0.0,0.0,4.214566156262269,0,12711.0,2890.0,21.0,0.0,15.0,0.0,15601.0,0,0,0,58.4
1317,VEDL,Mar 2015,73710,51595,22114.0,30.0,-19222,5659,7159,-9925,15.0,-11369,-53.0,-8.0,0.0,0.0,0.0,0.0,0.0,0.0,0.0,0.0,0.0,0.0,0.0,1220.0,17805.0,-4133.0,-13956.0,-284.0,-15.423958757292091,30.001356668023334,0.0,0.0,0.5110443541261707,0,13672.0,4133.0,-53.0,0.0,-8.0,0.0,17805.0,0,0,0,58.4
1318,VEDL,Mar 2016,64262,82741,-18479.0,-29.0,4290,5778,8572,-28540,-37.0,-17862,-41.0,-8.0,0.0,0.0,0.0,0.0,0.0,0.0,0.0,0.0,0.0,0.0,0.0,1221.0,20377.0,-7868.0,-11303.0,1206.0,-27.795586816470074,-28.755718776259688,0.0,0.0,-2.455694011768778,0,12509.0,7868.0,-41.0,0.0,-8.0,0.0,20377.0,0,0,0,58.4
1319,VEDL,Mar 2017,72225,50849,21376.0,30.0,4423,5855,6292,13652,17.0,11316,23.0,83.0,0.0,0.0,0.0,0.0,0.0,0.0,0.0,0.0,0.0,0.0,0.0,1222.0,18083.0,2681.0,-12425.0,8339.0,15.667705088265835,29.596400138456215,0.0,0.0,4.406319385140905,0,20764.0,2681.0,23.0,0.0,83.0,0.0,18083.0,0,0,0,58.4
1320,VEDL,Mar 2018,91866,66989,24877.0,27.0,6087,5112,6283,19569,30.0,13692,28.0,76.0,0.0,0.0,0.0,0.0,0.0,0.0,0.0,0.0,0.0,0.0,0.0,1223.0,17366.0,15480.0,-39255.0,-6409.0,14.904317157599111,27.07965950406026,0.0,0.0,6.057120500782473,0,32846.0,15480.0,28.0,0.0,76.0,0.0,17366.0,0,0,0,58.4
1321,VEDL,Mar 2019,92048,68877,23171.0,25.0,4270,5689,8192,13560,28.0,9698,19.0,99.0,0.0,0.0,0.0,0.0,0.0,0.0,0.0,0.0,0.0,0.0,0.0,1224.0,23754.0,-10594.0,-10242.0,2918.0,10.535807404832262,25.17273596384495,0.0,0.0,4.823519071893127,0,13160.0,10594.0,19.0,0.0,99.0,0.0,23754.0,0,0,0,58.4
1322,VEDL,Mar 2020,84447,63704,20743.0,25.0,-14932,4977,9093,-8259,-43.0,-4744,-18.0,-22.0,0.0,0.0,0.0,0.0,0.0,0.0,0.0,0.0,0.0,0.0,0.0,1225.0,19300.0,-5925.0,-15547.0,-2172.0,-5.617724726751691,24.563335583265243,0.0,0.0,1.1675708257986739,0,13375.0,5925.0,-18.0,0.0,-22.0,0.0,19300.0,0,0,0,58.4
1323,VEDL,Mar 2021,88021,60703,27318.0,31.0,2743,5210,7638,17213,13.0,15032,31.0,30.0,0.0,0.0,0.0,0.0,0.0,0.0,0.0,0.0,0.0,0.0,0.0,1226.0,23980.0,-6678.0,-17565.0,-263.0,17.07774281137456,31.035775553561084,0.0,0.0,5.769865642994242,0,17302.0,6678.0,31.0,0.0,30.0,0.0,23980.0,0,0,0,58.4
1324,VEDL,Mar 2022,132732,87908,44824.0,34.0,1832,4797,8895,32964,28.0,23710,51.0,89.0,0.0,0.0,0.0,0.0,0.0,0.0,0.0,0.0,0.0,0.0,0.0,1227.0,34963.0,-2243.0,-28903.0,3817.0,17.863062411475756,33.77030407136184,0.0,0.0,9.726078799249532,0,32720.0,2243.0,51.0,0.0,89.0,0.0,34963.0,0,0,0,58.4
1325,VEDL,Mar 2023,147308,112877,34431.0,23.0,2625,6225,10555,20276,28.0,14503,28.0,357.0,0.0,0.0,0.0,0.0,0.0,0.0,0.0,0.0,0.0,0.0,0.0,1228.0,33065.0,-668.0,-34142.0,-1745.0,9.845358025361826,23.3734759822956,0.0,0.0,5.95277108433735,0,32397.0,668.0,28.0,0.0,357.0,0.0,33065.0,0,0,0,58.4
1326,VEDL,Mar 2024,143727,108415,35312.0,25.0,5239,9465,10723,20363,63.0,7539,11.0,259.0,0.0,0.0,0.0,0.0,0.0,0.0,0.0,0.0,0.0,0.0,0.0,1229.0,35654.0,-13676.0,-26092.0,-4114.0,5.245360996889937,24.568800573309122,0.0,0.0,4.284310618066561,0,21978.0,13676.0,11.0,0.0,259.0,0.0,35654.0,101.74,43.12,1.49,58.4
1328,WIPRO,Mar 2013,37430,29773,7657.0,20.0,1440,289,940,7869,21.0,6182,5.0,28.0,0.0,0.0,0.0,0.0,0.0,0.0,0.0,0.0,0.0,0.0,0.0,1230.0,6394.0,-4536.0,-1140.0,717.0,16.516163505209725,20.456852791878173,0.0,0.0,31.47750865051903,0,1858.0,4536.0,5.0,0.0,28.0,0.0,6394.0,0,0,0,34.8
1329,WIPRO,Mar 2014,43424,33788,9635.0,22.0,1922,383,1060,10114,21.0,7991,6.0,25.0,0.0,0.0,0.0,0.0,0.0,0.0,0.0,0.0,0.0,0.0,0.0,1231.0,6790.0,-284.0,-3570.0,2936.0,18.40226602800295,22.18819086219602,0.0,0.0,30.174934725848566,0,6506.0,284.0,6.0,0.0,25.0,0.0,6790.0,0,0,0,34.8
1330,WIPRO,Mar 2015,46951,36652,10299.0,22.0,2450,350,1175,11224,22.0,8714,7.0,34.0,0.0,0.0,0.0,0.0,0.0,0.0,0.0,0.0,0.0,0.0,0.0,1232.0,7840.0,-2537.0,-830.0,4474.0,18.559775084662732,21.935635023748162,0.0,0.0,36.425714285714285,0,5303.0,2537.0,7.0,0.0,34.0,0.0,7840.0,0,0,0,34.8
1331,WIPRO,Mar 2016,51244,40448,10796.0,21.0,2752,558,1496,11494,22.0,8957,7.0,17.0,0.0,0.0,0.0,0.0,0.0,0.0,0.0,0.0,0.0,0.0,0.0,1233.0,7887.0,-13761.0,-159.0,-6032.0,17.47911950667395,21.06783233159004,0.0,0.0,24.27956989247312,0,-5874.0,13761.0,7.0,0.0,17.0,0.0,7887.0,0,0,0,34.8
1332,WIPRO,Mar 2017,55448,44128,11321.0,20.0,2623,594,2310,11039,23.0,8518,7.0,6.0,0.0,0.0,0.0,0.0,0.0,0.0,0.0,0.0,0.0,0.0,0.0,1234.0,9277.0,-11770.0,-2275.0,-4767.0,15.362141105179628,20.41732794690521,0.0,0.0,23.474747474747474,0,-2493.0,11770.0,7.0,0.0,6.0,0.0,9277.0,0,0,0,34.8
1333,WIPRO,Mar 2018,54487,44100,10387.0,19.0,2550,583,2112,10242,22.0,8003,7.0,6.0,0.0,0.0,0.0,0.0,0.0,0.0,0.0,0.0,0.0,0.0,0.0,1235.0,8423.0,3595.0,-12998.0,-979.0,14.687907207223741,19.06326279663039,0.0,0.0,22.19039451114923,0,12018.0,3595.0,7.0,0.0,6.0,0.0,8423.0,0,0,0,34.8
1334,WIPRO,Mar 2019,59019,47406,11613.0,20.0,2614,738,1947,11542,22.0,9018,7.0,7.0,0.0,0.0,0.0,0.0,0.0,0.0,0.0,0.0,0.0,0.0,0.0,1236.0,11632.0,5065.0,-4937.0,11760.0,15.27982514105627,19.6767142784527,0.0,0.0,19.27777777777778,0,16697.0,5065.0,7.0,0.0,7.0,0.0,11632.0,0,0,0,34.8
1335,WIPRO,Mar 2020,61138,48795,12342.0,20.0,2728,733,2086,12252,20.0,9772,9.0,6.0,0.0,0.0,0.0,0.0,0.0,0.0,0.0,0.0,0.0,0.0,0.0,1237.0,10064.0,3593.0,-15100.0,-1442.0,15.983512708953516,20.18711766822598,0.0,0.0,20.559345156889496,0,13657.0,3593.0,9.0,0.0,6.0,0.0,10064.0,0,0,0,34.8
1336,WIPRO,Mar 2021,61935,47164,14771.0,24.0,2404,509,2763,13903,22.0,10868,10.0,5.0,0.0,0.0,0.0,0.0,0.0,0.0,0.0,0.0,0.0,0.0,0.0,1238.0,14755.0,685.0,-12884.0,2556.0,17.547428755953824,23.849196738516188,0.0,0.0,33.7426326129666,0,15440.0,685.0,10.0,0.0,5.0,0.0,14755.0,0,0,0,34.8
1337,WIPRO,Mar 2022,79312,62628,16684.0,21.0,2067,532,3078,15141,19.0,12243,11.0,27.0,0.0,0.0,0.0,0.0,0.0,0.0,0.0,0.0,0.0,0.0,0.0,1239.0,11080.0,-22321.0,4659.0,-6583.0,15.436503933830947,21.03590881581602,0.0,0.0,35.24624060150376,0,-11241.0,22321.0,11.0,0.0,27.0,0.0,11080.0,0,0,0,34.8
1338,WIPRO,Mar 2023,90488,73649,16839.0,19.0,2275,1008,3340,14766,23.0,11366,10.0,5.0,0.0,0.0,0.0,0.0,0.0,0.0,0.0,0.0,0.0,0.0,0.0,1240.0,13060.0,-8169.0,-6088.0,-1197.0,12.560781540093712,18.609097338873664,0.0,0.0,18.96230158730159,0,4891.0,8169.0,10.0,0.0,5.0,0.0,13060.0,0,0,0,34.8
1339,WIPRO,Mar 2024,89760,73008,16752.0,19.0,2631,1255,3407,14721,25.0,11112,11.0,5.0,0.0,0.0,0.0,0.0,0.0,0.0,0.0,0.0,0.0,0.0,0.0,1241.0,17622.0,1144.0,-18257.0,509.0,12.379679144385026,18.663101604278076,0.0,0.0,15.444621513944224,0,18766.0,1144.0,11.0,0.0,5.0,0.0,17622.0,7.8,5.3,6.96,34.8
1341,ZOMATO,Mar 2018,466,558,-92.0,-20.0,21,6,29,-107,0.0,-107,-3070.0,0.0,0.0,0.0,0.0,0.0,0.0,0.0,0.0,0.0,0.0,0.0,0.0,0.0,0.0,0.0,0.0,0.0,-22.96137339055794,-19.742489270386265,0.0,0.0,-11.833333333333334,0,0.0,0.0,-3070.0,0.0,0.0,0.0,0.0,0,0,0,33.300000000000004
1342,ZOMATO,Mar 2019,1313,3556,-2243.0,-171.0,1285,9,43,-1010,0.0,-1010,-28574.0,0.0,0.0,0.0,0.0,0.0,0.0,0.0,0.0,0.0,0.0,0.0,0.0,0.0,0.0,0.0,0.0,0.0,-76.92307692307693,-170.83015993907082,0.0,0.0,-106.44444444444444,0,0.0,0.0,-28574.0,0.0,0.0,0.0,0.0,0,0,0,33.300000000000004
1343,ZOMATO,Mar 2020,2605,4909,-2305.0,-88.0,16,13,84,-2386,0.0,-2386,-70097.0,0.0,0.0,0.0,0.0,0.0,0.0,0.0,0.0,0.0,0.0,0.0,0.0,1242.0,-2144.0,1740.0,359.0,-45.0,-91.59309021113243,-88.48368522072937,0.0,0.0,-176.07692307692307,0,-404.0,1740.0,-70097.0,0.0,0.0,0.0,-2144.0,0,0,0,33.300000000000004
1344,ZOMATO,Mar 2021,1994,2461,-467.0,-23.0,-200,10,138,-815,0.0,-816,-23124.0,0.0,0.0,0.0,0.0,0.0,0.0,0.0,0.0,0.0,0.0,0.0,0.0,1243.0,-1018.0,-5245.0,6402.0,139.0,-40.92276830491474,-23.42026078234704,0.0,0.0,-66.7,0,-6263.0,5245.0,-23124.0,0.0,0.0,0.0,-1018.0,0,0,0,33.300000000000004
1345,ZOMATO,Mar 2022,4192,6043,-1851.0,-44.0,793,12,150,-1220,0.0,-1222,-2.0,0.0,0.0,0.0,0.0,0.0,0.0,0.0,0.0,0.0,0.0,0.0,0.0,1244.0,-693.0,-7971.0,8750.0,86.0,-29.150763358778626,-44.155534351145036,0.0,0.0,-88.16666666666667,0,-8664.0,7971.0,-2.0,0.0,0.0,0.0,-693.0,0,0,0,33.300000000000004
1346,ZOMATO,Mar 2023,7079,8290,-1211.0,-17.0,682,49,437,-1015,-4.0,-971,-1.0,0.0,0.0,0.0,0.0,0.0,0.0,0.0,0.0,0.0,0.0,0.0,0.0,1245.0,-844.0,797.0,-127.0,-174.0,-13.7166266421811,-17.106936007910722,0.0,0.0,-10.795918367346939,0,-47.0,797.0,-1.0,0.0,0.0,0.0,-844.0,0,0,0,33.300000000000004
1347,ZOMATO,Mar 2024,12114,12071,43.0,0.0,846,72,526,291,-21.0,351,0.0,0.0,0.0,0.0,0.0,0.0,0.0,0.0,0.0,0.0,0.0,0.0,0.0,1246.0,646.0,-348.0,-207.0,91.0,2.8974739970282317,0.3549612019151395,0.0,0.0,12.347222222222221,0,298.0,348.0,0.0,0.0,0.0,0.0,646.0,72.31,0,0,33.300000000000004
1349,ZYDUSLIFE,Mar 2013,6358,5228,1130.0,18.0,32,169,185,809,15.0,690,6.0,24.0,0.0,0.0,0.0,0.0,0.0,0.0,0.0,0.0,0.0,0.0,0.0,1247.0,603.0,-682.0,286.0,207.0,10.85246932997798,17.772884554891473,0.0,0.0,6.875739644970414,0,-79.0,682.0,6.0,0.0,24.0,0.0,603.0,0,0,0,57.00000000000001
1350,ZYDUSLIFE,Mar 2014,7224,6021,1203.0,17.0,30,90,201,942,11.0,836,8.0,23.0,0.0,0.0,0.0,0.0,0.0,0.0,0.0,0.0,0.0,0.0,0.0,1248.0,903.0,-438.0,-529.0,-64.0,11.572535991140642,16.65282392026578,0.0,0.0,13.7,0,465.0,438.0,8.0,0.0,23.0,0.0,903.0,0,0,0,57.00000000000001
1351,ZYDUSLIFE,Mar 2015,8651,6896,1756.0,20.0,45,68,287,1446,18.0,1188,11.0,21.0,0.0,0.0,0.0,0.0,0.0,0.0,0.0,0.0,0.0,0.0,0.0,1249.0,994.0,-465.0,-351.0,178.0,13.732516472084152,20.298231418333142,0.0,0.0,26.485294117647058,0,529.0,465.0,11.0,0.0,21.0,0.0,994.0,0,0,0,57.00000000000001
1352,ZYDUSLIFE,Mar 2016,9427,7095,2332.0,25.0,112,53,292,2099,8.0,1964,19.0,17.0,0.0,0.0,0.0,0.0,0.0,0.0,0.0,0.0,0.0,0.0,0.0,1250.0,1894.0,-860.0,-935.0,99.0,20.83377532619073,24.73745624270712,0.0,0.0,46.113207547169814,0,1034.0,860.0,19.0,0.0,17.0,0.0,1894.0,0,0,0,57.00000000000001
1353,ZYDUSLIFE,Mar 2017,9376,7474,1902.0,20.0,127,45,373,1612,8.0,1517,15.0,22.0,0.0,0.0,0.0,0.0,0.0,0.0,0.0,0.0,0.0,0.0,0.0,1251.0,1312.0,-2872.0,2316.0,756.0,16.179607508532424,20.285836177474405,0.0,0.0,45.08888888888889,0,-1560.0,2872.0,15.0,0.0,22.0,0.0,1312.0,0,0,0,57.00000000000001
1354,ZYDUSLIFE,Mar 2018,11905,9074,2831.0,24.0,111,91,539,2312,24.0,1810,17.0,20.0,0.0,0.0,0.0,0.0,0.0,0.0,0.0,0.0,0.0,0.0,0.0,1252.0,919.0,-974.0,52.0,-3.0,15.203695926081478,23.77992440151197,0.0,0.0,32.32967032967033,0,-55.0,974.0,17.0,0.0,20.0,0.0,919.0,0,0,0,57.00000000000001
1355,ZYDUSLIFE,Mar 2019,13166,10174,2991.0,23.0,183,194,599,2382,22.0,1899,18.0,19.0,0.0,0.0,0.0,0.0,0.0,0.0,0.0,0.0,0.0,0.0,0.0,1253.0,1282.0,-3977.0,1885.0,-811.0,14.42351511468935,22.717605954731884,0.0,0.0,16.36082474226804,0,-2695.0,3977.0,18.0,0.0,19.0,0.0,1282.0,0,0,0,57.00000000000001
1356,ZYDUSLIFE,Mar 2020,14253,11455,2798.0,20.0,-264,342,696,1495,21.0,1204,11.0,30.0,0.0,0.0,0.0,0.0,0.0,0.0,0.0,0.0,0.0,0.0,0.0,1254.0,2932.0,-1004.0,-1528.0,399.0,8.447344418718867,19.63095488669052,0.0,0.0,7.409356725146199,0,1928.0,1004.0,11.0,0.0,30.0,0.0,2932.0,0,0,0,57.00000000000001
1357,ZYDUSLIFE,Mar 2021,14404,11013,3391.0,24.0,-231,159,670,2331,8.0,2185,21.0,17.0,0.0,0.0,0.0,0.0,0.0,0.0,0.0,0.0,0.0,0.0,0.0,1255.0,3294.0,-837.0,-2548.0,-90.0,15.169397389613994,23.542071646764786,0.0,0.0,19.87421383647799,0,2457.0,837.0,21.0,0.0,17.0,0.0,3294.0,0,0,0,57.00000000000001
1358,ZYDUSLIFE,Mar 2022,15110,11768,3342.0,22.0,2581,127,713,5084,10.0,4618,44.0,6.0,0.0,0.0,0.0,0.0,0.0,0.0,0.0,0.0,0.0,0.0,0.0,1256.0,2104.0,-1018.0,-868.0,219.0,30.562541363335537,22.11780277961615,0.0,0.0,46.63779527559055,0,1086.0,1018.0,44.0,0.0,6.0,0.0,2104.0,0,0,0,57.00000000000001
1359,ZYDUSLIFE,Mar 2023,17237,13378,3860.0,22.0,-422,130,723,2585,23.0,2092,19.0,31.0,0.0,0.0,0.0,0.0,0.0,0.0,0.0,0.0,0.0,0.0,0.0,1257.0,2689.0,1542.0,-4400.0,-170.0,12.136682717410222,22.393687996751176,0.0,0.0,26.446153846153845,0,4231.0,1542.0,19.0,0.0,31.0,0.0,2689.0,0,0,0,57.00000000000001
1360,ZYDUSLIFE,Mar 2024,19547,14163,5384.0,28.0,293,81,764,4832,20.0,3973,38.0,8.0,0.0,0.0,0.0,0.0,0.0,0.0,0.0,0.0,0.0,0.0,0.0,1258.0,3228.0,-1492.0,-1810.0,-75.0,20.32536962193687,27.543868624341332,0.0,0.0,70.08641975308642,0,1736.0,1492.0,38.0,0.0,8.0,0.0,3228.0,13.37,21.27,23.16,57.00000000000001
