id_pnl,company_id,year,sales,expenses,operating_profit,opm_percentage,other_income,interest,depreciation,profit_before_tax,tax_percentage,net_profit,eps,dividend_payout,id_bal,equity_capital,reserves,borrowings,other_liabilities,total_liabilities,fixed_assets,cwip,investments,other_asset,total_assets,id_x,operating_activity,investing_activity,financing_activity,net_cash_flow,net_profit_margin_pct,operating_profit_margin_pct,return_on_equity_pct,debt_to_equity,interest_coverage,asset_turnover,free_cash_flow_cr,capex_cr,earnings_per_share,book_value_per_share,dividend_payout_ratio_pct,total_debt_cr,cash_from_operations_cr,revenue_cagr_5yr,pat_cagr_5yr,eps_cagr_5yr,composite_quality_score,id_y,market_cap_crore,enterprise_value_crore,pe_ratio,pb_ratio,ev_ebitda,dividend_yield_pct,fcf_yield_pct,company_name,broad_sector,sub_sector,market_cap_category,sector_median_pe,valuation_status,valuation_score,investment_rating
67,ABB,2019,3679,3074,605.0,16.0,113,2,17,699,36.0,450,212.0,31.0,142.0,21.0,1987.0,0.0,932.0,2941.0,105.0,1.0,0.0,2835.0,2941.0,67.0,499.0,-257.0,-143.0,99.0,12.231584669747214,16.444686055993476,22.41035856573705,0.0,359.0,1.2509350561033663,242.0,257.0,212.0,20.08,31.0,0.0,499.0,,0,0,0,1.0,844312.98,814410.48,19.29,14.26,22.84,0.84,0.028662356937826542,Abbott India Ltd,Industrials,Capital Goods,Large Cap,48.83,Discount,0,Avoid
68,ABB,2020,4093,3336,757.0,18.0,114,9,60,803,26.0,593,279.0,90.0,143.0,21.0,2410.0,175.0,940.0,3547.0,270.0,2.0,0.0,3275.0,3547.0,68.0,626.0,-401.0,-217.0,8.0,14.488150500855118,18.49499144881505,24.39325380501851,0.071986836692719,96.77777777777776,1.153932901043135,225.0,401.0,279.0,24.31,90.0,175.0,626.0,,0,0,0,2.0,923674.33,1120679.72,67.54,13.03,24.93,3.9,0.02435923492644859,Abbott India Ltd,Industrials,Capital Goods,Large Cap,48.83,Fair,0,Avoid
69,ABB,2021,4310,3388,922.0,21.0,81,18,58,926,25.0,691,325.0,85.0,144.0,21.0,2581.0,153.0,1086.0,3840.0,251.0,1.0,0.0,3589.0,3840.0,69.0,727.0,-72.0,-582.0,73.0,16.03248259860789,21.392111368909514,26.5564950038432,0.0588009223674096,55.72222222222222,1.1223958333333333,655.0,72.0,325.0,26.02,85.0,153.0,727.0,,0,0,0,3.0,1020674.09,1166450.81,62.63,6.67,7.58,1.58,0.06417327591807488,Abbott India Ltd,Industrials,Capital Goods,Large Cap,48.83,Fair,20,Avoid
70,ABB,2022,4913,3832,1082.0,22.0,83,19,66,1080,26.0,799,376.0,73.0,145.0,21.0,2799.0,152.0,1253.0,4224.0,271.0,1.0,0.0,3952.0,4224.0,70.0,948.0,-396.0,-637.0,-86.0,16.26297577854671,22.023203745165887,28.33333333333333,0.0539007092198581,61.31578947368421,1.1631155303030305,552.0,396.0,376.0,28.2,73.0,152.0,948.0,,0,0,0,4.0,1185994.82,1158637.42,18.68,4.75,6.12,3.35,0.0465432049694787,Abbott India Ltd,Industrials,Capital Goods,Large Cap,48.83,Discount,20,Avoid
71,ABB,2023,5349,4143,1206.0,23.0,154,16,70,1274,25.0,949,447.0,73.0,146.0,21.0,3167.0,113.0,1254.0,4556.0,237.0,4.0,0.0,4315.0,4556.0,71.0,893.0,-148.0,-639.0,107.0,17.74163395027108,22.54627033090297,29.767879548306148,0.0354454203262233,85.0,1.1740561896400352,745.0,148.0,447.0,31.88,73.0,113.0,893.0,,0,0,0,5.0,1161513.28,1103083.77,58.34,12.72,5.7,1.05,0.06414046337894648,Abbott India Ltd,Industrials,Capital Goods,Large Cap,48.83,Fair,20,Avoid
72,ABB,2024,5849,4396,1453.0,25.0,248,12,71,1618,26.0,1201,565.0,73.0,147.0,21.0,3678.0,83.0,1411.0,5193.0,225.0,10.0,0.0,4958.0,5193.0,72.0,1213.0,-416.0,-745.0,52.0,20.53342451701145,24.84185330825782,32.46823465801568,0.0224384968910516,141.75,1.1263238975544,797.0,416.0,565.0,36.99,73.0,83.0,1213.0,14.81,0,0,0,6.0,1536236.24,1619349.16,75.58,4.48,12.63,0.96,0.051880041574855706,Abbott India Ltd,Industrials,Capital Goods,Large Cap,48.83,Caution,20,Avoid
91,ADANIENSOL,2019,7305,4528,2778.0,38.0,336,1391,882,840,33.0,559,5.0,0.0,154.0,1100.0,6943.0,20137.0,4379.0,32558.0,24412.0,694.0,336.0,7117.0,32558.0,89.0,2591.0,-3050.0,38.0,-421.0,7.652292950034223,38.02874743326489,6.950142981474575,2.50366778565212,2.2386772106398274,0.2243688187235088,-459.0,3050.0,5.0,80.43,0.0,20137.0,2591.0,,0,0,0,7.0,171905.69,222090.81,76.72,12.85,34.64,2.97,-0.26700686870806895,Adani Energy Solutions Ltd,Energy,Power & Utilities,Large Cap,41.495,Caution,0,Avoid
92,ADANIENSOL,2020,11416,7158,4258.0,37.0,261,2238,1174,1107,36.0,706,7.0,0.0,155.0,1100.0,7399.0,24246.0,6966.0,39711.0,24924.0,2212.0,313.0,12262.0,39711.0,90.0,5437.0,-5643.0,1250.0,1045.0,6.184302733006307,37.29852838121934,8.30685963054477,2.8528062124955875,2.019213583556747,0.2874770214801944,-206.0,5643.0,7.0,84.99,0.0,24246.0,5437.0,,0,0,0,8.0,217135.25,213517.12,35.93,9.79,35.62,2.97,-0.09487174468447661,Adani Energy Solutions Ltd,Energy,Power & Utilities,Large Cap,41.495,Fair,0,Avoid
93,ADANIENSOL,2021,9926,5976,3950.0,40.0,1115,2117,1329,1620,20.0,1290,11.0,0.0,156.0,1100.0,7819.0,27095.0,7219.0,43234.0,26987.0,5255.0,442.0,10550.0,43234.0,91.0,3784.0,-4009.0,-745.0,-969.0,12.996171670360669,39.79447914567802,14.46350487722839,3.0378966251821957,2.3925366084081245,0.2295878243974649,-225.0,4009.0,11.0,89.19,0.0,27095.0,3784.0,,0,0,0,9.0,275655.59,300348.76,59.65,14.71,10.37,4.17,-0.08162359413788778,Adani Energy Solutions Ltd,Energy,Power & Utilities,Large Cap,41.495,Fair,20,Avoid
94,ADANIENSOL,2022,11258,7051,4206.0,37.0,1286,2365,1427,1700,27.0,1236,11.0,0.0,157.0,1100.0,8813.0,29902.0,7650.0,47464.0,30272.0,5060.0,561.0,11572.0,47464.0,92.0,4097.0,-3936.0,-235.0,-75.0,10.978859477704743,37.3600994848108,12.46847573892868,3.016443054574801,2.3221987315010573,0.2371902915894151,161.0,3936.0,11.0,99.13,0.0,29902.0,4097.0,,0,0,0,10.0,306303.52,354481.15,71.21,6.44,19.65,2.37,0.052562242836778364,Adani Energy Solutions Ltd,Energy,Power & Utilities,Large Cap,41.495,Caution,0,Avoid
95,ADANIENSOL,2023,13293,8775,4518.0,34.0,1583,2781,1608,1712,25.0,1281,11.0,0.0,158.0,1115.0,10634.0,34270.0,7913.0,53932.0,32645.0,6200.0,1370.0,13716.0,53932.0,93.0,3777.0,-4699.0,923.0,2.0,9.636650868878355,33.98781313473256,10.90305557919823,2.916843986722274,2.193815174397699,0.2464770451679893,-922.0,4699.0,11.0,117.49,0.0,34270.0,3777.0,,0,0,0,11.0,263283.51,289260.77,28.96,13.96,8.07,2.07,-0.350192839650307,Adani Energy Solutions Ltd,Energy,Power & Utilities,Large Cap,41.495,Discount,20,Avoid
96,ADANIENSOL,2024,16607,10896,5711.0,30.0,611,2767,1776,1780,33.0,1196,10.0,0.0,159.0,1115.0,11526.0,37070.0,8827.0,58538.0,38920.0,3003.0,766.0,15849.0,58538.0,94.0,6038.0,-4943.0,-543.0,551.0,7.201782380923707,34.38911302462817,9.461276797721698,2.93252116130053,2.284784965666787,0.2836960606785336,1095.0,4943.0,10.0,126.41,0.0,37070.0,6038.0,,0,0,0,12.0,348517.36,439276.19,58.5,9.05,14.83,1.65,0.3141880794689826,Adani Energy Solutions Ltd,Energy,Power & Utilities,Large Cap,41.495,Fair,20,Avoid
104,ADANIENT,2019,40379,38409,1969.0,5.0,504,1625,390,459,32.0,506,7.0,6.0,176.0,110.0,14646.0,11243.0,16537.0,42536.0,9020.0,5765.0,1511.0,26240.0,42536.0,101.0,3236.0,2487.0,-6158.0,-436.0,1.2531266252259838,4.876297085118502,3.429113580916238,0.7619273515857956,1.5218461538461538,0.9492900131653188,5723.0,2487.0,7.0,147.56,6.0,11243.0,3236.0,,0,0,0,13.0,173718.83,178851.86,56.08,5.69,21.25,2.5,3.294403951488736,Adani Enterprises Ltd,Industrials,Conglomerates,Large Cap,48.83,Fair,20,Avoid
105,ADANIENT,2020,43403,41108,2294.0,5.0,872,1572,472,1122,29.0,1040,10.0,10.0,177.0,110.0,16837.0,12419.0,17509.0,46875.0,10476.0,7347.0,1952.0,27099.0,46875.0,102.0,2454.0,-1082.0,-221.0,1151.0,2.3961477317236133,5.285348939013432,6.136779370980115,0.7328140673865581,2.013994910941476,0.9259306666666668,1372.0,1082.0,10.0,169.47,10.0,12419.0,2454.0,,0,0,0,14.0,217309.44,213933.01,36.71,2.39,7.65,2.72,0.6313577541776372,Adani Enterprises Ltd,Industrials,Conglomerates,Large Cap,48.83,Fair,40,Hold
106,ADANIENT,2021,39537,37031,2506.0,6.0,494,1377,537,1086,31.0,1046,8.0,12.0,178.0,110.0,17049.0,16227.0,18231.0,51617.0,10838.0,8825.0,5503.0,26451.0,51617.0,103.0,4043.0,-8611.0,3109.0,-1459.0,2.645623087234742,6.338366593317652,6.0959263360335685,0.9456844804475786,2.178649237472767,0.7659685762442606,-4568.0,8611.0,8.0,171.59,12.0,16227.0,4043.0,,0,0,0,15.0,205258.66,189642.53,72.59,8.25,9.71,0.24,-2.2254846640818955,Adani Enterprises Ltd,Industrials,Conglomerates,Large Cap,48.83,Fair,20,Avoid
107,ADANIENT,2022,69420,65707,3714.0,5.0,1012,2526,1248,952,50.0,788,7.0,14.0,179.0,110.0,22147.0,41604.0,37726.0,101586.0,30123.0,23544.0,4292.0,43627.0,101586.0,104.0,1385.0,-17041.0,15901.0,246.0,1.135119562085854,5.3500432152117545,3.5404591813811384,1.8692546165251385,1.870942201108472,0.6833618805740949,-15656.0,17041.0,7.0,222.57,14.0,41604.0,1385.0,,0,0,0,16.0,186771.02,203306.77,56.13,9.8,10.05,2.85,-8.382456764438082,Adani Enterprises Ltd,Industrials,Conglomerates,Large Cap,48.83,Fair,20,Avoid
108,ADANIENT,2023,127540,118722,8818.0,7.0,834,3969,2436,3247,32.0,2422,22.0,6.0,180.0,114.0,32937.0,53200.0,55027.0,141278.0,56881.0,24025.0,6310.0,54062.0,141278.0,105.0,17626.0,-15459.0,-1198.0,970.0,1.899012074643249,6.913909361768857,7.328068742246831,1.6096335965628876,2.431846812799194,0.902759099081244,2167.0,15459.0,22.0,330.51,6.0,53200.0,17626.0,,0,0,0,17.0,196563.95,213448.3,65.7,5.32,10.14,3.93,1.10244019821539,Adani Enterprises Ltd,Industrials,Conglomerates,Large Cap,48.83,Fair,20,Avoid
109,ADANIENT,2024,96421,85044,11377.0,12.0,1146,4555,3042,4926,33.0,3335,28.0,5.0,181.0,114.0,38962.0,65310.0,56200.0,160586.0,65978.0,35180.0,8701.0,50728.0,160586.0,106.0,10312.0,-18767.0,8879.0,424.0,3.458790097592848,11.799296833677312,8.534650424813185,1.671358378544375,2.7492864983534577,0.6004321671876751,-8455.0,18767.0,28.0,390.76,5.0,65310.0,10312.0,-4.98,0,0,0,18.0,187927.97,191237.75,58.87,10.41,33.01,0.83,-4.499064189327432,Adani Enterprises Ltd,Industrials,Conglomerates,Large Cap,48.83,Fair,0,Avoid
113,ADANIGREEN,2019,2058,532,1526.0,74.0,73,1121,1062,-585,-19.0,-475,-3.0,0.0,194.0,1564.0,369.0,11142.0,1582.0,14658.0,10388.0,743.0,77.0,3449.0,14658.0,109.0,1625.0,-2666.0,1045.0,3.0,-23.080660835762878,74.14965986394559,-24.573202276254527,5.764097258147957,1.426404995539697,0.1404011461318051,-1041.0,2666.0,-3.0,19.33,0.0,11142.0,1625.0,,0,0,0,19.0,485373.12,541878.15,29.07,10.49,5.01,0.27,-0.2144741760730384,Adani Green Energy Ltd,Energy,Renewable Energy,Large Cap,41.495,Fair,20,Avoid
114,ADANIGREEN,2020,2549,1098,1450.0,57.0,-111,995,394,-50,23.0,-68,0.0,0.0,195.0,1564.0,793.0,14866.0,1201.0,18424.0,12554.0,1208.0,476.0,4186.0,18424.0,110.0,1965.0,-3743.0,2161.0,383.0,-2.6677128285602194,56.88505296194586,-2.88502333474756,6.307170131523122,1.3457286432160804,0.1383521493703864,-1778.0,3743.0,0.0,23.57,0.0,14866.0,1965.0,,0,0,0,20.0,517543.72,664150.23,72.14,14.91,19.59,0.21,-0.3435458554110173,Adani Green Energy Ltd,Energy,Renewable Energy,Large Cap,41.495,Caution,0,Avoid
115,ADANIGREEN,2021,3124,883,2241.0,72.0,391,1953,486,193,6.0,182,1.0,0.0,196.0,1564.0,636.0,24209.0,2283.0,28692.0,16429.0,4452.0,502.0,7309.0,28692.0,111.0,1601.0,-9137.0,7083.0,-453.0,5.825864276568503,71.73495518565942,8.272727272727273,11.004090909090907,1.3476702508960574,0.1088805241879269,-7536.0,9137.0,1.0,22.0,0.0,24209.0,1601.0,,0,0,0,21.0,519085.0,607489.51,17.73,4.85,6.97,2.14,-1.4517853530731961,Adani Green Energy Ltd,Energy,Renewable Energy,Large Cap,41.495,Discount,20,Avoid
116,ADANIGREEN,2022,5133,1621,3512.0,68.0,507,2617,849,553,12.0,489,3.0,0.0,197.0,1564.0,1050.0,52832.0,3508.0,58954.0,28452.0,19999.0,574.0,10029.0,58954.0,112.0,3127.0,-18730.0,15986.0,383.0,9.526592635885448,68.42002727449834,18.706962509563887,20.211170619739864,1.5357279327474207,0.0870678834345421,-15603.0,18730.0,3.0,26.14,0.0,52832.0,3127.0,,0,0,0,22.0,495446.05,463984.83,37.61,5.59,23.81,3.37,-3.149283357895375,Adani Green Energy Ltd,Energy,Renewable Energy,Large Cap,41.495,Fair,0,Avoid
117,ADANIGREEN,2023,7776,2806,4970.0,64.0,667,2911,1300,1426,32.0,973,6.0,0.0,198.0,1584.0,5720.0,54223.0,5382.0,66909.0,48336.0,5291.0,1149.0,12133.0,66909.0,113.0,7265.0,-3857.0,-2973.0,435.0,12.512860082304528,63.91460905349794,13.321467688937568,7.423740416210296,1.936447956028856,0.1162175492086266,3408.0,3857.0,6.0,73.04,0.0,54223.0,7265.0,,0,0,0,23.0,449015.01,546204.41,9.89,6.92,25.56,4.31,0.7589946714698914,Adani Green Energy Ltd,Energy,Renewable Energy,Large Cap,41.495,Discount,0,Avoid
118,ADANIGREEN,2024,9220,1902,7318.0,79.0,1262,5006,1903,1671,25.0,1260,7.0,0.0,199.0,1584.0,8250.0,64858.0,13394.0,88086.0,62284.0,6427.0,1515.0,17860.0,88086.0,114.0,7713.0,-21060.0,13953.0,606.0,13.665943600867678,79.3709327548807,12.81269066503966,6.595281675818589,1.713943268078306,0.1046704357105555,-13347.0,21060.0,7.0,98.34,0.0,64858.0,7713.0,59.2,0,0,0,24.0,510512.78,491878.9,45.26,6.24,21.78,0.89,-2.61443014217979,Adani Green Energy Ltd,Energy,Renewable Energy,Large Cap,41.495,Fair,0,Avoid
126,ADANIPORTS,2019,10925,4330,6596.0,60.0,1289,1385,1373,5126,21.0,4045,19.0,1.0,207.0,414.0,23958.0,27712.0,4228.0,56311.0,28121.0,4483.0,782.0,22924.0,56311.0,121.0,6029.0,-4368.0,2313.0,3975.0,37.02517162471396,60.37528604118994,16.596914492040046,1.1370425077958313,5.693140794223827,0.1940118271740867,1661.0,4368.0,19.0,243.72,1.0,27712.0,6029.0,,0,0,0,25.0,697221.18,835004.1,50.76,1.64,36.14,2.77,0.23823143181049086,"Adani Ports & Special Economic Zone Ltd
",Industrials,Infrastructure,Large Cap,48.83,Fair,20,Avoid
127,ADANIPORTS,2020,11873,5926,5947.0,50.0,1928,1951,1680,4244,11.0,3785,19.0,17.0,208.0,406.0,25051.0,30242.0,6217.0,61917.0,32715.0,3216.0,1178.0,24808.0,61917.0,122.0,7402.0,-749.0,-4256.0,2397.0,31.8790533142424,50.08843594710688,14.868209136976075,1.1879640177554307,4.036391594054331,0.1917567065587803,6653.0,749.0,19.0,254.57,17.0,30242.0,7402.0,,0,0,0,26.0,702836.27,645384.3,53.52,5.91,36.77,0.16,0.9465931517734564,"Adani Ports & Special Economic Zone Ltd
",Industrials,Infrastructure,Large Cap,48.83,Fair,0,Avoid
128,ADANIPORTS,2021,12550,3862,8688.0,69.0,1967,2255,2107,6292,20.0,5049,25.0,20.0,209.0,406.0,30035.0,35855.0,8285.0,74582.0,48291.0,3697.0,2236.0,20358.0,74582.0,123.0,7556.0,-14064.0,3514.0,-2994.0,40.23107569721115,69.22709163346613,16.586183108307875,1.1778522387569397,4.725055432372505,0.168271164624172,-6508.0,14064.0,25.0,304.41,20.0,35855.0,7556.0,,0,0,0,27.0,611152.14,782103.44,77.47,0.9,30.06,1.0,-1.064873960843858,"Adani Ports & Special Economic Zone Ltd
",Industrials,Infrastructure,Large Cap,48.83,Caution,20,Avoid
129,ADANIPORTS,2022,17119,7591,9528.0,56.0,1832,2544,3099,5717,13.0,4953,23.0,22.0,210.0,422.0,41399.0,47935.0,8572.0,98328.0,62553.0,4023.0,3161.0,28591.0,98328.0,124.0,10420.0,-5493.0,-586.0,4341.0,28.93276476429698,55.65745662713943,11.843332297171278,1.1461944955883407,4.465408805031447,0.1741009681881051,4927.0,5493.0,23.0,418.21,22.0,47935.0,10420.0,,0,0,0,28.0,733808.16,915420.63,15.26,3.96,5.84,0.2,0.6714288922597972,"Adani Ports & Special Economic Zone Ltd
",Industrials,Infrastructure,Large Cap,48.83,Discount,20,Avoid
130,ADANIPORTS,2023,20852,9905,10947.0,52.0,327,2363,3425,5487,2.0,5391,25.0,20.0,211.0,432.0,44957.0,53434.0,13740.0,112563.0,72224.0,6637.0,7432.0,26271.0,112563.0,125.0,11900.0,-16716.0,-2734.0,-7550.0,25.85363514291195,52.498561289084975,11.8773271056864,1.1772455881380952,4.771053745239103,0.1852473725824649,-4816.0,16716.0,25.0,453.89,20.0,53434.0,11900.0,,0,0,0,29.0,634603.85,774389.91,29.48,7.65,32.57,2.23,-0.7588986420425908,"Adani Ports & Special Economic Zone Ltd
",Industrials,Infrastructure,Large Cap,48.83,Discount,0,Avoid
131,ADANIPORTS,2024,26711,11121,15589.0,58.0,671,2733,3888,9639,16.0,8104,38.0,16.0,212.0,432.0,52346.0,49470.0,14751.0,116999.0,75148.0,10936.0,4289.0,26627.0,116999.0,126.0,15018.0,-6768.0,-7800.0,450.0,30.339560480700836,58.36172363445772,15.3548827162833,0.937322369168972,5.949506037321624,0.2283010965905691,8250.0,6768.0,38.0,527.78,16.0,49470.0,15018.0,25.92,0,0,0,30.0,675598.01,611165.74,48.9,2.31,31.76,1.16,1.2211403642233938,"Adani Ports & Special Economic Zone Ltd
",Industrials,Infrastructure,Large Cap,48.83,Fair,20,Avoid
152,ADANIPOWER,2019,23884,18901,4983.0,21.0,2448,5657,2751,-976,1.0,-984,-3.0,0.0,220.0,3857.0,3855.0,46980.0,13293.0,67985.0,50419.0,350.0,3.0,17213.0,67985.0,133.0,5610.0,-984.0,-4663.0,-37.0,-4.119912912409982,20.86333947412494,-12.75933609958506,6.091804979253112,1.313593777620647,0.3513127895859381,4626.0,984.0,-3.0,77.12,0.0,46980.0,5610.0,,0,0,0,31.0,1188256.85,1362538.77,27.22,4.37,35.21,0.06,0.38930976917995463,Adani Power Ltd,Energy,Power & Utilities,Large Cap,41.495,Discount,0,Avoid
153,ADANIPOWER,2020,26468,20734,5734.0,22.0,323,5315,3006,-2265,0.0,-2275,-6.0,0.0,221.0,3857.0,2624.0,55199.0,13346.0,75025.0,55846.0,2347.0,3.0,16830.0,75025.0,134.0,5598.0,-2304.0,-2377.0,917.0,-8.595284872298626,21.66389602538915,-35.10260762228052,8.517049837987965,1.139604891815616,0.3527890703098967,3294.0,2304.0,-6.0,64.81,0.0,55199.0,5598.0,,0,0,0,32.0,1117866.08,1278915.22,66.83,5.7,27.87,2.51,0.2946685706752995,Adani Power Ltd,Energy,Power & Utilities,Large Cap,41.495,Caution,0,Avoid
154,ADANIPOWER,2021,26221,17533,8688.0,33.0,1909,5106,3202,2289,45.0,1270,3.0,0.0,222.0,3857.0,9256.0,52519.0,13175.0,78806.0,52851.0,6439.0,20.0,19495.0,78806.0,135.0,7014.0,-2188.0,-5655.0,-828.0,4.84344609282636,33.13374775942947,9.685045374818882,4.005109433386716,2.0754014884449665,0.3327284724513362,4826.0,2188.0,3.0,131.13,0.0,52519.0,7014.0,,0,0,0,33.0,986259.76,1132916.67,66.6,14.89,6.04,2.97,0.48932342124553474,Adani Power Ltd,Energy,Power & Utilities,Large Cap,41.495,Caution,20,Avoid
155,ADANIPOWER,2022,27711,17830,9881.0,36.0,3908,4095,3118,6577,25.0,4912,13.0,0.0,223.0,3857.0,14600.0,49145.0,14379.0,81981.0,53274.0,10270.0,183.0,18254.0,81981.0,136.0,10233.0,774.0,-10338.0,669.0,17.725812854101257,35.6573201977554,26.613209080565635,2.662675407704394,3.3672771672771677,0.3380173454824898,11007.0,774.0,13.0,184.57,0.0,49145.0,10233.0,,0,0,0,34.0,1042747.57,942555.33,52.23,2.28,18.25,1.18,1.05557666272001,Adani Power Ltd,Energy,Power & Utilities,Large Cap,41.495,Fair,20,Avoid
156,ADANIPOWER,2023,38773,28677,10096.0,26.0,4216,3334,3304,7675,-40.0,10727,28.0,0.0,224.0,3857.0,26019.0,42350.0,13596.0,85821.0,51451.0,12880.0,654.0,20836.0,85821.0,137.0,8431.0,1545.0,-10408.0,-433.0,27.666159440848016,26.038738297268715,35.90507430713616,1.4175257731958764,4.2927414517096585,0.4517891891262045,9976.0,1545.0,28.0,298.76,0.0,42350.0,8431.0,,0,0,0,35.0,1074636.56,1178960.38,33.86,8.51,13.35,2.86,0.9283138477998552,Adani Power Ltd,Energy,Power & Utilities,Large Cap,41.495,Fair,20,Avoid
157,ADANIPOWER,2024,50351,32124,18228.0,36.0,9883,3388,3931,20792,0.0,20829,54.0,0.0,225.0,3857.0,39288.0,34616.0,14248.0,92009.0,63016.0,925.0,374.0,27694.0,92009.0,138.0,14170.0,3481.0,-16864.0,787.0,41.36759945184802,36.20186292228556,48.27674122146251,0.8023177656738903,8.297225501770956,0.5472399439185297,17651.0,3481.0,54.0,431.45,0.0,34616.0,14170.0,24.85,0,0,0,36.0,1372183.55,1357949.64,44.57,9.91,24.76,1.65,1.2863439442922924,Adani Power Ltd,Energy,Power & Utilities,Large Cap,41.495,Fair,0,Avoid
166,AMBUJACEM,2019,27104,22507,4597.0,17.0,601,170,1153,3875,28.0,2783,11.0,14.0,234.0,397.0,23681.0,41.0,16059.0,40178.0,20701.0,1554.0,150.0,17773.0,40178.0,146.0,4739.0,-1191.0,-629.0,2919.0,10.267857142857142,16.960596221959857,11.558268959215882,0.0017027992358169,30.576470588235296,0.6745980387276619,3548.0,1191.0,11.0,240.78,14.0,41.0,4739.0,,0,0,0,37.0,833955.32,873953.9,46.35,0.8,22.77,2.94,0.42544245655750484,Ambuja Cements Ltd,Materials,Cement,Large Cap,40.61,Fair,20,Avoid
167,AMBUJACEM,2020,24516,19511,5006.0,20.0,288,140,1162,3992,22.0,3107,12.0,151.0,235.0,397.0,22360.0,471.0,16490.0,39718.0,20486.0,2422.0,167.0,16643.0,39718.0,147.0,4832.0,-1317.0,-3956.0,-441.0,12.67335617555882,20.41931799641051,13.65294195192688,0.0206969284176297,37.81428571428572,0.6172516239488394,3515.0,1317.0,12.0,227.57,151.0,471.0,4832.0,,0,0,0,38.0,1025434.68,969394.29,79.32,9.29,17.71,1.12,0.3427814631742316,Ambuja Cements Ltd,Materials,Cement,Large Cap,40.61,Caution,0,Avoid
168,AMBUJACEM,2021,28965,22755,6210.0,21.0,252,146,1152,5164,28.0,3711,14.0,45.0,236.0,397.0,24957.0,477.0,19374.0,45205.0,22254.0,2168.0,198.0,20585.0,45205.0,148.0,5309.0,-2007.0,-516.0,2786.0,12.812014500258934,21.439668565510097,14.636743709079436,0.0188135994320422,44.26027397260274,0.6407477048999004,3302.0,2007.0,14.0,253.54,45.0,477.0,5309.0,,0,0,0,39.0,1165353.63,1459820.61,45.48,10.09,17.52,1.75,0.2833474676695348,Ambuja Cements Ltd,Materials,Cement,Large Cap,40.61,Fair,0,Avoid
169,AMBUJACEM,2023,38937,33815,5122.0,13.0,447,195,1645,3729,19.0,3024,13.0,19.0,,,,,,,,,,,,,,,,,7.766391863779952,13.154583044405063,,,28.55897435897436,,,,13.0,,19.0,,,,0,0,0,41.0,1410892.33,1458659.98,73.29,1.59,6.74,0.57,,Ambuja Cements Ltd,Materials,Cement,Large Cap,40.61,Caution,40,Hold
170,AMBUJACEM,2024,33160,26760,6400.0,19.0,1401,276,1623,5901,20.0,4738,16.0,12.0,238.0,440.0,41016.0,699.0,23107.0,65261.0,32388.0,2658.0,849.0,29365.0,65261.0,150.0,5646.0,-8941.0,5689.0,2394.0,14.288299155609169,19.30036188178528,11.428984947896565,0.0168612504824392,28.264492753623188,0.5081135747230352,-3295.0,8941.0,16.0,414.56,12.0,699.0,5646.0,19.35,0,0,0,42.0,1281411.04,1198290.68,55.62,9.21,27.67,3.1,-0.25713841204302407,Ambuja Cements Ltd,Materials,Cement,Large Cap,40.61,Fair,0,Avoid
178,APOLLOHOSP,2019,9617,8548,1070.0,11.0,26,327,396,373,47.0,200,17.0,35.0,246.0,70.0,3264.0,3673.0,2159.0,9166.0,4982.0,822.0,462.0,2901.0,9166.0,157.0,905.0,-711.0,-215.0,-20.0,2.0796506186960597,11.126130810023916,5.9988002399520095,1.1016796640671866,3.3516819571865444,1.0492035784420686,194.0,711.0,17.0,33.34,35.0,3673.0,905.0,,0,0,0,43.0,1083786.88,1245185.95,49.76,14.18,13.13,0.26,0.017900198238236655,"Apollo Hospitals
Chain of Indian private hospitals",Healthcare,Healthcare,Large Cap,37.955,Fair,20,Avoid
179,APOLLOHOSP,2020,11247,9656,1591.0,14.0,222,533,620,660,34.0,432,33.0,18.0,247.0,70.0,3270.0,3596.0,4354.0,11289.0,7432.0,236.0,434.0,3187.0,11289.0,158.0,1293.0,-289.0,-910.0,94.0,3.841024273139504,14.145994487418868,12.934131736526949,1.0766467065868264,3.401500938086304,0.996279564177518,1004.0,289.0,33.0,33.4,18.0,3596.0,1293.0,,0,0,0,44.0,1275343.54,1525399.05,28.39,8.78,7.08,4.32,0.07872388642827954,"Apollo Hospitals
Chain of Indian private hospitals",Healthcare,Healthcare,Large Cap,37.955,Fair,20,Avoid
180,APOLLOHOSP,2021,10560,9420,1140.0,11.0,103,449,573,221,38.0,137,10.0,29.0,248.0,72.0,4531.0,4160.0,2629.0,11392.0,6778.0,234.0,1343.0,3037.0,11392.0,159.0,1265.0,-880.0,-340.0,44.0,1.2973484848484849,10.795454545454543,2.976319791440365,0.9037584184227676,2.7683741648106905,0.9269662921348316,385.0,880.0,10.0,46.03,29.0,4160.0,1265.0,,0,0,0,45.0,1154138.06,1069918.55,11.18,6.7,8.4,3.35,0.033358227524357006,"Apollo Hospitals
Chain of Indian private hospitals",Healthcare,Healthcare,Large Cap,37.955,Discount,20,Avoid
181,APOLLOHOSP,2022,14663,12474,2189.0,15.0,368,379,601,1578,30.0,1108,73.0,16.0,249.0,72.0,5551.0,4068.0,3570.0,13261.0,8296.0,46.0,816.0,4104.0,13261.0,160.0,1696.0,-747.0,-792.0,158.0,7.556434563186251,14.928732183045762,19.704783923172684,0.723457229237062,6.746701846965699,1.1057235502601614,949.0,747.0,73.0,56.23,16.0,4068.0,1696.0,,0,0,0,46.0,1499729.8,1505860.05,53.27,1.11,18.53,1.32,0.06327806515547,"Apollo Hospitals
Chain of Indian private hospitals",Healthcare,Healthcare,Large Cap,37.955,Fair,20,Avoid
182,APOLLOHOSP,2023,16612,14548,2065.0,12.0,75,381,615,1144,22.0,844,57.0,26.0,250.0,72.0,6126.0,4332.0,3886.0,14416.0,8520.0,610.0,574.0,4712.0,14416.0,161.0,1377.0,-857.0,-633.0,-113.0,5.080664579821816,12.430772935227546,13.61729590190384,0.6989351403678606,5.616797900262467,1.152330743618202,520.0,857.0,57.0,61.98,26.0,4332.0,1377.0,,0,0,0,47.0,1446203.76,1674544.0,17.38,12.98,28.27,3.2,0.035956205783893136,"Apollo Hospitals
Chain of Indian private hospitals",Healthcare,Healthcare,Large Cap,37.955,Discount,0,Avoid
183,APOLLOHOSP,2024,19059,16665,2394.0,13.0,105,449,687,1362,33.0,935,63.0,26.0,251.0,72.0,6864.0,5333.0,4474.0,16742.0,9664.0,873.0,986.0,5219.0,16742.0,162.0,1920.0,-1537.0,-311.0,72.0,4.905818773282963,12.56099480560365,13.480392156862743,0.7688869665513264,5.565701559020044,1.1383944570541151,383.0,1537.0,63.0,69.36,26.0,5333.0,1920.0,16.94,0,0,0,48.0,1905622.43,2433382.94,47.72,7.68,16.74,3.22,0.0200984200212211,"Apollo Hospitals
Chain of Indian private hospitals",Healthcare,Healthcare,Large Cap,37.955,Fair,0,Avoid
191,ASIANPAINT,2019,19240,15475,3765.0,20.0,274,110,622,3306,33.0,2208,22.0,47.0,259.0,96.0,9375.0,1320.0,5459.0,16249.0,6497.0,210.0,2569.0,6974.0,16249.0,169.0,2470.0,-918.0,-1117.0,434.0,11.476091476091476,19.56860706860707,23.3132720937599,0.1393728222996515,36.71818181818182,1.1840728660225244,1552.0,918.0,22.0,94.71,47.0,1320.0,2470.0,,0,0,0,49.0,1065817.17,1060968.11,30.34,5.08,33.21,0.45,0.14561596901277168,"Asian Paints
Indian Multi-National Paint and Coating Manufacturing Company",Materials,Paints & Coatings,Large Cap,40.61,Fair,0,Avoid
192,ASIANPAINT,2020,20211,16054,4157.0,21.0,355,102,780,3629,24.0,2774,28.0,43.0,260.0,96.0,10034.0,1118.0,4889.0,16138.0,6272.0,140.0,2019.0,7707.0,16138.0,170.0,3038.0,-518.0,-2871.0,-351.0,13.72519914897828,20.568007520657066,27.38400789733465,0.1103652517275419,44.23529411764706,1.2523856735654977,2520.0,518.0,28.0,101.3,43.0,1118.0,3038.0,,0,0,0,50.0,1148763.92,1230363.26,13.27,6.46,22.97,0.29,0.21936622104217895,"Asian Paints
Indian Multi-National Paint and Coating Manufacturing Company",Materials,Paints & Coatings,Large Cap,40.61,Discount,0,Avoid
193,ASIANPAINT,2021,21713,16857,4856.0,22.0,332,92,791,4304,26.0,3207,33.0,55.0,261.0,96.0,12710.0,1093.0,6456.0,20355.0,5859.0,183.0,4737.0,9577.0,20355.0,171.0,3683.0,-541.0,-650.0,2492.0,14.769953484087877,22.36448210749321,25.042948617835396,0.0853506168983289,56.391304347826086,1.0667157946450505,3142.0,541.0,33.0,128.06,55.0,1093.0,3683.0,,0,0,0,51.0,1269304.94,1629400.62,78.48,8.21,23.03,1.28,0.24753704968642132,"Asian Paints
Indian Multi-National Paint and Coating Manufacturing Company",Materials,Paints & Coatings,Large Cap,40.61,Caution,0,Avoid
194,ASIANPAINT,2022,29101,24298,4804.0,17.0,296,95,816,4188,26.0,3085,32.0,61.0,262.0,96.0,13716.0,1587.0,7560.0,22958.0,5519.0,426.0,3248.0,13765.0,22958.0,172.0,986.0,-317.0,-1808.0,-1138.0,10.60101027456101,16.50802377925157,22.335650159281784,0.114900086880973,53.68421052631579,1.2675755727850857,669.0,317.0,32.0,138.12,61.0,1587.0,986.0,,0,0,0,52.0,1711731.0,1728320.53,40.61,0.54,17.22,0.32,0.03908324380407903,"Asian Paints
Indian Multi-National Paint and Coating Manufacturing Company",Materials,Paints & Coatings,Large Cap,40.61,Fair,20,Avoid
195,ASIANPAINT,2023,34489,28229,6260.0,18.0,431,144,858,5689,26.0,4195,43.0,60.0,263.0,96.0,15896.0,1933.0,7854.0,25779.0,5770.0,1020.0,4262.0,14728.0,25779.0,173.0,4193.0,-1282.0,-2140.0,771.0,12.16329844298182,18.15071472063557,26.23186593296648,0.1208729364682341,46.46527777777778,1.3378719112455877,2911.0,1282.0,43.0,159.92,60.0,1933.0,4193.0,,0,0,0,53.0,2091585.31,2351790.62,49.2,4.65,33.52,0.01,0.1391767281058213,"Asian Paints
Indian Multi-National Paint and Coating Manufacturing Company",Materials,Paints & Coatings,Large Cap,40.61,Fair,0,Avoid
196,ASIANPAINT,2024,35495,27910,7585.0,21.0,821,205,853,7348,24.0,5558,57.0,58.0,264.0,96.0,18632.0,2474.0,8698.0,29901.0,7147.0,2698.0,4588.0,15468.0,29901.0,174.0,6104.0,-2548.0,-2982.0,573.0,15.658543456824903,21.3692069305536,29.677488252883386,0.1321016659547202,41.00487804878049,1.187084044011906,3556.0,2548.0,57.0,187.28,58.0,2474.0,6104.0,9.88,0,0,0,54.0,2126725.18,2475080.63,73.37,3.9,23.94,2.42,0.16720543083991699,"Asian Paints
Indian Multi-National Paint and Coating Manufacturing Company",Materials,Paints & Coatings,Large Cap,40.61,Caution,0,Avoid
199,ATGL,2019,1719,1264,455.0,26.0,59,90,67,357,36.0,229,2.0,12.0,280.0,110.0,992.0,394.0,552.0,2048.0,980.0,190.0,176.0,701.0,2048.0,,,,,,13.321698662012798,26.46887725421757,20.780399274047188,0.3575317604355716,5.711111111111111,0.83935546875,,,2.0,11.02,12.0,394.0,,,0,0,0,55.0,1148243.4,1228379.56,21.14,0.81,10.15,4.39,,Adani Total Gas Ltd,Energy,Gas Distribution,Large Cap,41.495,Discount,40,Hold
200,ATGL,2020,1875,1280,595.0,32.0,44,41,51,547,20.0,436,4.0,6.0,281.0,110.0,1361.0,428.0,577.0,2476.0,1198.0,342.0,282.0,655.0,2476.0,,,,,,23.25333333333333,31.73333333333333,29.63970088375255,0.2909585316111489,15.585365853658535,0.7572697899838449,,,4.0,14.71,6.0,428.0,,,0,0,0,56.0,1099356.08,1400593.18,22.78,14.0,27.91,0.51,,Adani Total Gas Ltd,Energy,Gas Distribution,Large Cap,41.495,Discount,0,Avoid
201,ATGL,2021,1696,991,704.0,42.0,30,40,63,631,25.0,463,4.0,6.0,282.0,110.0,1824.0,529.0,741.0,3204.0,1379.0,696.0,417.0,711.0,3204.0,,,,,,27.299528301886795,41.50943396226416,23.94002068252327,0.2735263702171664,18.35,0.529338327091136,,,4.0,19.34,6.0,529.0,,,0,0,0,57.0,1254318.65,1288694.02,35.59,6.88,19.79,2.99,,Adani Total Gas Ltd,Energy,Gas Distribution,Large Cap,41.495,Fair,0,Avoid
202,ATGL,2022,3038,2265,773.0,25.0,46,53,83,684,26.0,509,5.0,5.0,283.0,110.0,2306.0,1035.0,964.0,4415.0,1733.0,1171.0,634.0,878.0,4415.0,,,,,,16.754443712969056,25.44437129690586,21.06788079470199,0.4283940397350993,15.452830188679243,0.6881087202718007,,,5.0,24.16,5.0,1035.0,,,0,0,0,58.0,1548060.05,1597088.78,74.55,14.11,6.42,0.07,,Adani Total Gas Ltd,Energy,Gas Distribution,Large Cap,41.495,Caution,20,Avoid
203,ATGL,2023,4378,3508,870.0,20.0,54,78,113,733,25.0,546,5.0,5.0,284.0,110.0,2831.0,1422.0,1282.0,5645.0,2335.0,1619.0,682.0,1010.0,5645.0,,,,,,12.47144814984011,19.87208771128369,18.56511390683441,0.4835090105406324,11.846153846153848,0.7755535872453498,,,5.0,29.41,5.0,1422.0,,,0,0,0,59.0,1644865.15,1868991.35,28.01,4.26,28.74,2.71,,Adani Total Gas Ltd,Energy,Gas Distribution,Large Cap,41.495,Discount,0,Avoid
204,ATGL,2024,4475,3371,1104.0,25.0,62,111,158,896,26.0,668,6.0,4.0,285.0,110.0,3470.0,1557.0,1454.0,6592.0,3174.0,1502.0,706.0,1209.0,6592.0,,,,,,14.927374301675975,24.67039106145252,18.65921787709497,0.4349162011173184,10.504504504504505,0.6788531553398058,,,6.0,35.8,4.0,1557.0,,26.08,0,0,0,60.0,1535602.41,1925338.89,56.96,5.76,28.93,0.51,,Adani Total Gas Ltd,Energy,Gas Distribution,Large Cap,41.495,Fair,0,Avoid
225,AXISBANK,2019,54986,33278,27155.0,-5447.0,-10,13130,710,6974,33.0,4677,18.0,6.0,293.0,514.0,67288.0,711996.0,34248.0,814046.0,3842.0,288.0,174056.0,635860.0,814046.0,202.0,37125.0,-18674.0,5643.0,24094.0,8.505801476739535,49.385298075873855,6.898026606884752,10.501106162060116,2.0674028941355678,0.0675465514233839,18451.0,18674.0,18.0,678.02,6.0,711996.0,37125.0,,0,0,0,61.0,658857.1,603890.3,32.36,2.69,27.17,3.03,2.80045551607473,Axis Bank Ltd,Financials,Private Banks,Large Cap,43.585,Fair,20,Avoid
226,AXISBANK,2020,62635,37429,35066.0,-9859.0,-16,15537,773,4904,67.0,1627,6.0,0.0,294.0,564.0,85776.0,797337.0,44194.0,927872.0,3912.0,483.0,155282.0,768196.0,927872.0,203.0,30416.0,-9485.0,8865.0,29795.0,2.5975892073122058,55.984673106090845,1.8844104702339584,9.234850590687978,2.255905258415396,0.0675039229548903,20931.0,9485.0,6.0,863.4,0.0,797337.0,30416.0,,0,0,0,62.0,609012.03,554106.67,65.08,0.53,17.04,2.23,3.4368779217711016,Axis Bank Ltd,Financials,Private Banks,Large Cap,43.585,Fair,40,Hold
227,AXISBANK,2021,63346,34107,31749.0,-2510.0,-4,12264,948,8806,25.0,6588,22.0,0.0,295.0,613.0,102981.0,850551.0,46859.0,1001005.0,4501.0,118.0,225336.0,771050.0,1001005.0,204.0,12633.0,-54288.0,7279.0,-34375.0,10.400025258106274,50.11997600479904,6.359441666505782,8.210427244821128,2.588470319634703,0.0632824011868072,-41655.0,54288.0,22.0,1035.94,0.0,850551.0,12633.0,,0,0,0,63.0,766941.69,947497.75,60.2,4.08,30.21,1.11,-5.431312516079287,Axis Bank Ltd,Financials,Private Banks,Large Cap,43.585,Fair,0,Avoid
228,AXISBANK,2022,67377,34245,29962.0,3170.0,5,15221,1008,17383,25.0,13025,42.0,2.0,296.0,614.0,117647.0,1020943.0,56576.0,1195779.0,4753.0,215.0,274608.0,916203.0,1195779.0,205.0,28137.0,-27112.0,47894.0,48919.0,19.33152262641554,44.4691808777476,11.01377461716035,8.632964375406939,1.968793114775639,0.0563456959856294,1025.0,27112.0,42.0,1182.61,2.0,1020943.0,28137.0,,0,0,0,64.0,734196.42,821456.53,56.88,1.27,7.1,3.53,0.13960841705003135,Axis Bank Ltd,Financials,Private Banks,Large Cap,43.585,Fair,40,Hold
229,AXISBANK,2023,85164,42218,29089.0,13857.0,16,16143,13094,16906,43.0,9580,31.0,3.0,297.0,615.0,129166.0,1152038.0,62598.0,1344418.0,5000.0,142.0,288095.0,1051181.0,1344418.0,206.0,22075.0,-32351.0,6641.0,-3636.0,11.248884505189986,34.15645108261707,7.381666037401469,8.876784737365254,1.8029486464721551,0.0633463699533924,-10276.0,32351.0,31.0,1297.81,3.0,1152038.0,22075.0,,0,0,0,65.0,939586.86,1072798.07,38.88,12.76,30.51,2.61,-1.0936721699151901,Axis Bank Ltd,Financials,Private Banks,Large Cap,43.585,Fair,0,Avoid
230,AXISBANK,2024,109369,59474,37943.0,11952.0,11,22442,1334,33060,25.0,24861,81.0,1.0,298.0,617.0,156406.0,1295302.0,65913.0,1518239.0,5860.0,267.0,332354.0,1179758.0,1518239.0,207.0,-5555.0,-9001.0,22341.0,7785.0,22.73130411725443,34.69264599658038,15.832712405189048,8.249122739980766,1.691203992514036,0.0720367478374617,-14556.0,9001.0,81.0,1570.23,1.0,1295302.0,-5555.0,10.99,0,0,0,66.0,948868.63,929130.29,38.14,4.66,16.87,2.32,-1.5340374357196316,Axis Bank Ltd,Financials,Private Banks,Large Cap,43.585,Fair,0,Avoid
212,BAJAJ-AUTO,2019,30358,25160,5198.0,17.0,2028,4,266,6956,29.0,4928,170.0,35.0,305.0,289.0,22944.0,125.0,5476.0,28834.0,1764.0,48.0,20603.0,6420.0,28834.0,214.0,2487.0,-273.0,-2074.0,140.0,16.2329534224916,17.12234007510376,21.21120819523953,0.0053802780527697,1806.5,1.0528542692654506,2214.0,273.0,170.0,232.33,35.0,125.0,2487.0,,0,0,0,67.0,323040.49,309541.21,42.63,11.32,21.98,1.62,0.6853630020187254,Bajaj Auto Ltd,Consumer Discretionary,Two Wheelers,Large Cap,42.5,Fair,0,Avoid
213,BAJAJ-AUTO,2020,29919,24809,5109.0,17.0,1832,3,246,6692,22.0,5212,180.0,67.0,306.0,289.0,21373.0,126.0,4722.0,26510.0,1699.0,60.0,19914.0,4837.0,26510.0,215.0,3850.0,1766.0,-6247.0,-630.0,17.42036832781844,17.076105484808984,24.06056689133044,0.0058166374296002,2313.6666666666665,1.1285929837797055,5616.0,1766.0,180.0,216.62,67.0,126.0,3850.0,,0,0,0,68.0,351288.98,435411.55,79.31,9.65,32.77,0.07,1.5986837958879327,Bajaj Auto Ltd,Consumer Discretionary,Two Wheelers,Large Cap,42.5,Caution,0,Avoid
214,BAJAJ-AUTO,2021,27741,22803,4938.0,18.0,1570,7,259,6241,22.0,4857,168.0,83.0,307.0,289.0,26984.0,121.0,6207.0,33602.0,1668.0,16.0,24687.0,7232.0,33602.0,216.0,3120.0,-2869.0,-20.0,231.0,17.508381096571863,17.800367686817346,17.808821911780882,0.0044366223004436,929.7142857142856,0.8255758585798464,251.0,2869.0,168.0,272.73,83.0,121.0,3120.0,,0,0,0,69.0,453226.79,580864.47,49.41,11.43,22.95,1.29,0.05538066273619881,Bajaj Auto Ltd,Consumer Discretionary,Two Wheelers,Large Cap,42.5,Fair,0,Avoid
215,BAJAJ-AUTO,2022,33145,27886,5259.0,16.0,2671,9,270,7652,19.0,6166,213.0,66.0,308.0,289.0,29570.0,123.0,5129.0,35111.0,1836.0,77.0,26634.0,6564.0,35111.0,217.0,4197.0,276.0,-4056.0,417.0,18.60310755770101,15.866646553024587,20.650390167118797,0.0041193609966844,881.1111111111111,0.9440061519182024,4473.0,276.0,213.0,298.59,66.0,123.0,4197.0,,0,0,0,70.0,578373.58,658614.05,49.72,10.06,34.96,3.29,0.7733755750046536,Bajaj Auto Ltd,Consumer Discretionary,Two Wheelers,Large Cap,42.5,Fair,0,Avoid
216,BAJAJ-AUTO,2023,36455,29991,6465.0,18.0,1703,40,286,7842,23.0,6060,214.0,65.0,309.0,283.0,29079.0,124.0,5651.0,35136.0,2842.0,85.0,26183.0,6026.0,35136.0,218.0,5277.0,1211.0,-7181.0,-692.0,16.62323412426279,17.734192840488273,20.638921054424088,0.0042231455622913,204.2,1.037539845173042,6488.0,1211.0,214.0,293.62,65.0,124.0,5277.0,,0,0,0,71.0,552671.87,600604.78,78.58,8.54,37.84,3.66,1.173933458925637,Bajaj Auto Ltd,Consumer Discretionary,Two Wheelers,Large Cap,42.5,Caution,0,Avoid
217,BAJAJ-AUTO,2024,44870,36106,8765.0,20.0,1700,60,365,10040,23.0,7708,276.0,29.0,310.0,279.0,28683.0,1912.0,8470.0,39344.0,3217.0,35.0,28087.0,8005.0,39344.0,219.0,6558.0,-72.0,-6167.0,319.0,17.178515712057056,19.53420993982616,26.61418410330778,0.0660175402251225,174.41666666666666,1.1404534363562424,6486.0,72.0,276.0,289.62,29.0,1912.0,6558.0,4.71,0,0,0,72.0,653817.3,679803.97,29.91,9.83,20.14,3.59,0.992020247858232,Bajaj Auto Ltd,Consumer Discretionary,Two Wheelers,Large Cap,42.5,Fair,0,Avoid
238,BAJAJFINSV,2019,42605,27569,15037.0,35.0,2,6657,226,8155,34.0,5374,20.0,1.0,318.0,80.0,23660.0,99754.0,84934.0,208428.0,2097.0,66.0,81679.0,124587.0,208428.0,238.0,-27076.0,-6903.0,34535.0,555.0,12.61354301138364,35.29397957986152,22.636899747262003,4.201937657961246,2.259125732311852,0.2044111155890763,-33979.0,6903.0,20.0,237.4,1.0,99754.0,-27076.0,,0,0,0,73.0,1148808.62,1356848.11,43.61,5.19,19.45,4.03,-2.9577598399287774,Bajaj Finserv Ltd,Financials,Diversified Financials,Large Cap,43.585,Fair,0,Avoid
239,BAJAJFINSV,2020,54351,36094,18258.0,34.0,0,9500,457,8302,28.0,5994,21.0,2.0,319.0,80.0,31222.0,127212.0,92791.0,251304.0,3216.0,45.0,91821.0,156223.0,251304.0,239.0,-23369.0,-9948.0,34479.0,1162.0,11.028315946348734,33.59275818292212,19.148936170212767,4.064021468276788,1.921894736842105,0.2162759048801451,-33317.0,9948.0,21.0,313.02,2.0,127212.0,-23369.0,,0,0,0,74.0,1182995.84,1200693.12,33.33,3.61,24.06,0.66,-2.816324358334176,Bajaj Finserv Ltd,Financials,Diversified Financials,Large Cap,43.585,Fair,0,Avoid
240,BAJAJFINSV,2021,60592,40950,19641.0,32.0,-7,9274,498,9862,25.0,7367,28.0,1.0,320.0,80.0,35750.0,128461.0,115554.0,279845.0,3182.0,129.0,113654.0,162879.0,279845.0,240.0,4547.0,-3684.0,1687.0,2551.0,12.158370742012146,32.415170319514125,20.56098241696902,3.585291655037678,2.1171015742937245,0.2165198592077757,863.0,3684.0,28.0,358.3,1.0,128461.0,4547.0,,0,0,0,75.0,1489062.77,1474517.75,51.06,2.31,39.25,2.05,0.05795591813768872,Bajaj Finserv Ltd,Financials,Diversified Financials,Large Cap,43.585,Fair,20,Avoid
241,BAJAJFINSV,2022,68406,46951,21455.0,31.0,8,9629,563,11271,26.0,8314,29.0,1.0,321.0,80.0,40167.0,161179.0,131987.0,333413.0,3586.0,113.0,119222.0,210493.0,333413.0,241.0,-33670.0,1445.0,32326.0,101.0,12.153904628248984,31.36420781802765,20.657440306109773,4.004745695331329,2.2289957420292867,0.2051689646174564,-32225.0,1445.0,29.0,402.47,1.0,161179.0,-33670.0,,0,0,0,76.0,1877835.72,2267409.89,59.39,12.5,8.52,3.05,-1.7160713078777732,Bajaj Finserv Ltd,Financials,Diversified Financials,Large Cap,43.585,Fair,20,Avoid
242,BAJAJFINSV,2023,82072,52204,29868.0,36.0,1,12380,678,16811,27.0,12210,40.0,2.0,322.0,159.0,46248.0,212265.0,146729.0,405401.0,4336.0,191.0,136176.0,264698.0,405401.0,242.0,-39480.0,-13945.0,51016.0,-2409.0,14.87718101179452,36.39243590993274,26.31068588790485,4.573986683043507,2.4126817447495963,0.2024464665849369,-53425.0,13945.0,40.0,464.07,2.0,212265.0,-39480.0,,0,0,0,77.0,1845750.3,2241384.41,76.89,13.57,9.02,1.66,-2.8944868653143385,Bajaj Finserv Ltd,Financials,Diversified Financials,Large Cap,43.585,Caution,20,Avoid
243,BAJAJFINSV,2024,110382,69497,40886.0,37.0,-4,18607,900,21375,27.0,15595,51.0,2.0,323.0,159.0,60169.0,288933.0,188154.0,537415.0,5455.0,220.0,168385.0,363355.0,537415.0,243.0,-68674.0,-10960.0,82709.0,3075.0,14.128209309488865,37.04045949520755,25.850351412279537,4.789368120938867,2.197130112323319,0.2053943414307379,-79634.0,10960.0,51.0,603.28,2.0,288933.0,-68674.0,32.47,0,0,0,78.0,1905112.17,1807796.2,15.07,6.08,39.72,2.56,-4.180016339930263,Bajaj Finserv Ltd,Financials,Diversified Financials,Large Cap,43.585,Discount,0,Avoid
251,BAJAJHLDNG,2019,431,85,347.0,80.0,2827,0,4,3170,4.0,3048,274.0,12.0,331.0,111.0,26841.0,0.0,56.0,27008.0,193.0,0.0,26257.0,558.0,27008.0,250.0,628.0,-163.0,-536.0,-72.0,707.1925754060325,80.51044083526682,11.308993766696348,0.0,inf,0.0159582345971564,465.0,163.0,274.0,269.52,12.0,0.0,628.0,,0,0,0,79.0,1014477.55,1181797.59,76.88,9.04,7.28,2.22,0.045836401209666984,Bajaj Holdings & Investment Ltd,Financials,Holding Companies,Large Cap,43.585,Caution,20,Avoid
252,BAJAJHLDNG,2020,435,134,301.0,69.0,3058,13,33,3314,7.0,3080,269.0,15.0,332.0,111.0,27652.0,168.0,4797.0,32729.0,374.0,0.0,32068.0,287.0,32729.0,251.0,1920.0,-800.0,-1028.0,92.0,708.0459770114943,69.19540229885057,11.093901955840508,0.0060512192486402,258.38461538461536,0.0132909651990589,1120.0,800.0,269.0,277.63,15.0,168.0,1920.0,,0,0,0,80.0,1365867.86,1440937.45,50.76,2.05,9.94,3.94,0.08199914741386476,Bajaj Holdings & Investment Ltd,Financials,Holding Companies,Large Cap,43.585,Fair,40,Hold
253,BAJAJHLDNG,2021,457,106,352.0,77.0,3451,4,34,3766,3.0,3654,328.0,12.0,333.0,111.0,37056.0,136.0,8186.0,45490.0,342.0,0.0,44914.0,234.0,45490.0,252.0,272.0,-308.0,-37.0,-73.0,799.562363238512,77.02407002188184,9.831301961417386,0.0036591600075335,950.75,0.0100461639920861,-36.0,308.0,328.0,371.67,12.0,136.0,272.0,,0,0,0,81.0,1366103.22,1396404.09,35.88,14.51,7.95,3.68,-0.002635232790096198,Bajaj Holdings & Investment Ltd,Financials,Holding Companies,Large Cap,43.585,Fair,20,Avoid
254,BAJAJHLDNG,2022,484,117,367.0,76.0,3896,3,34,4226,2.0,4126,364.0,32.0,334.0,111.0,42731.0,114.0,10632.0,53588.0,310.0,0.0,52964.0,314.0,53588.0,253.0,1610.0,-151.0,-1460.0,-1.0,852.4793388429752,75.82644628099173,9.630736193455022,0.0026609401988702,1421.0,0.0090318728073449,1459.0,151.0,364.0,428.42,32.0,114.0,1610.0,,0,0,0,82.0,1394489.39,1728870.12,79.41,5.56,9.53,0.65,0.10462610977628162,Bajaj Holdings & Investment Ltd,Financials,Holding Companies,Large Cap,43.585,Caution,20,Avoid
255,BAJAJHLDNG,2023,522,142,380.0,73.0,4673,7,34,5012,1.0,4946,436.0,28.0,335.0,111.0,44071.0,93.0,8913.0,53188.0,278.0,0.0,52555.0,355.0,53188.0,254.0,1728.0,-137.0,-1587.0,4.0,947.5095785440614,72.79693486590038,11.194604137431536,0.0021049296093431,721.8571428571429,0.0098142438143942,1591.0,137.0,436.0,441.82,28.0,93.0,1728.0,,0,0,0,83.0,1714344.05,1642287.8,26.75,3.46,17.45,0.33,0.0928051752505572,Bajaj Holdings & Investment Ltd,Financials,Holding Companies,Large Cap,43.585,Discount,0,Avoid
256,BAJAJHLDNG,2024,1702,140,1562.0,92.0,5967,2,34,7493,2.0,7365,653.0,20.0,336.0,111.0,54136.0,63.0,10851.0,65161.0,244.0,0.0,64715.0,203.0,65161.0,255.0,1941.0,-472.0,-1455.0,14.0,432.7262044653349,91.7743830787309,13.576787656460263,0.0011613545449517,3764.5,0.0261199183560718,1469.0,472.0,653.0,542.47,20.0,63.0,1941.0,4.5,0,0,0,84.0,2191568.13,2726439.01,37.73,9.38,27.47,3.37,0.06702962960133939,Bajaj Holdings & Investment Ltd,Financials,Holding Companies,Large Cap,43.585,Fair,0,Avoid
262,BAJFINANCE,2019,18487,6723,5454.0,6310.0,34,13,144,6179,35.0,3995,69.0,9.0,342.0,115.0,19582.0,101588.0,2948.0,124233.0,695.0,0.0,8599.0,114939.0,124233.0,260.0,-29062.0,-5379.0,34449.0,9.0,21.609779845296696,29.50181208416725,20.2822764888054,5.157536680712799,422.1538461538461,0.1488090925921454,-34441.0,5379.0,69.0,196.97,9.0,101588.0,-29062.0,,0,0,0,85.0,865823.64,997880.37,58.62,5.53,16.56,1.21,-3.9778308663413253,Bajaj Finance Ltd,Financials,Consumer Finance,Large Cap,43.585,Fair,0,Avoid
263,BAJFINANCE,2020,26374,9608,9159.0,7608.0,29,9,295,7322,28.0,5264,87.0,11.0,343.0,120.0,32208.0,129806.0,2257.0,164391.0,1321.0,0.0,17544.0,145526.0,164391.0,261.0,-24412.0,-8758.0,34167.0,998.0,19.959050580116784,34.72738302874043,16.283098243009157,4.015280871071517,1020.8888888888888,0.1604345736688748,-33170.0,8758.0,87.0,323.28,11.0,129806.0,-24412.0,,0,0,0,86.0,973552.26,1016449.19,46.9,6.39,34.29,0.33,-3.4071103691957942,Bajaj Finance Ltd,Financials,Consumer Finance,Large Cap,43.585,Fair,0,Avoid
264,BAJFINANCE,2021,26673,9519,10839.0,6314.0,24,3,325,5992,26.0,4420,73.0,14.0,344.0,120.0,36798.0,131634.0,2918.0,171470.0,1316.0,51.0,18397.0,151707.0,171470.0,262.0,-807.0,-429.0,1741.0,505.0,16.5710643722116,40.63659880778315,11.97247954927136,3.5655777669429547,3621.0,0.1555549075640053,-1236.0,429.0,73.0,369.18,14.0,131634.0,-807.0,,0,0,0,87.0,1106057.88,1250121.36,35.63,6.6,33.0,1.26,-0.11174822062657336,Bajaj Finance Ltd,Financials,Consumer Finance,Large Cap,43.585,Fair,0,Avoid
265,BAJFINANCE,2022,31641,9855,11880.0,9906.0,31,-17,385,9504,26.0,7028,116.0,17.0,345.0,121.0,43592.0,165232.0,3562.0,212506.0,1716.0,34.0,12246.0,198510.0,212506.0,263.0,-37090.0,6347.0,32275.0,1532.0,22.211687367655887,37.546221674409786,16.07759705350811,3.779928167821929,-700.6470588235294,0.1488946194460391,-30743.0,6347.0,116.0,437.13,17.0,165232.0,-37090.0,,0,0,0,88.0,1422060.71,1789716.47,54.84,11.71,26.45,2.36,-2.161862695721338,Bajaj Finance Ltd,Financials,Consumer Finance,Large Cap,43.585,Fair,0,Avoid
266,BAJFINANCE,2023,41411,12701,12693.0,16018.0,39,-5,485,15528,26.0,11508,190.0,16.0,346.0,121.0,54251.0,216690.0,4164.0,275226.0,2308.0,80.0,22752.0,250087.0,275226.0,264.0,-42112.0,-10394.0,50675.0,-1831.0,27.7897177078554,30.65127623095313,21.16530567203708,3.985323328183624,-2546.4,0.1504618023006547,-52506.0,10394.0,190.0,543.72,16.0,216690.0,-42112.0,,0,0,0,89.0,1896088.83,1920855.51,19.1,4.67,26.51,0.83,-2.769174058158446,Bajaj Finance Ltd,Financials,Consumer Finance,Large Cap,43.585,Discount,0,Avoid
267,BAJFINANCE,2024,54972,18886,16099.0,19987.0,36,6,683,19310,25.0,14451,233.0,15.0,347.0,124.0,76572.0,293346.0,5700.0,375742.0,3250.0,43.0,30881.0,341568.0,375742.0,265.0,-72760.0,-7171.0,82415.0,2484.0,26.287928399912687,29.28581823473769,18.841921351830603,3.824788776468134,2689.1666666666665,0.1463025160881668,-79931.0,7171.0,233.0,766.96,15.0,293346.0,-72760.0,37.37,0,0,0,90.0,2473271.58,2632574.41,69.2,4.11,15.96,0.27,-3.2317922805711454,Bajaj Finance Ltd,Financials,Consumer Finance,Large Cap,43.585,Caution,0,Avoid
275,BANKBARODA,2019,52906,32506,25815.0,-5414.0,-10,7887,948,1525,29.0,1166,4.0,0.0,355.0,530.0,54466.0,734456.0,30217.0,819670.0,7368.0,0.0,195716.0,616586.0,819670.0,272.0,-1449.0,-2537.0,4449.0,462.0,2.203908819415567,48.79408762711223,2.1201541930322207,13.354716706669576,3.271839736274883,0.0645454878182683,-3986.0,2537.0,4.0,549.96,0.0,734456.0,-1449.0,,0,0,0,91.0,427508.41,546550.16,36.0,9.78,19.97,0.21,-0.9323793185729377,Bank of Baroda,Financials,Public Sector Banks,Large Cap,43.585,Fair,0,Avoid
276,BANKBARODA,2020,78895,50040,40583.0,-11728.0,-15,12191,1697,-1234,-99.0,981,2.0,0.0,356.0,925.0,75179.0,1068981.0,54850.0,1199935.0,9268.0,0.0,289727.0,900941.0,1199935.0,273.0,18531.0,-139.0,14729.0,33120.0,1.2434248051207302,51.439254705621394,1.2890255439924314,14.046318196152631,3.327700762857846,0.0657493947588827,18392.0,139.0,2.0,761.04,0.0,1068981.0,18531.0,,0,0,0,92.0,471014.36,436331.44,71.63,11.42,18.25,2.88,3.904764177465842,Bank of Baroda,Financials,Public Sector Banks,Large Cap,43.585,Caution,20,Avoid
277,BANKBARODA,2021,74314,43201,38070.0,-6957.0,-9,14687,1357,6373,77.0,1620,3.0,0.0,357.0,1036.0,81354.0,1067173.0,53104.0,1202667.0,8441.0,0.0,281859.0,912367.0,1202667.0,274.0,-887.0,-471.0,-986.0,-2344.0,2.179939177005678,51.22857065963344,1.966258041024396,12.95270057045758,2.591475454483557,0.0617910028295446,-1358.0,471.0,3.0,823.9,0.0,1067173.0,-887.0,,0,0,0,93.0,426745.64,503995.99,67.24,12.42,14.95,1.19,-0.31822234903208385,Bank of Baroda,Financials,Public Sector Banks,Large Cap,43.585,Caution,20,Avoid
278,BANKBARODA,2022,73385,38815,37518.0,-2948.0,-4,14395,1438,10008,23.0,7933,15.0,19.0,358.0,1036.0,90833.0,1185331.0,62922.0,1340121.0,11098.0,1.0,347587.0,981435.0,1340121.0,275.0,6210.0,-3645.0,-998.0,1567.0,10.810111058118144,51.12488928255093,8.635121749447583,12.902404510770772,2.6060437651962487,0.0547599806286148,2565.0,3645.0,15.0,918.69,19.0,1185331.0,6210.0,,0,0,0,94.0,473985.89,610071.44,74.28,5.71,32.29,4.15,0.5411553495822418,Bank of Baroda,Financials,Public Sector Banks,Large Cap,43.585,Caution,0,Avoid
279,BANKBARODA,2023,94503,49942,38231.0,6329.0,7,16275,2040,20565,29.0,15005,29.0,19.0,359.0,1036.0,104019.0,1342592.0,78224.0,1525871.0,9865.0,3.0,397487.0,1118516.0,1525871.0,276.0,-21354.0,-1096.0,-5405.0,-27855.0,15.877802821074464,40.45480037670762,14.282994621864736,12.77989624482414,2.349493087557604,0.0619338069863048,-22450.0,1096.0,29.0,1050.55,19.0,1342592.0,-21354.0,,0,0,0,95.0,464725.74,572597.07,27.29,5.48,11.96,2.28,-4.830806229928215,Bank of Baroda,Financials,Public Sector Banks,Large Cap,43.585,Discount,20,Avoid
280,BANKBARODA,2024,118379,69899,44379.0,4102.0,3,23399,1702,25799,29.0,18869,36.0,21.0,360.0,1036.0,118677.0,1453761.0,81302.0,1654775.0,9054.0,6.0,407136.0,1238579.0,1654775.0,277.0,-6274.0,-1285.0,5476.0,-2084.0,15.93948250956673,37.4889127294537,15.761863790899902,12.143718727289434,1.8967477242617208,0.0715378223625568,-7559.0,1285.0,36.0,1197.13,21.0,1453761.0,-6274.0,4.79,0,0,0,96.0,590971.02,656699.32,16.89,4.15,24.7,2.62,-1.279081332956056,Bank of Baroda,Financials,Public Sector Banks,Large Cap,43.585,Discount,0,Avoid
301,BEL,2019,12164,9255,2909.0,24.0,73,16,338,2628,30.0,1887,3.0,44.0,367.0,11.0,38.0,47.0,30.0,126.0,11.0,0.0,0.0,114.0,126.0,284.0,1514.0,-896.0,-663.0,-45.0,15.512989148306476,23.914830647813226,3851.020408163265,0.9591836734693876,186.375,96.53968253968254,618.0,896.0,3.0,0.49,44.0,47.0,1514.0,,0,0,0,97.0,770752.45,926042.39,73.48,7.9,30.16,4.11,0.08018138638417563,Bharat Electronics Ltd,Industrials,Defence Electronics,Large Cap,48.83,Caution,0,Avoid
302,BEL,2020,12968,10209,2759.0,21.0,99,8,372,2478,28.0,1825,3.0,37.0,368.0,11.0,44.0,44.0,23.0,122.0,14.0,0.0,0.0,108.0,122.0,285.0,2570.0,-649.0,-1061.0,861.0,14.073103022825418,21.275447254781,3318.181818181818,0.8,357.25,106.29508196721312,1921.0,649.0,3.0,0.55,37.0,44.0,2570.0,,0,0,0,98.0,902791.12,1056022.12,59.94,4.28,25.39,3.79,0.21278454754849607,Bharat Electronics Ltd,Industrials,Defence Electronics,Large Cap,48.83,Fair,0,Avoid
303,BEL,2021,14109,10895,3214.0,23.0,125,10,387,2942,30.0,2100,3.0,46.0,369.0,11.0,48.0,49.0,43.0,152.0,15.0,1.0,0.0,136.0,152.0,286.0,5093.0,-2595.0,-1076.0,1422.0,14.88411652136934,22.779785952229076,3559.322033898305,0.8305084745762712,333.9,92.82236842105264,2498.0,2595.0,3.0,0.59,46.0,49.0,5093.0,,0,0,0,99.0,901058.99,1134314.51,52.67,6.64,26.81,1.81,0.2772293520982461,Bharat Electronics Ltd,Industrials,Defence Electronics,Large Cap,48.83,Fair,0,Avoid
304,BEL,2022,15368,12024,3344.0,22.0,232,9,401,3166,26.0,2400,3.0,46.0,370.0,11.0,58.0,58.0,35.0,163.0,17.0,0.0,0.0,145.0,163.0,287.0,4207.0,-4872.0,-1078.0,-1742.0,15.616866215512754,21.759500260281104,3478.260869565217,0.8405797101449275,397.3333333333333,94.28220858895706,-665.0,4872.0,3.0,0.69,46.0,58.0,4207.0,,0,0,0,100.0,1143459.9,1249718.69,72.89,7.89,28.11,4.49,-0.05815682736228879,Bharat Electronics Ltd,Industrials,Defence Electronics,Large Cap,48.83,Fair,0,Avoid
305,BEL,2023,17734,13645,4090.0,23.0,281,19,429,3923,25.0,2986,4.0,44.0,371.0,11.0,64.0,39.0,29.0,144.0,17.0,0.0,0.0,126.0,144.0,288.0,1199.0,2708.0,-1262.0,2645.0,16.837712867937295,23.063042742754032,3981.333333333333,0.52,230.05263157894737,123.15277777777776,3907.0,2708.0,4.0,0.75,44.0,39.0,1199.0,,0,0,0,101.0,1055965.69,1261553.4,18.0,12.66,25.88,4.22,0.3699930818774993,Bharat Electronics Ltd,Industrials,Defence Electronics,Large Cap,48.83,Discount,0,Avoid
306,BEL,2024,20268,15217,5051.0,25.0,670,12,443,5266,25.0,3985,5.0,40.0,372.0,11.0,73.0,43.0,33.0,161.0,18.0,0.0,1.0,142.0,161.0,289.0,4659.0,-5924.0,-1475.0,-2739.0,19.661535425300965,24.921057825143084,4744.047619047619,0.5119047619047619,476.75,125.88819875776396,-1265.0,5924.0,5.0,0.84,40.0,43.0,4659.0,10.64,0,0,0,102.0,1354781.06,1259877.04,17.89,9.22,23.14,0.76,-0.09337302073000636,Bharat Electronics Ltd,Industrials,Defence Electronics,Large Cap,48.83,Discount,0,Avoid
288,BHARTIARTL,2019,80780,55016,25764.0,32.0,4474,10622,21348,-1732,-99.0,1688,1.0,244.0,380.0,1999.0,69424.0,125428.0,77176.0,274026.0,200832.0,9634.0,15711.0,47850.0,274026.0,296.0,20070.0,-28286.0,9464.0,1248.0,2.089626145085417,31.894033176528847,2.3633843439788302,1.756128978060289,2.8467331952551307,0.2947895455175786,-8216.0,28286.0,1.0,714.23,244.0,125428.0,20070.0,,0,0,0,103.0,224578.88,206515.69,70.91,12.2,32.49,0.07,-3.6584027848032727,Bharti Airtel Ltd,Communication Services,Telecommunications,Large Cap,48.23,Fair,0,Avoid
289,BHARTIARTL,2020,87539,50930,36610.0,42.0,-37775,13992,27690,-42846,-28.0,-30664,-55.0,-3.0,381.0,2728.0,74417.0,148228.0,133718.0,359091.0,229256.0,4282.0,25476.0,100077.0,359091.0,297.0,18129.0,-29598.0,19144.0,7675.0,-35.02895852134477,41.821359622568224,-39.74852550392119,1.9214207012768163,-0.0832618639222412,0.2437794319545742,-11469.0,29598.0,-55.0,771.45,-3.0,148228.0,18129.0,,0,0,0,104.0,196241.62,219777.99,79.6,5.46,17.05,0.6,-5.8443259895632735,Bharti Airtel Ltd,Communication Services,Telecommunications,Large Cap,48.23,Caution,0,Avoid
290,BHARTIARTL,2021,100616,55337,45279.0,45.0,-4215,15091,29404,-3432,99.0,-12364,-26.0,0.0,382.0,2746.0,56207.0,162785.0,122679.0,344417.0,223480.0,5726.0,27550.0,87661.0,344417.0,298.0,48205.0,-27286.0,-24910.0,-3991.0,-12.28830404707005,45.00178897988392,-20.972639221074417,2.7612674503417978,2.7210920416142077,0.2921342442446221,20919.0,27286.0,-26.0,589.53,0.0,162785.0,48205.0,,0,0,0,105.0,232971.76,269937.54,15.3,7.28,28.35,2.22,8.979199882423519,Bharti Airtel Ltd,Communication Services,Telecommunications,Large Cap,48.23,Discount,20,Avoid
291,BHARTIARTL,2022,116547,59013,57534.0,49.0,4656,16616,33091,12483,33.0,8305,7.0,39.0,383.0,2795.0,63759.0,169678.0,124975.0,361207.0,244083.0,5955.0,29349.0,81820.0,361207.0,299.0,55017.0,-41478.0,-15203.0,-1664.0,7.125880546045801,49.36549203325697,12.478588815097517,2.549478618865884,3.742778045257583,0.3226598598587513,13539.0,41478.0,7.0,665.54,39.0,169678.0,55017.0,,0,0,0,106.0,276579.83,339227.42,57.38,9.43,34.88,4.05,4.895150886454735,Bharti Airtel Ltd,Communication Services,Telecommunications,Large Cap,48.23,Fair,20,Avoid
292,BHARTIARTL,2023,139145,67871,71274.0,51.0,1019,19300,36432,16561,26.0,12287,15.0,27.0,384.0,2837.0,74726.0,226020.0,140974.0,444557.0,277394.0,49425.0,32954.0,84784.0,444557.0,300.0,65325.0,-39232.0,-24470.0,1623.0,8.830356822020196,51.22282511049624,15.84131609143535,2.914018281912768,3.745751295336788,0.3129969835139251,26093.0,39232.0,15.0,775.63,27.0,226020.0,65325.0,,0,0,0,107.0,288871.93,280003.55,66.89,3.6,37.51,0.1,9.032722563248011,Bharti Airtel Ltd,Communication Services,Telecommunications,Large Cap,48.23,Fair,20,Avoid
293,BHARTIARTL,2024,149982,71691,78292.0,52.0,-3428,22648,39538,12679,32.0,8558,13.0,62.0,385.0,2877.0,79742.0,215592.0,144408.0,442019.0,303303.0,16904.0,31602.0,90210.0,442019.0,301.0,78898.0,-51089.0,-27778.0,31.0,5.706018055499993,52.20093077836007,10.35839213740181,2.6094723973904306,3.3055457435535147,0.3393112060793767,27809.0,51089.0,13.0,826.19,62.0,215592.0,78898.0,1.44,0,0,0,108.0,378605.83,429972.49,63.78,6.28,39.71,1.02,7.345106122639473,Bharti Airtel Ltd,Communication Services,Telecommunications,Large Cap,48.23,Fair,20,Avoid
314,BHEL,2019,30441,28409,2032.0,7.0,662,378,476,1840,46.0,1002,3.0,69.0,393.0,696.0,30208.0,2598.0,30987.0,64490.0,2970.0,235.0,152.0,61132.0,64490.0,308.0,-3860.0,1919.0,-32.0,-1973.0,3.291613284714693,6.675207778982293,3.2422987315557856,0.0840667874708775,7.126984126984127,0.4720266708016746,-1941.0,1919.0,3.0,309.04,69.0,2598.0,-3860.0,,0,0,0,109.0,350456.18,447248.44,40.83,10.29,29.06,3.94,-0.55384955688326,"Bharat Heavy Electricals Limited
",Industrials,Capital Goods,Large Cap,48.83,Fair,0,Avoid
315,BHEL,2020,21463,21596,-133.0,-1.0,590,613,503,-659,99.0,-1468,-4.0,0.0,394.0,696.0,27964.0,5080.0,26550.0,60291.0,2817.0,314.0,162.0,56998.0,60291.0,309.0,-2892.0,1877.0,1622.0,608.0,-6.839677584680613,-0.6196710618273308,-5.12212142358688,0.1772505233775296,0.7455138662316476,0.3559901146108042,-1015.0,1877.0,-4.0,286.6,0.0,5080.0,-2892.0,,0,0,0,110.0,414401.34,466122.13,59.14,11.39,11.51,0.49,-0.2449316404237496,"Bharat Heavy Electricals Limited
",Industrials,Capital Goods,Large Cap,48.83,Fair,20,Avoid
316,BHEL,2021,17309,20357,-3049.0,-18.0,393,467,473,-3596,-25.0,-2700,-8.0,0.0,395.0,696.0,25287.0,4951.0,25025.0,55960.0,2491.0,420.0,185.0,52864.0,55960.0,310.0,560.0,-42.0,-394.0,123.0,-15.59882142238142,-17.615113524755905,-10.391409767925182,0.1905476657814725,-5.687366167023555,0.3093102215868477,518.0,42.0,-8.0,259.83,0.0,4951.0,560.0,,0,0,0,111.0,367749.87,385998.13,43.86,9.43,38.53,1.49,0.14085660995610957,"Bharat Heavy Electricals Limited
",Industrials,Capital Goods,Large Cap,48.83,Fair,0,Avoid
317,BHEL,2022,21211,20383,828.0,4.0,405,448,314,470,5.0,445,1.0,31.0,396.0,696.0,25810.0,4830.0,25654.0,56991.0,2398.0,431.0,205.0,53956.0,56991.0,311.0,660.0,-1118.0,-329.0,-787.0,2.0979680354533023,3.9036349064164817,1.678865162604693,0.1822228929299026,2.752232142857143,0.3721815725289958,-458.0,1118.0,1.0,265.06,31.0,4830.0,660.0,,0,0,0,112.0,452493.05,503418.0,23.85,9.42,38.85,0.56,-0.10121702421727803,"Bharat Heavy Electricals Limited
",Industrials,Capital Goods,Large Cap,48.83,Discount,0,Avoid
318,BHEL,2023,23365,22321,1044.0,4.0,544,612,260,716,9.0,654,2.0,21.0,397.0,696.0,23682.0,5454.0,27832.0,57664.0,2476.0,354.0,235.0,54599.0,57664.0,312.0,-741.0,1480.0,89.0,829.0,2.7990584207147444,4.468221699122619,2.682746738862909,0.2237263106079251,2.594771241830065,0.4051921476137625,739.0,1480.0,2.0,243.78,21.0,5454.0,-741.0,,0,0,0,113.0,499389.38,459759.51,31.13,9.5,34.44,3.29,0.1479807199744616,"Bharat Heavy Electricals Limited
",Industrials,Capital Goods,Large Cap,48.83,Discount,0,Avoid
319,BHEL,2024,23893,23182,711.0,3.0,608,828,249,243,-16.0,282,1.0,31.0,398.0,696.0,23742.0,8856.0,26493.0,59788.0,2574.0,308.0,256.0,56650.0,59788.0,313.0,-3713.0,1331.0,2656.0,274.0,1.180262001423011,2.9757669610346125,1.1539405843358703,0.3623864473361158,1.5929951690821256,0.399628688031043,-2382.0,1331.0,1.0,244.38,31.0,8856.0,-3713.0,-10.03,0,0,0,114.0,540053.85,682460.17,29.8,11.43,21.59,4.04,-0.4410671269170658,"Bharat Heavy Electricals Limited
",Industrials,Capital Goods,Large Cap,48.83,Discount,0,Avoid
327,BOSCHLTD,2019,12085,9931,2154.0,18.0,600,13,402,2339,32.0,1598,542.0,19.0,406.0,30.0,9097.0,0.0,3583.0,12710.0,1176.0,644.0,4054.0,6836.0,12710.0,320.0,593.0,1766.0,-2531.0,-172.0,13.223003723624329,17.823748448489862,17.508491289580366,0.0,211.84615384615384,0.9508261211644374,2359.0,1766.0,542.0,91.27,19.0,0.0,593.0,,0,0,0,115.0,1557190.4,1534921.24,56.11,11.21,30.98,2.27,0.15149078751063455,Bosch Ltd,Consumer Discretionary,Auto Ancillaries,Large Cap,42.5,Fair,0,Avoid
328,BOSCHLTD,2020,9842,8358,1483.0,15.0,-105,10,383,985,34.0,650,220.0,48.0,407.0,30.0,9240.0,74.0,3977.0,13320.0,1342.0,487.0,4042.0,7450.0,13320.0,321.0,1336.0,-873.0,-399.0,64.0,6.604348709611868,15.068075594391384,7.011866235167206,0.0079827400215749,137.8,0.7388888888888889,463.0,873.0,220.0,92.7,48.0,74.0,1336.0,,0,0,0,116.0,1332371.44,1338463.46,31.28,12.85,34.43,0.47,0.034750069395062984,Bosch Ltd,Consumer Discretionary,Auto Ancillaries,Large Cap,42.5,Fair,0,Avoid
329,BOSCHLTD,2021,9718,8555,1163.0,12.0,-241,14,341,567,15.0,482,164.0,70.0,408.0,30.0,9793.0,54.0,4898.0,14774.0,1241.0,488.0,5157.0,7888.0,14774.0,322.0,835.0,-463.0,-338.0,34.0,4.959868285655484,11.967483021197776,4.906851267433575,0.0054973022498218,65.85714285714286,0.6577771761202111,372.0,463.0,164.0,98.23,70.0,54.0,835.0,,0,0,0,117.0,1765282.83,1717590.17,37.83,3.62,35.11,3.37,0.021073110420498455,Bosch Ltd,Consumer Discretionary,Auto Ancillaries,Large Cap,42.5,Fair,0,Avoid
330,BOSCHLTD,2022,11782,10319,1462.0,12.0,391,29,324,1500,19.0,1217,413.0,51.0,409.0,30.0,10658.0,73.0,4650.0,15410.0,1211.0,606.0,5528.0,8066.0,15410.0,323.0,271.0,-33.0,-383.0,-146.0,10.329315905618742,12.408759124087592,11.386601796407184,0.0068300898203592,63.89655172413793,0.764568462037638,238.0,33.0,413.0,106.88,51.0,73.0,271.0,,0,0,0,118.0,1812529.57,2125646.68,21.27,6.04,18.2,1.07,0.013130820260217878,Bosch Ltd,Consumer Discretionary,Auto Ancillaries,Large Cap,42.5,Discount,0,Avoid
331,BOSCHLTD,2023,14929,13120,1810.0,13.0,471,12,386,1882,24.0,1424,483.0,99.0,410.0,30.0,10983.0,53.0,5194.0,16259.0,1731.0,366.0,5023.0,9140.0,16259.0,324.0,1214.0,262.0,-1239.0,236.0,9.538482148837833,12.124053854913257,12.930173431399256,0.0048124943248887,190.08333333333331,0.9181991512393136,1476.0,262.0,483.0,110.13,99.0,53.0,1214.0,,0,0,0,119.0,2334820.89,2735332.08,28.16,4.01,5.63,1.56,0.06321684058600315,Bosch Ltd,Consumer Discretionary,Auto Ancillaries,Large Cap,42.5,Discount,20,Avoid
332,BOSCHLTD,2024,16727,14632,2095.0,13.0,1566,51,430,3181,22.0,2490,844.0,44.0,411.0,30.0,12034.0,39.0,5252.0,17355.0,1770.0,224.0,5125.0,10236.0,17355.0,325.0,1253.0,283.0,-1452.0,84.0,14.886112273569676,12.524660728164047,20.639920424403183,0.0032327586206896,71.7843137254902,0.9638144626908672,1536.0,283.0,844.0,120.64,44.0,39.0,1253.0,6.19,0,0,0,120.0,2599556.05,2628370.51,58.43,6.47,16.07,4.23,0.05908701218425355,Bosch Ltd,Consumer Discretionary,Auto Ancillaries,Large Cap,42.5,Fair,0,Avoid
340,BPCL,2019,298226,283113,15112.0,5.0,2975,1764,3418,12905,34.0,8528,18.0,48.0,419.0,1967.0,36798.0,44839.0,53322.0,136926.0,49315.0,13654.0,24907.0,49050.0,136926.0,332.0,10157.0,-10451.0,207.0,-87.0,2.859576294488073,5.067297955241997,21.999226106023475,1.1566877337804722,10.253401360544215,2.1780085593678336,-294.0,10451.0,18.0,387.65,48.0,44839.0,10157.0,,0,0,0,121.0,417435.04,439524.17,25.37,3.65,15.58,3.89,-0.07043012009724914,Bharat Petroleum Corporation Ltd,Energy,Oil & Gas Refining,Large Cap,41.495,Discount,0,Avoid
341,BPCL,2020,284572,275597,8975.0,3.0,1393,2637,4080,3652,0.0,3666,7.0,106.0,420.0,1967.0,34565.0,65476.0,48852.0,150860.0,60175.0,17757.0,27029.0,45900.0,150860.0,333.0,7881.0,-11135.0,3583.0,329.0,1.2882504251999494,3.1538591287969298,10.035037775101282,1.792291689477718,3.931740614334471,1.8863316982632905,-3254.0,11135.0,7.0,365.32,106.0,65476.0,7881.0,,0,0,0,122.0,514923.42,603696.12,40.91,7.86,14.35,0.33,-0.6319386288547528,Bharat Petroleum Corporation Ltd,Energy,Oil & Gas Refining,Large Cap,41.495,Fair,20,Avoid
342,BPCL,2021,230171,209170,21001.0,9.0,7489,1723,4334,22432,23.0,17320,37.0,102.0,421.0,2093.0,51462.0,54532.0,52891.0,160978.0,64098.0,17037.0,26768.0,53075.0,160978.0,334.0,23455.0,-2474.0,-13981.0,7000.0,7.524840227483046,9.124086005621908,32.340584445896745,1.0182429278312015,16.535113174695297,1.4298289207220862,20981.0,2474.0,37.0,535.55,102.0,54532.0,23455.0,,0,0,0,123.0,522915.18,574282.97,12.13,1.78,14.21,1.65,4.012314195965778,Bharat Petroleum Corporation Ltd,Energy,Oil & Gas Refining,Large Cap,41.495,Discount,60,Buy
343,BPCL,2022,346791,327654,19137.0,6.0,4939,2606,5434,16037,27.0,11682,27.0,29.0,422.0,2129.0,49776.0,64534.0,71089.0,187529.0,83901.0,15433.0,23616.0,64578.0,187529.0,335.0,20336.0,-8138.0,-17672.0,-5474.0,3.3685995311297003,5.518309298684223,22.50650226375108,1.243309893073885,9.23867996930161,1.849265980195063,12198.0,8138.0,27.0,519.05,29.0,64534.0,20336.0,,0,0,0,124.0,547313.57,518390.47,24.26,4.29,7.37,1.47,2.2287041046689198,Bharat Petroleum Corporation Ltd,Energy,Oil & Gas Refining,Large Cap,41.495,Discount,20,Avoid
344,BPCL,2023,473187,462288,10899.0,2.0,2036,3745,6369,2821,24.0,2131,5.0,40.0,423.0,2129.0,51393.0,69376.0,65210.0,188109.0,86675.0,16249.0,26778.0,58406.0,188109.0,336.0,12466.0,-7806.0,-4402.0,257.0,0.4503504956814113,2.3033177158290488,3.98154030118456,1.2962146407084938,3.4539385847797064,2.5154936765386027,4660.0,7806.0,5.0,535.22,40.0,69376.0,12466.0,,0,0,0,125.0,484980.46,572947.73,35.8,5.24,9.43,1.02,0.9608634541688544,Bharat Petroleum Corporation Ltd,Energy,Oil & Gas Refining,Large Cap,41.495,Fair,20,Avoid
345,BPCL,2024,448083,404001,44082.0,10.0,3032,4149,6771,36194,26.0,26859,62.0,33.0,424.0,2136.0,73499.0,54599.0,72184.0,202418.0,86798.0,20204.0,26631.0,68785.0,202418.0,337.0,35936.0,-10521.0,-25427.0,-12.0,5.994201967046283,9.83790949444634,35.511337343822305,0.7218747934157467,11.355507351168956,2.213651947949293,25415.0,10521.0,62.0,756.35,33.0,54599.0,35936.0,-0.52,0,0,0,126.0,468662.13,606487.07,68.15,0.72,26.59,1.15,5.422883218663305,Bharat Petroleum Corporation Ltd,Energy,Oil & Gas Refining,Large Cap,41.495,Caution,40,Hold
353,BRITANNIA,2019,11055,9322,1732.0,16.0,206,9,162,1768,35.0,1155,48.0,31.0,432.0,24.0,4229.0,156.0,1829.0,6238.0,1688.0,101.0,1476.0,2972.0,6238.0,344.0,1156.0,-852.0,-353.0,-49.0,10.44776119402985,15.66711895070104,27.157300728897248,0.0366799905948742,215.33333333333331,1.7722026290477717,304.0,852.0,48.0,42.53,31.0,156.0,1156.0,,0,0,0,127.0,193703.11,184529.76,39.95,9.67,24.41,4.4,0.15694120760373956,Britannia Industries Ltd,Consumer Staples,Food Products,Large Cap,37.735,Fair,0,Avoid
354,BRITANNIA,2020,11600,9756,1843.0,16.0,263,77,185,1844,24.0,1394,58.0,60.0,433.0,24.0,4379.0,1538.0,1889.0,7830.0,1878.0,40.0,2893.0,3019.0,7830.0,345.0,1485.0,-1526.0,58.0,17.0,12.017241379310343,15.887931034482758,31.66023166023166,0.3493072904837611,27.350649350649352,1.4814814814814814,-41.0,1526.0,58.0,44.03,60.0,1538.0,1485.0,,0,0,0,128.0,240748.04,291227.45,33.6,0.62,30.7,4.5,-0.017030252873502107,Britannia Industries Ltd,Consumer Staples,Food Products,Large Cap,37.735,Fair,20,Avoid
355,BRITANNIA,2021,13136,10627,2509.0,19.0,313,111,198,2514,26.0,1851,77.0,204.0,434.0,24.0,3524.0,2122.0,2331.0,8000.0,1793.0,117.0,2781.0,3310.0,8000.0,346.0,1876.0,433.0,-2242.0,66.0,14.091047503045068,19.10018270401949,52.17023675310034,0.5980834272829764,25.423423423423426,1.642,2309.0,433.0,77.0,35.48,204.0,2122.0,1876.0,,0,0,0,129.0,253493.14,328072.69,18.2,4.8,10.98,2.14,0.9108727754920705,Britannia Industries Ltd,Consumer Staples,Food Products,Large Cap,37.735,Discount,20,Avoid
356,BRITANNIA,2022,14136,11935,2201.0,16.0,222,144,201,2078,27.0,1516,63.0,89.0,435.0,24.0,2534.0,2481.0,2487.0,7527.0,1753.0,536.0,1762.0,3475.0,7527.0,347.0,1300.0,914.0,-2246.0,-32.0,10.724391624221845,15.570175438596491,59.26505082095387,0.9698983580922595,16.82638888888889,1.8780390593862095,2214.0,914.0,63.0,25.58,89.0,2481.0,1300.0,,0,0,0,130.0,316483.82,327961.01,73.25,8.4,21.29,3.54,0.6995618291007737,Britannia Industries Ltd,Consumer Staples,Food Products,Large Cap,37.735,Caution,0,Avoid
357,BRITANNIA,2023,16301,13470,2831.0,17.0,597,169,226,3033,24.0,2316,96.0,75.0,436.0,24.0,3510.0,2997.0,2819.0,9351.0,2655.0,105.0,3324.0,3266.0,9351.0,348.0,2526.0,-1507.0,-1028.0,-9.0,14.207717317955954,17.36703269738053,65.53480475382003,0.8480475382003395,20.28402366863905,1.743236017538231,1019.0,1507.0,96.0,35.34,75.0,2997.0,2526.0,,0,0,0,131.0,285063.86,344785.02,25.49,4.57,25.98,4.06,0.3574637626811059,Britannia Industries Ltd,Consumer Staples,Food Products,Large Cap,37.735,Discount,0,Avoid
358,BRITANNIA,2024,16769,13603,3167.0,19.0,211,164,300,2913,27.0,2134,89.0,83.0,437.0,24.0,3917.0,2065.0,3065.0,9072.0,2771.0,188.0,2767.0,3346.0,9072.0,349.0,2573.0,477.0,-2830.0,219.0,12.725863199952292,18.88603971614288,54.14869322506978,0.5239786856127886,20.59756097560976,1.8484347442680773,3050.0,477.0,89.0,39.41,83.0,2065.0,2573.0,9.9,0,0,0,132.0,324745.74,376568.58,63.91,4.26,33.95,1.88,0.9391963078561093,Britannia Industries Ltd,Consumer Staples,Food Products,Large Cap,37.735,Caution,0,Avoid
366,CANBK,2019,47951,32339,27202.0,-11590.0,-24,9907,429,-2111,-99.0,696,2.0,0.0,445.0,753.0,36936.0,640166.0,33928.0,711783.0,8433.0,0.0,168678.0,534672.0,711783.0,356.0,18237.0,-745.0,-1185.0,16307.0,1.4514817209234423,56.72874392609122,1.8466926689484997,16.98548648146674,2.7433128091248613,0.0673674420434317,17492.0,745.0,2.0,376.89,0.0,640166.0,18237.0,,0,0,0,133.0,274311.19,273886.68,24.47,4.6,11.33,3.0,6.376699397498148,Canara Bank,Financials,Public Sector Banks,Large Cap,43.585,Discount,40,Hold
367,CANBK,2020,49759,35817,26809.0,-12867.0,-26,11799,446,-1514,34.0,-1921,-4.0,0.0,446.0,1030.0,40176.0,668170.0,32064.0,741440.0,8323.0,0.0,192645.0,540472.0,741440.0,357.0,-5289.0,-445.0,7792.0,2059.0,-3.8606081311923472,53.87769046805603,-4.661942435567636,16.215356986846576,2.2699381303500297,0.0671112969356927,-5734.0,445.0,-4.0,412.06,0.0,668170.0,-5289.0,,0,0,0,134.0,312713.63,362552.91,32.75,11.66,9.54,2.57,-1.8336265035841257,Canara Bank,Financials,Public Sector Banks,Large Cap,43.585,Fair,20,Avoid
368,CANBK,2021,70253,45182,43437.0,-18367.0,-26,23086,838,3882,30.0,2957,4.0,0.0,447.0,1647.0,60763.0,1060998.0,56132.0,1179540.0,11269.0,2.0,286191.0,882077.0,1179540.0,358.0,59118.0,-1116.0,290.0,58291.0,4.209072922152791,61.82938806883692,4.73802275276398,17.000448646050312,1.8804037078749023,0.0595596588500601,58002.0,1116.0,4.0,624.1,0.0,1060998.0,59118.0,,0,0,0,135.0,308875.53,343174.3,31.3,11.96,36.19,3.34,18.778438032951332,Canara Bank,Financials,Public Sector Banks,Large Cap,43.585,Fair,20,Avoid
369,CANBK,2022,70614,43035,41235.0,-13657.0,-19,23643,841,9145,37.0,6158,7.0,19.0,448.0,1814.0,68147.0,1132626.0,56202.0,1258789.0,11447.0,2.0,311347.0,935992.0,1258789.0,359.0,919.0,-1429.0,4035.0,3525.0,8.720650295975302,58.39493584841533,8.802046854676176,16.18939123225797,1.7432643911517152,0.0560967723740833,-510.0,1429.0,7.0,699.61,19.0,1132626.0,919.0,,0,0,0,136.0,289660.96,292542.15,74.19,6.84,37.94,1.77,-0.1760679105668917,Canara Bank,Financials,Public Sector Banks,Large Cap,43.585,Caution,0,Avoid
370,CANBK,2023,85885,52990,42772.0,-9877.0,-12,25325,1021,14427,25.0,11345,12.0,19.0,449.0,1814.0,76240.0,1237160.0,65816.0,1381030.0,10334.0,0.0,352893.0,1017803.0,1381030.0,360.0,-39978.0,-1156.0,445.0,-40689.0,13.209524363975085,49.80147872154625,14.534809234632434,15.850052527737208,1.6884501480750247,0.062189090751106,-41134.0,1156.0,12.0,780.54,19.0,1237160.0,-39978.0,,0,0,0,137.0,384057.8,487866.93,55.56,0.63,19.01,4.1,-10.710367033295508,Canara Bank,Financials,Public Sector Banks,Large Cap,43.585,Fair,20,Avoid
371,CANBK,2024,110519,72118,46146.0,-7745.0,-7,28646,902,20000,26.0,15401,17.0,19.0,450.0,1814.0,90319.0,1369780.0,73104.0,1535018.0,12331.0,0.0,399207.0,1123480.0,1535018.0,361.0,15046.0,-1750.0,-3834.0,9462.0,13.935160470145403,41.75390656810141,16.716051794688113,14.867419925542425,1.6106611743349857,0.0719985042520674,13296.0,1750.0,17.0,921.33,19.0,1369780.0,15046.0,3.95,0,0,0,138.0,496415.88,483983.21,36.74,12.61,25.23,3.81,2.6783994097851984,Canara Bank,Financials,Public Sector Banks,Large Cap,43.585,Fair,0,Avoid
379,CHOLAFIN,2019,7108,3588,1632.0,1888.0,27,1,57,1832,35.0,1197,15.0,8.0,457.0,156.0,6052.0,50567.0,715.0,57490.0,167.0,14.0,42.0,57267.0,57490.0,368.0,-9317.0,-11.0,12191.0,2862.0,16.840180078784467,22.96004501969612,19.281572164948454,8.145457474226804,1659.0,0.123638893720647,-9328.0,11.0,15.0,62.08,8.0,50567.0,-9317.0,,0,0,0,139.0,1617575.24,1531662.97,18.46,1.7,37.73,2.14,-0.5766656022751684,Cholamandalam Investment & Finance Company Ltd,Financials,Consumer Finance,Large Cap,43.585,Discount,20,Avoid
380,CHOLAFIN,2020,8712,4592,2421.0,1699.0,20,0,111,1588,34.0,1054,13.0,13.0,458.0,164.0,8036.0,55005.0,853.0,64058.0,283.0,11.0,33.0,63732.0,64058.0,369.0,-2075.0,-54.0,2452.0,323.0,12.098255280073465,27.789256198347108,12.853658536585366,6.707926829268293,inf,0.1360017484154984,-2129.0,54.0,13.0,82.0,13.0,55005.0,-2075.0,,0,0,0,140.0,1426964.45,1467792.7,33.3,12.24,30.74,3.1,-0.14919783040145115,Cholamandalam Investment & Finance Company Ltd,Financials,Consumer Finance,Large Cap,43.585,Fair,0,Avoid
381,CHOLAFIN,2021,9583,4576,2913.0,2094.0,22,56,102,2048,26.0,1521,19.0,11.0,459.0,164.0,9436.0,63730.0,1314.0,74644.0,228.0,10.0,1583.0,72823.0,74644.0,370.0,-8848.0,-1746.0,8707.0,-1888.0,15.871856412396951,30.397579046227698,15.84375,6.638541666666667,52.410714285714285,0.1283827233267241,-10594.0,1746.0,19.0,96.0,11.0,63730.0,-8848.0,,0,0,0,141.0,1228519.04,1553189.98,23.52,9.62,7.16,0.37,-0.862339097324857,Cholamandalam Investment & Finance Company Ltd,Financials,Consumer Finance,Large Cap,43.585,Discount,20,Avoid
382,CHOLAFIN,2022,10148,4298,2926.0,2924.0,29,84,101,2908,26.0,2154,26.0,8.0,460.0,164.0,11605.0,69174.0,1536.0,82478.0,259.0,37.0,2055.0,80127.0,82478.0,371.0,-5571.0,1640.0,5150.0,1218.0,21.22585731178557,28.83326763894363,18.30231965332653,5.87764465969921,35.17857142857143,0.123038870971653,-3931.0,1640.0,26.0,117.69,8.0,69174.0,-5571.0,,0,0,0,142.0,1050124.13,1182829.42,53.32,1.23,15.17,3.83,-0.37433669865294883,Cholamandalam Investment & Finance Company Ltd,Financials,Consumer Finance,Large Cap,43.585,Fair,20,Avoid
383,CHOLAFIN,2023,12884,5748,3621.0,3515.0,27,220,121,3615,26.0,2665,32.0,6.0,461.0,164.0,14182.0,97358.0,1923.0,113627.0,403.0,60.0,3562.0,109602.0,113627.0,372.0,-27105.0,-2148.0,27466.0,-1787.0,20.68457000931388,28.104625892579943,18.576606719643102,6.786421302105117,16.581818181818182,0.113388543215961,-29253.0,2148.0,32.0,143.46,6.0,97358.0,-27105.0,,0,0,0,143.0,945798.69,933142.83,38.56,12.71,13.92,4.49,-3.092941479967582,Cholamandalam Investment & Finance Company Ltd,Financials,Consumer Finance,Large Cap,43.585,Fair,20,Avoid
384,CHOLAFIN,2024,19163,9231,5385.0,4548.0,24,255,198,4605,26.0,3420,41.0,5.0,462.0,168.0,19425.0,134475.0,2618.0,156686.0,1563.0,13.0,4036.0,151075.0,156686.0,373.0,-35683.0,-2855.0,38471.0,-66.0,17.846892448990243,28.10102802275218,17.455213596692694,6.863420609401317,21.211764705882352,0.1223019286981606,-38538.0,2855.0,41.0,195.93,5.0,134475.0,-35683.0,16.68,0,0,0,144.0,971931.96,1024979.49,16.79,10.36,13.52,2.83,-3.9650923712808046,Cholamandalam Investment & Finance Company Ltd,Financials,Consumer Finance,Large Cap,43.585,Discount,20,Avoid
392,CIPLA,2019,16362,168,13265.0,3097.0,19,477,1326,2079,27.0,1492,19.0,16.0,470.0,161.0,14851.0,4316.0,4433.0,23762.0,9608.0,676.0,2554.0,10923.0,23762.0,380.0,1691.0,-1688.0,-349.0,-345.0,9.118689646742451,81.07199608849774,9.938715694111377,0.2875033306687983,27.849056603773583,0.6885784024913728,3.0,1688.0,19.0,150.12,16.0,4316.0,1691.0,,0,0,0,145.0,353498.49,439281.56,61.2,2.74,26.27,2.83,0.0008486599193111121,"Cipla Ltd
",Healthcare,Pharmaceuticals,Large Cap,37.955,Caution,20,Avoid
393,CIPLA,2020,17132,197,13926.0,3206.0,19,344,1175,2178,29.0,1500,19.0,21.0,471.0,161.0,15602.0,2816.0,4843.0,23423.0,9683.0,825.0,1471.0,11444.0,23423.0,381.0,3068.0,114.0,-2949.0,234.0,8.755545178613122,81.28648143824422,9.515955084692,0.1786461967899511,40.53779069767442,0.731417837168595,3182.0,114.0,19.0,157.63,21.0,2816.0,3068.0,,0,0,0,146.0,316481.63,343801.04,26.77,7.27,32.2,0.71,1.0054296042395887,"Cipla Ltd
",Healthcare,Pharmaceuticals,Large Cap,37.955,Fair,0,Avoid
394,CIPLA,2021,19160,161,14907.0,4252.0,22,266,1068,3290,27.0,2389,30.0,17.0,472.0,161.0,18165.0,2014.0,4514.0,24855.0,9516.0,969.0,2710.0,11661.0,24855.0,382.0,3755.0,-2374.0,-1240.0,141.0,12.468684759916492,77.80271398747391,13.03612354032522,0.109898504856488,56.12406015037594,0.7708710521021928,1381.0,2374.0,30.0,183.26,17.0,2014.0,3755.0,,0,0,0,147.0,288521.14,290750.43,76.56,11.34,5.68,1.8,0.47864776910281165,"Cipla Ltd
",Healthcare,Pharmaceuticals,Large Cap,37.955,Caution,20,Avoid
395,CIPLA,2022,21763,106,17211.0,4553.0,21,99,1052,3493,27.0,2547,31.0,16.0,473.0,161.0,20680.0,1056.0,4960.0,26857.0,9683.0,766.0,2551.0,13857.0,26857.0,383.0,3326.0,-1858.0,-1600.0,-132.0,11.703349722005235,79.08376602490466,12.221102634230602,0.0506693536778465,174.06060606060606,0.8103287783445656,1468.0,1858.0,31.0,208.41,16.0,1056.0,3326.0,,0,0,0,148.0,282375.35,326216.33,41.07,14.49,12.66,2.65,0.5198754069716072,"Cipla Ltd
",Healthcare,Pharmaceuticals,Large Cap,37.955,Fair,20,Avoid
396,CIPLA,2023,22753,110,17726.0,5027.0,22,293,1172,4038,30.0,2833,35.0,24.0,474.0,161.0,23246.0,803.0,5089.0,29300.0,9160.0,1093.0,3662.0,15384.0,29300.0,384.0,3238.0,-2376.0,-958.0,-97.0,12.45110534874522,77.90621017008746,12.103216986371596,0.0343059768445336,60.57337883959045,0.7765529010238907,862.0,2376.0,35.0,234.07,24.0,803.0,3238.0,,0,0,0,149.0,338880.07,416899.01,37.3,10.46,15.61,1.96,0.2543672751247956,"Cipla Ltd
",Healthcare,Pharmaceuticals,Large Cap,37.955,Fair,0,Avoid
397,CIPLA,2024,25774,90,19483.0,6291.0,24,552,1051,5702,27.0,4154,51.0,25.0,475.0,161.0,26545.0,559.0,5267.0,32533.0,9607.0,1153.0,5449.0,16323.0,32533.0,385.0,4134.0,-2982.0,-1200.0,-49.0,16.11701714906495,75.59168153953597,15.554557028383137,0.0209316258518684,35.33876811594203,0.7922417237881536,1152.0,2982.0,51.0,267.06,25.0,559.0,4134.0,12.86,0,0,0,150.0,439803.15,562931.78,59.75,5.93,33.7,0.12,0.26193536813003726,"Cipla Ltd
",Healthcare,Pharmaceuticals,Large Cap,37.955,Caution,0,Avoid
405,COALINDIA,2019,99586,264,74579.0,25007.0,25,5834,3450,27127,36.0,17464,28.0,46.0,483.0,6163.0,20292.0,2210.0,104356.0,133021.0,32618.0,9658.0,3170.0,87576.0,133021.0,392.0,16356.0,-7896.0,-10885.0,-2426.0,17.536601530335588,74.88904062820076,66.01398601398601,0.0835380835380835,12.787795680493655,0.7486487096022433,8460.0,7896.0,28.0,264.55,46.0,2210.0,16356.0,,0,0,0,151.0,187263.0,190352.73,76.5,6.82,20.03,3.05,4.517710385927813,Coal India Ltd,Materials,Mining & Metals,Large Cap,40.61,Caution,20,Avoid
406,COALINDIA,2020,96080,503,74500.0,21581.0,22,6444,3451,24071,31.0,16700,27.0,44.0,484.0,6163.0,25994.0,6434.0,111430.0,150020.0,36784.0,8328.0,1973.0,102936.0,150020.0,393.0,4977.0,1033.0,-4791.0,1219.0,17.38134887593672,77.53955037468776,51.93270516528283,0.2000808533134309,11.56455617628802,0.64044794027463,6010.0,1033.0,27.0,321.57,44.0,6434.0,4977.0,,0,0,0,152.0,231042.15,251887.58,23.41,11.71,16.21,0.79,2.6012569567933816,Coal India Ltd,Materials,Mining & Metals,Large Cap,40.61,Discount,0,Avoid
407,COALINDIA,2021,90026,642,71398.0,18628.0,21,3742,3718,18009,29.0,12702,21.0,78.0,485.0,6163.0,30355.0,5884.0,118649.0,161051.0,42405.0,10490.0,5950.0,102206.0,161051.0,394.0,10592.0,182.0,-8453.0,2321.0,14.109257325661476,79.3081998533757,34.78284681526918,0.1611260200449093,19.08578300374132,0.5589906302972351,10774.0,182.0,21.0,365.18,78.0,5884.0,10592.0,,0,0,0,153.0,269353.58,252163.83,77.94,9.67,39.51,1.53,3.999946835679704,Coal India Ltd,Materials,Mining & Metals,Large Cap,40.61,Caution,20,Avoid
408,COALINDIA,2022,109715,541,84995.0,24721.0,23,3866,4429,23616,26.0,17378,28.0,60.0,486.0,6163.0,36980.0,3514.0,132780.0,179436.0,46677.0,12897.0,8921.0,110942.0,179436.0,395.0,41107.0,-25715.0,-13441.0,1951.0,15.839219796746114,77.46889668687052,40.27999907285075,0.0814500614236376,21.99120538023797,0.6114436344992086,15392.0,25715.0,28.0,431.43,60.0,3514.0,41107.0,,0,0,0,154.0,359749.33,344720.77,10.93,0.98,21.27,0.37,4.2785347230528545,Coal India Ltd,Materials,Mining & Metals,Large Cap,40.61,Discount,40,Hold
409,COALINDIA,2023,138252,684,94020.0,44232.0,32,6560,6833,43275,27.0,31723,52.0,47.0,487.0,6163.0,54680.0,4331.0,156222.0,221396.0,64547.0,17622.0,7139.0,132087.0,221396.0,396.0,35734.0,-23465.0,-13704.0,-1436.0,22.94578016954547,68.00624945751237,52.13911214108443,0.0711832092434626,14.33719512195122,0.6244557263907207,12269.0,23465.0,52.0,608.43,47.0,4331.0,35734.0,,0,0,0,155.0,397912.96,410248.34,32.17,9.72,10.71,3.45,3.083337622378522,Coal India Ltd,Materials,Mining & Metals,Large Cap,40.61,Fair,40,Hold
410,COALINDIA,2024,142324,819,94352.0,47971.0,34,8396,6735,48813,23.0,37369,61.0,42.0,488.0,6163.0,76567.0,6523.0,147217.0,236470.0,75668.0,18960.0,7110.0,134731.0,236470.0,397.0,18103.0,-4486.0,-13899.0,-282.0,26.25628846856468,66.29380849329698,45.16982956605826,0.0788468512027076,11.24178180085755,0.6018691588785047,13617.0,4486.0,61.0,827.3,42.0,6523.0,18103.0,4.53,0,0,0,156.0,454024.84,574785.39,34.27,14.75,25.15,4.38,2.9991751112119767,Coal India Ltd,Materials,Mining & Metals,Large Cap,40.61,Fair,0,Avoid
418,DABUR,2019,8515,6775,1740.0,20.0,222,60,177,1725,16.0,1446,8.0,34.0,496.0,177.0,5455.0,699.0,2106.0,8437.0,1969.0,64.0,3359.0,3045.0,8437.0,404.0,1499.0,338.0,-1888.0,-51.0,16.981796829125074,20.434527304756312,25.67471590909091,0.1241122159090909,32.7,1.0092449922958395,1837.0,338.0,8.0,56.32,34.0,699.0,1499.0,,0,0,0,157.0,55182.65,67689.73,11.83,8.9,33.07,2.52,3.3289448766958456,Dabur India Ltd,Consumer Staples,Personal Products,Large Cap,37.735,Discount,20,Avoid
419,DABUR,2020,8685,6892,1792.0,21.0,205,50,220,1728,16.0,1448,8.0,37.0,497.0,177.0,6429.0,522.0,2209.0,9337.0,2253.0,147.0,2800.0,4137.0,9337.0,405.0,1614.0,-517.0,-1043.0,54.0,16.672423719055843,20.63327576280944,21.91946715107478,0.0790190735694822,39.94,0.9301702902431188,1097.0,517.0,8.0,66.06,37.0,522.0,1614.0,,0,0,0,158.0,48665.96,57298.27,12.36,12.35,6.51,0.62,2.254142320422735,Dabur India Ltd,Consumer Staples,Personal Products,Large Cap,37.735,Discount,20,Avoid
420,DABUR,2021,9562,7560,2002.0,21.0,325,31,240,2056,18.0,1695,10.0,50.0,498.0,177.0,7487.0,509.0,2661.0,10833.0,2243.0,147.0,4160.0,4283.0,10833.0,406.0,2115.0,-1404.0,-613.0,97.0,17.72641706755909,20.937042459736457,22.11638830897704,0.0664144050104384,75.06451612903226,0.8826733130250162,711.0,1404.0,10.0,76.64,50.0,509.0,2115.0,,0,0,0,159.0,48060.25,55430.1,78.3,2.21,9.99,1.66,1.4793930535109576,Dabur India Ltd,Consumer Staples,Personal Products,Large Cap,37.735,Caution,40,Hold
421,DABUR,2022,10889,8637,2252.0,21.0,308,39,253,2269,23.0,1742,10.0,53.0,499.0,177.0,8205.0,1030.0,2872.0,12284.0,2308.0,168.0,6220.0,3589.0,12284.0,407.0,1802.0,-1273.0,-490.0,38.0,15.997795940857744,20.681421618146757,20.78262944404677,0.1228823669768551,65.64102564102564,0.8864376424617388,529.0,1273.0,10.0,83.82,53.0,1030.0,1802.0,,0,0,0,160.0,60945.67,66241.38,31.16,8.64,14.12,1.81,0.8679861916359275,Dabur India Ltd,Consumer Staples,Personal Products,Large Cap,37.735,Fair,20,Avoid
422,DABUR,2023,11530,9367,2162.0,19.0,445,78,311,2219,23.0,1701,10.0,54.0,500.0,177.0,8796.0,1174.0,3505.0,13652.0,3579.0,175.0,6265.0,3633.0,13652.0,408.0,1488.0,-583.0,-1035.0,-130.0,14.752818733738074,18.7510841283608,18.956870611835505,0.1308369553103755,33.42307692307692,0.8445648989159098,905.0,583.0,10.0,89.73,54.0,1174.0,1488.0,,0,0,0,161.0,61939.24,75668.46,74.55,11.51,20.37,2.27,1.4611093064751846,Dabur India Ltd,Consumer Staples,Personal Products,Large Cap,37.735,Caution,0,Avoid
423,DABUR,2024,12404,10004,2400.0,19.0,482,124,399,2359,23.0,1811,10.0,53.0,501.0,177.0,9689.0,1365.0,3885.0,15116.0,3815.0,232.0,6933.0,4136.0,15116.0,409.0,2013.0,-971.0,-1161.0,-119.0,14.600128990648178,19.348597226701063,18.355969997972835,0.1383539428339752,23.241935483870968,0.8205874569992061,1042.0,971.0,10.0,98.66,53.0,1365.0,2013.0,4.69,0,0,0,162.0,56521.84,67755.32,50.95,13.59,12.02,3.42,1.8435351715372323,Dabur India Ltd,Consumer Staples,Personal Products,Large Cap,37.735,Fair,20,Avoid
431,DIVISLAB,2019,4946,3072,1874.0,38.0,154,5,169,1855,27.0,1353,51.0,31.0,509.0,53.0,6904.0,106.0,973.0,8036.0,2088.0,492.0,1946.0,3511.0,8036.0,416.0,954.0,-685.0,-246.0,23.0,27.35543873837444,37.88920339668419,19.44803794739112,0.015236452493891,405.6,0.6154803384768541,269.0,685.0,51.0,69.57,31.0,106.0,954.0,,0,0,0,163.0,1011018.76,1179809.82,74.55,13.82,30.19,0.22,0.02660682577245154,Divis Laboratories Ltd,Healthcare,Pharmaceuticals,Large Cap,37.955,Caution,0,Avoid
432,DIVISLAB,2020,5394,3568,1826.0,34.0,186,7,186,1819,24.0,1377,52.0,31.0,510.0,53.0,7257.0,39.0,1183.0,8531.0,2782.0,920.0,971.0,3858.0,8531.0,417.0,1216.0,-83.0,-1091.0,41.0,25.528364849833142,33.85242862439748,18.83720930232558,0.0053351573187414,287.42857142857144,0.6322822646817489,1133.0,83.0,52.0,73.1,31.0,39.0,1216.0,,0,0,0,164.0,1300303.75,1512398.18,30.35,3.22,9.07,0.23,0.08713348707946124,Divis Laboratories Ltd,Healthcare,Pharmaceuticals,Large Cap,37.955,Fair,20,Avoid
433,DIVISLAB,2021,6969,4102,2867.0,41.0,57,2,256,2666,26.0,1984,75.0,27.0,511.0,53.0,9242.0,5.0,1471.0,10771.0,3704.0,711.0,0.0,6356.0,10771.0,418.0,1947.0,75.0,-35.0,1987.0,28.46893384990673,41.13933132443679,21.34480903711673,0.0005379236148466,1462.0,0.6470151332281125,2022.0,75.0,75.0,92.95,27.0,5.0,1947.0,,0,0,0,165.0,1595539.83,1586504.61,9.75,6.26,21.89,0.76,0.1267282685133595,Divis Laboratories Ltd,Healthcare,Pharmaceuticals,Large Cap,37.955,Discount,0,Avoid
434,DIVISLAB,2022,8960,5075,3885.0,43.0,112,2,312,3684,20.0,2960,112.0,27.0,512.0,53.0,11675.0,4.0,1628.0,13360.0,4325.0,470.0,72.0,8493.0,13360.0,419.0,1912.0,-2195.0,-532.0,-816.0,33.035714285714285,43.359375,25.2387448840382,0.0003410641200545,1998.5,0.6706586826347305,-283.0,2195.0,112.0,117.28,27.0,4.0,1912.0,,0,0,0,166.0,1391349.3,1357470.21,56.9,1.69,24.43,0.66,-0.020339967828351947,Divis Laboratories Ltd,Healthcare,Pharmaceuticals,Large Cap,37.955,Fair,20,Avoid
435,DIVISLAB,2023,7767,5397,2370.0,31.0,344,2,343,2369,23.0,1824,69.0,44.0,513.0,53.0,12714.0,4.0,1654.0,14425.0,4722.0,212.0,77.0,9414.0,14425.0,420.0,2459.0,-2707.0,-797.0,-1045.0,23.483970645036692,30.513711857860176,14.286833241951909,0.000313307746534,1357.0,0.5384402079722703,-248.0,2707.0,69.0,127.67,44.0,4.0,2459.0,,0,0,0,167.0,1318782.9,1394258.36,15.26,3.01,17.21,1.48,-0.018805218053706944,Divis Laboratories Ltd,Healthcare,Pharmaceuticals,Large Cap,37.955,Discount,0,Avoid
436,DIVISLAB,2024,7845,5635,2210.0,28.0,335,4,378,2163,26.0,1600,60.0,50.0,514.0,53.0,13518.0,3.0,1886.0,15460.0,4739.0,778.0,82.0,9861.0,15460.0,421.0,1261.0,-269.0,-799.0,193.0,20.39515615041428,28.17080943275972,11.78984599513669,0.0002210596124088,636.25,0.5074385510996119,992.0,269.0,60.0,135.71,50.0,3.0,1261.0,12.65,0,0,0,168.0,1615028.67,1501836.03,69.95,12.34,31.81,1.39,0.061423058204904804,Divis Laboratories Ltd,Healthcare,Pharmaceuticals,Large Cap,37.955,Caution,0,Avoid
444,DLF,2019,8366,6218,2148.0,26.0,784,2062,225,646,43.0,1314,6.0,33.0,522.0,441.0,33135.0,17222.0,15684.0,66483.0,6322.0,103.0,21005.0,39053.0,66483.0,428.0,2043.0,3.0,875.0,2921.0,15.706430791298112,25.67535261773847,3.913509649749821,0.5129258994519895,1.4219204655674105,0.1258366800535475,2046.0,3.0,6.0,335.76,33.0,17222.0,2043.0,,0,0,0,169.0,1162826.35,1104410.24,11.24,14.12,15.78,4.13,0.1759506051784946,DLF Ltd,Real Estate,Real Estate,Large Cap,49.505,Discount,0,Avoid
445,DLF,2020,6083,4937,1146.0,19.0,1135,1427,200,653,99.0,-590,-2.0,-85.0,523.0,495.0,33952.0,8103.0,13341.0,55890.0,5187.0,89.0,18566.0,32049.0,55890.0,429.0,356.0,6508.0,-9522.0,-2658.0,-9.699161597895776,18.839388459641626,-1.7127761488663744,0.2352309344790547,1.598458304134548,0.1088387904813025,6864.0,6508.0,-2.0,344.47,-85.0,8103.0,356.0,,0,0,0,170.0,1146903.51,1448569.4,73.08,13.89,22.37,3.9,0.5984810352529133,DLF Ltd,Real Estate,Real Estate,Large Cap,49.505,Fair,0,Avoid
446,DLF,2021,5414,3945,1469.0,27.0,383,853,159,840,43.0,1083,4.0,45.0,524.0,495.0,34849.0,6886.0,11258.0,53488.0,4856.0,95.0,19746.0,28791.0,53488.0,430.0,1460.0,150.0,-2184.0,-573.0,20.003694126339123,27.133357960842257,3.0641693073789047,0.1948279764599366,2.17116060961313,0.1012189650014956,1610.0,150.0,4.0,353.44,45.0,6886.0,1460.0,,0,0,0,171.0,1520086.36,1565456.04,38.16,10.93,15.51,3.39,0.10591503498524912,DLF Ltd,Real Estate,Real Estate,Large Cap,49.505,Fair,0,Avoid
447,DLF,2022,5717,3974,1743.0,30.0,195,625,149,1165,28.0,1500,6.0,49.0,525.0,495.0,35867.0,4182.0,10623.0,51167.0,4862.0,81.0,19779.0,26444.0,51167.0,431.0,2832.0,267.0,-3828.0,-729.0,26.237537169844323,30.488018191359107,4.125185633353501,0.1150101754578956,3.1008,0.111732171125921,3099.0,267.0,6.0,363.62,49.0,4182.0,2832.0,,0,0,0,172.0,1348234.63,1495730.62,16.81,4.75,14.05,3.78,0.22985613416560885,DLF Ltd,Real Estate,Real Estate,Large Cap,49.505,Discount,20,Avoid
448,DLF,2023,5695,3969,1726.0,30.0,317,392,149,1502,27.0,2034,8.0,49.0,526.0,495.0,37192.0,3334.0,11551.0,52572.0,4785.0,61.0,19481.0,28245.0,52572.0,432.0,2375.0,-461.0,-2013.0,-98.0,35.71553994732221,30.30728709394205,5.397086528511158,0.0884655186138456,5.211734693877551,0.1083276268736209,1914.0,461.0,8.0,376.87,49.0,3334.0,2375.0,,0,0,0,173.0,1276452.77,1561585.72,65.17,7.73,13.18,1.02,0.14994679356604787,DLF Ltd,Real Estate,Real Estate,Large Cap,49.505,Fair,20,Avoid
449,DLF,2024,6427,4303,2124.0,33.0,531,356,148,2151,24.0,2724,11.0,45.0,527.0,495.0,38936.0,4834.0,14804.0,59069.0,3880.0,71.0,20138.0,34981.0,59069.0,433.0,2539.0,-1529.0,177.0,1186.0,42.38369379181578,33.04807841916913,6.908270142781061,0.1225938982019223,7.457865168539326,0.1088049569147945,1010.0,1529.0,11.0,394.31,45.0,4834.0,2539.0,-2.91,0,0,0,174.0,1381712.03,1248409.43,46.26,14.32,10.41,2.58,0.07309772065891328,DLF Ltd,Real Estate,Real Estate,Large Cap,49.505,Fair,20,Avoid
457,DMART,2019,20005,18371,1633.0,8.0,48,47,212,1422,37.0,902,14.0,0.0,535.0,624.0,4963.0,700.0,718.0,7006.0,4400.0,377.0,17.0,2212.0,7006.0,440.0,807.0,-958.0,209.0,57.0,4.508872781804548,8.162959260184955,16.144621442634687,0.1252908537676749,35.765957446808514,2.8554096488723952,-151.0,958.0,14.0,55.87,0.0,700.0,807.0,,0,0,0,175.0,1847236.39,2290853.98,67.17,4.98,36.17,4.24,-0.008174373394625472,Avenue Supermarts Ltd,Consumer Discretionary,Retail,Large Cap,42.5,Caution,0,Avoid
458,DMART,2020,24870,22742,2128.0,9.0,60,69,374,1745,25.0,1301,20.0,0.0,536.0,648.0,10432.0,333.0,663.0,12076.0,5948.0,364.0,15.0,5749.0,12076.0,441.0,1280.0,-4657.0,3357.0,-19.0,5.231202251708886,8.556493767591476,11.74187725631769,0.0300541516245487,31.71014492753623,2.059456773766148,-3377.0,4657.0,20.0,110.8,0.0,333.0,1280.0,,0,0,0,176.0,2028073.83,2112904.95,37.82,5.35,12.43,2.78,-0.16651267572443357,Avenue Supermarts Ltd,Consumer Discretionary,Retail,Large Cap,42.5,Fair,20,Avoid
459,DMART,2021,24143,22398,1745.0,7.0,194,42,414,1483,26.0,1099,17.0,0.0,537.0,648.0,11536.0,393.0,1079.0,13655.0,7009.0,1020.0,3.0,5624.0,13655.0,442.0,1375.0,-1110.0,-180.0,86.0,4.552044070745144,7.227767883030278,9.020026263952726,0.0322554169402495,46.16666666666666,1.7680703039179788,265.0,1110.0,17.0,121.84,0.0,393.0,1375.0,,0,0,0,177.0,2294356.77,2489455.16,14.9,12.05,11.12,0.52,0.01155007815109766,Avenue Supermarts Ltd,Consumer Discretionary,Retail,Large Cap,42.5,Discount,20,Avoid
460,DMART,2022,30976,28474,2502.0,8.0,114,54,498,2064,28.0,1492,23.0,0.0,538.0,648.0,13030.0,647.0,1146.0,15471.0,9260.0,1129.0,6.0,5076.0,15471.0,443.0,1372.0,-1289.0,-179.0,-96.0,4.816632231404959,8.077221074380166,10.908027489399034,0.0473022371691767,48.44444444444444,2.002197660138324,83.0,1289.0,23.0,136.78,0.0,647.0,1372.0,,0,0,0,178.0,2664977.29,2823430.83,12.31,5.66,32.01,2.77,0.0031144730692995886,Avenue Supermarts Ltd,Consumer Discretionary,Retail,Large Cap,42.5,Discount,0,Avoid
461,DMART,2023,42840,39201,3639.0,8.0,128,67,639,3060,22.0,2378,37.0,0.0,539.0,648.0,15430.0,643.0,1383.0,18105.0,11340.0,829.0,202.0,5733.0,18105.0,444.0,2630.0,-2313.0,-205.0,112.0,5.550887021475257,8.494397759103641,14.790396815524318,0.0399925363851225,56.223880597014926,2.3661971830985915,317.0,2313.0,37.0,160.78,0.0,643.0,2630.0,,0,0,0,179.0,2748638.95,2684655.9,53.49,13.37,27.62,3.66,0.011532980713963905,Avenue Supermarts Ltd,Consumer Discretionary,Retail,Large Cap,42.5,Fair,0,Avoid
462,DMART,2024,50789,46683,4106.0,8.0,145,58,731,3461,27.0,2536,39.0,0.0,540.0,651.0,18047.0,592.0,1882.0,21172.0,13415.0,935.0,107.0,6716.0,21172.0,445.0,2746.0,-2468.0,-148.0,130.0,4.993207190533383,8.084427730414067,13.56294790886726,0.0316611402289014,73.29310344827586,2.398875873795579,278.0,2468.0,39.0,186.98,0.0,592.0,2746.0,35.09,0,0,0,180.0,3053088.97,3624591.94,72.53,11.71,36.84,1.94,0.00910553222430331,Avenue Supermarts Ltd,Consumer Discretionary,Retail,Large Cap,42.5,Caution,0,Avoid
470,DRREDDY,2019,15448,12270,3178.0,21.0,381,89,1135,2336,17.0,1950,23.0,17.0,548.0,83.0,13941.0,3838.0,4557.0,22418.0,7191.0,2934.0,2587.0,9707.0,22418.0,452.0,2870.0,-769.0,-2133.0,-31.0,12.622993267736923,20.572242361470742,13.904734740444953,0.2736737022247575,39.98876404494382,0.6890891248104202,2101.0,769.0,23.0,140.24,17.0,3838.0,2870.0,,0,0,0,181.0,1574961.99,1965583.28,10.84,10.04,34.68,0.78,0.13340004478457287,Dr Reddys Laboratories Ltd,Healthcare,Pharmaceuticals,Mid Cap,37.955,Discount,0,Avoid
471,DRREDDY,2020,17517,15040,2477.0,14.0,670,98,1163,1886,-7.0,2026,24.0,21.0,549.0,83.0,15516.0,2210.0,5414.0,23223.0,6850.0,1535.0,2678.0,12160.0,23223.0,453.0,2984.0,-495.0,-2516.0,-27.0,11.565907404235883,14.140549180795798,12.988012052054618,0.1416757484454131,32.11224489795919,0.7542953106833742,2489.0,495.0,24.0,155.99,21.0,2210.0,2984.0,,0,0,0,182.0,1859862.32,2287596.96,28.73,6.38,24.93,2.34,0.13382711038524614,Dr Reddys Laboratories Ltd,Healthcare,Pharmaceuticals,Mid Cap,37.955,Fair,0,Avoid
472,DRREDDY,2021,19048,15173,3874.0,20.0,335,97,1229,2884,32.0,1952,23.0,21.0,550.0,83.0,17558.0,3031.0,5915.0,26588.0,8206.0,1565.0,2212.0,14605.0,26588.0,454.0,3570.0,-2255.0,-30.0,1286.0,10.24779504409912,20.33809323813524,11.06513236211099,0.1718156567088033,43.39175257731959,0.7164134195877839,1315.0,2255.0,23.0,176.41,21.0,3031.0,3570.0,,0,0,0,183.0,1617326.41,1519427.76,15.23,4.3,13.61,3.34,0.08130702571041304,Dr Reddys Laboratories Ltd,Healthcare,Pharmaceuticals,Mid Cap,37.955,Discount,20,Avoid
473,DRREDDY,2022,21545,17778,3768.0,17.0,555,96,1165,3061,29.0,2182,26.0,23.0,551.0,83.0,19129.0,3384.0,7149.0,29746.0,8122.0,1293.0,2616.0,17715.0,29746.0,455.0,2811.0,-2565.0,-242.0,3.0,10.127639823624971,17.488976560686933,11.35748490526754,0.1761399125546533,45.03125,0.7242990654205608,246.0,2565.0,26.0,192.12,23.0,3384.0,2811.0,,0,0,0,184.0,1837884.76,2215736.28,13.03,7.54,16.33,3.82,0.01338495238406569,Dr Reddys Laboratories Ltd,Healthcare,Pharmaceuticals,Mid Cap,37.955,Discount,0,Avoid
474,DRREDDY,2023,24670,18200,6470.0,26.0,971,143,1250,6048,25.0,4507,54.0,15.0,552.0,83.0,23203.0,1347.0,7576.0,32209.0,9219.0,1030.0,4986.0,16974.0,32209.0,456.0,5888.0,-4109.0,-2686.0,-907.0,18.269152817186868,26.22618565058776,19.35497723954307,0.0578459160010306,52.03496503496503,0.7659349871154025,1779.0,4109.0,54.0,232.86,15.0,1347.0,5888.0,,0,0,0,185.0,2212619.5,2760692.84,11.34,10.95,23.9,3.71,0.0804024370209157,Dr Reddys Laboratories Ltd,Healthcare,Pharmaceuticals,Mid Cap,37.955,Discount,0,Avoid
475,DRREDDY,2024,28011,20078,7933.0,28.0,909,171,1470,7201,23.0,5578,67.0,12.0,553.0,83.0,28171.0,2002.0,8523.0,38780.0,10426.0,1419.0,4930.0,22004.0,38780.0,457.0,4543.0,-4034.0,-376.0,133.0,19.9136053693192,28.321016743422227,19.74233736816026,0.0708572237559283,51.707602339181285,0.7223053120165034,509.0,4034.0,67.0,282.54,12.0,2002.0,4543.0,3.83,0,0,0,186.0,2441803.28,2725256.67,11.73,10.19,14.56,0.09,0.020845250072724943,Dr Reddys Laboratories Ltd,Healthcare,Pharmaceuticals,Mid Cap,37.955,Discount,20,Avoid
483,EICHERMOT,2019,9797,6893,2904.0,30.0,701,7,300,3297,33.0,2203,81.0,15.0,561.0,27.0,8891.0,187.0,2281.0,11387.0,1875.0,450.0,4923.0,4140.0,11387.0,464.0,1575.0,-660.0,-292.0,623.0,22.48647545166888,29.641727059303868,24.702848172235928,0.020968827091276,515.0,0.8603670852726794,915.0,660.0,81.0,89.18,15.0,187.0,1575.0,,0,0,0,187.0,138608.74,143935.61,70.5,14.42,38.01,3.97,0.6601315328311909,Eicher Motors Ltd,Consumer Discretionary,Two Wheelers,Large Cap,42.5,Caution,0,Avoid
484,EICHERMOT,2020,9154,6971,2183.0,24.0,572,19,382,2355,22.0,1827,67.0,19.0,562.0,27.0,9954.0,249.0,2220.0,12450.0,2378.0,312.0,5749.0,4011.0,12450.0,465.0,1694.0,-1508.0,-858.0,-673.0,19.958488092637097,23.847498361372075,18.30477908025248,0.0249474000601142,145.0,0.7352610441767068,186.0,1508.0,67.0,99.81,19.0,249.0,1694.0,,0,0,0,188.0,179834.03,182640.02,18.91,9.77,22.08,0.44,0.10342870034108674,Eicher Motors Ltd,Consumer Discretionary,Two Wheelers,Large Cap,42.5,Discount,0,Avoid
485,EICHERMOT,2021,8720,6937,1783.0,20.0,482,16,451,2203,25.0,1347,49.0,34.0,563.0,27.0,11411.0,219.0,2901.0,14559.0,2433.0,314.0,3902.0,7909.0,14559.0,466.0,1691.0,-1625.0,-15.0,51.0,15.44724770642202,20.44724770642202,11.7765343591537,0.0191467039692253,141.5625,0.5989422350436157,66.0,1625.0,49.0,114.38,34.0,219.0,1691.0,,0,0,0,189.0,213781.42,240534.88,70.14,9.33,25.09,1.98,0.030872654882730218,Eicher Motors Ltd,Consumer Discretionary,Two Wheelers,Large Cap,42.5,Caution,0,Avoid
486,EICHERMOT,2022,10298,8120,2178.0,21.0,496,19,452,2203,24.0,1677,61.0,34.0,564.0,27.0,12581.0,108.0,3424.0,16140.0,2424.0,505.0,7721.0,5490.0,16140.0,467.0,1527.0,-983.0,-593.0,-50.0,16.284715478733737,21.149737813167604,13.301078680203046,0.0085659898477157,140.73684210526315,0.6380421313506816,544.0,983.0,61.0,126.08,34.0,108.0,1527.0,,0,0,0,190.0,231181.84,296317.9,17.97,6.97,27.95,1.95,0.23531260067832316,Eicher Motors Ltd,Consumer Discretionary,Two Wheelers,Large Cap,42.5,Discount,0,Avoid
487,EICHERMOT,2023,14442,10996,3446.0,24.0,908,28,526,3800,23.0,2914,107.0,35.0,565.0,27.0,14963.0,288.0,3919.0,19198.0,2690.0,472.0,12321.0,3715.0,19198.0,468.0,2823.0,-2397.0,-417.0,8.0,20.17726076720676,23.8609610857222,19.43962641761174,0.019212808539026,155.5,0.7522658610271903,426.0,2397.0,107.0,149.9,35.0,288.0,2823.0,,0,0,0,191.0,229241.72,232667.27,24.82,5.49,35.51,2.27,0.1858300487363295,Eicher Motors Ltd,Consumer Discretionary,Two Wheelers,Large Cap,42.5,Discount,0,Avoid
488,EICHERMOT,2024,16536,12206,4329.0,26.0,1521,51,598,5202,23.0,4001,146.0,35.0,566.0,27.0,18018.0,419.0,4650.0,23115.0,2914.0,555.0,13527.0,6119.0,23115.0,469.0,3724.0,-2834.0,-844.0,45.0,24.19569424286405,26.179245283018872,22.172346910501524,0.0232197284566361,114.70588235294116,0.7153796236210254,890.0,2834.0,146.0,180.45,35.0,419.0,3724.0,7.01,0,0,0,192.0,222391.83,234358.89,15.62,13.61,19.29,4.41,0.4001945575069012,Eicher Motors Ltd,Consumer Discretionary,Two Wheelers,Large Cap,42.5,Discount,0,Avoid
496,GAIL,2019,76190,66252,9938.0,13.0,1719,159,1667,9831,33.0,6553,10.0,25.0,574.0,2255.0,43749.0,2224.0,20199.0,68426.0,32700.0,9738.0,10722.0,15267.0,68426.0,476.0,7984.0,-5701.0,-3364.0,-1081.0,8.600866255414097,13.04370652316577,14.244413529258326,0.0483436222937135,73.31446540880503,1.1134656417151376,2283.0,5701.0,10.0,460.04,25.0,2224.0,7984.0,,0,0,0,193.0,665248.74,666947.87,13.48,0.96,26.22,1.4,0.34317990591008113,GAIL (India) Ltd,Energy,Gas Distribution,Large Cap,41.495,Discount,20,Avoid
497,GAIL,2020,72518,63495,9022.0,12.0,3796,309,2080,10429,9.0,9515,14.0,31.0,575.0,4510.0,44758.0,6912.0,18754.0,74934.0,38230.0,11666.0,9893.0,15145.0,74934.0,477.0,8345.0,-8299.0,281.0,328.0,13.120880333158665,12.44104911883946,19.31273849151579,0.1402939027360558,41.48220064724919,0.9677582939653562,46.0,8299.0,14.0,492.68,31.0,6912.0,8345.0,,0,0,0,194.0,712986.95,875162.11,25.86,4.98,34.59,2.22,0.006451730988905197,GAIL (India) Ltd,Energy,Gas Distribution,Large Cap,41.495,Discount,0,Avoid
498,GAIL,2021,57372,50127,7245.0,13.0,2833,179,2174,7725,20.0,6143,9.0,36.0,576.0,4440.0,48742.0,7873.0,19975.0,81030.0,41160.0,13400.0,13058.0,13413.0,81030.0,478.0,8993.0,-4640.0,-3471.0,882.0,10.70731367217458,12.628111273792095,11.550900680681432,0.148038810123726,56.30167597765363,0.7080340614587189,4353.0,4640.0,9.0,531.82,36.0,7873.0,8993.0,,0,0,0,195.0,901096.13,945962.07,36.68,2.92,37.07,4.04,0.48307831485193486,GAIL (India) Ltd,Energy,Gas Distribution,Large Cap,41.495,Fair,20,Avoid
499,GAIL,2022,92770,77608,15161.0,16.0,2925,202,2420,15464,20.0,12304,18.0,36.0,577.0,4440.0,59674.0,9216.0,23254.0,96584.0,44572.0,15490.0,16408.0,20114.0,96584.0,479.0,9420.0,-5490.0,-3917.0,13.0,13.262908267758974,16.342567640400993,19.19081635836167,0.1437439560782356,89.53465346534654,0.9605110577321296,3930.0,5490.0,18.0,641.14,36.0,9216.0,9420.0,,0,0,0,196.0,1209368.79,1283114.71,66.94,6.52,20.9,3.73,0.3249629089568286,GAIL (India) Ltd,Energy,Gas Distribution,Large Cap,41.495,Caution,0,Avoid
500,GAIL,2023,145668,138168,7500.0,5.0,2822,365,2702,7256,23.0,5596,9.0,59.0,578.0,6575.0,58352.0,17816.0,25062.0,107805.0,49697.0,16646.0,17248.0,24214.0,107805.0,480.0,3205.0,-7453.0,2972.0,-1276.0,3.841612433753467,5.14869429112777,8.61891046868021,0.274400480539683,28.27945205479452,1.3512174759983304,-4248.0,7453.0,9.0,649.27,59.0,17816.0,3205.0,,0,0,0,197.0,1135214.39,1121733.01,30.66,11.93,18.04,1.61,-0.37420244470297814,GAIL (India) Ltd,Energy,Gas Distribution,Large Cap,41.495,Fair,0,Avoid
501,GAIL,2024,133228,118914,14314.0,11.0,2672,719,3672,12595,21.0,9903,15.0,37.0,579.0,6575.0,70422.0,21794.0,25944.0,124735.0,55188.0,23627.0,21910.0,24010.0,124735.0,481.0,12586.0,-8226.0,-3457.0,902.0,7.433122166511544,10.743987750322754,12.86154006000234,0.2830499889606088,23.624478442280942,1.068088347296268,4360.0,8226.0,15.0,769.97,37.0,21794.0,12586.0,1.35,0,0,0,198.0,1531867.57,1613856.89,25.84,9.54,33.07,0.31,0.28461990353382827,GAIL (India) Ltd,Energy,Gas Distribution,Large Cap,41.495,Discount,0,Avoid
509,GODREJCP,2019,10314,8183,2132.0,21.0,362,238,170,2085,-12.0,2342,23.0,44.0,587.0,102.0,7165.0,3382.0,3445.0,14094.0,8670.0,52.0,516.0,4855.0,14094.0,488.0,1729.0,274.0,-2039.0,-36.0,22.70700019391119,20.67093271281753,32.22787945507087,0.4653914958029448,10.478991596638656,0.7318007662835249,2003.0,274.0,23.0,72.67,44.0,3382.0,1729.0,,0,0,0,199.0,807328.65,896565.06,26.5,4.95,21.35,4.17,0.24810218242595503,Godrej Consumer Products Ltd,Consumer Staples,Personal Products,Large Cap,37.735,Fair,0,Avoid
510,GODREJCP,2020,9911,7757,2154.0,22.0,32,228,197,1760,15.0,1497,15.0,55.0,588.0,102.0,7796.0,3575.0,3407.0,14880.0,9231.0,57.0,672.0,4920.0,14880.0,489.0,1588.0,-552.0,-1295.0,-259.0,15.104429421854505,21.73342750479265,18.95416561154723,0.4526462395543175,9.587719298245617,0.6660618279569892,1036.0,552.0,15.0,78.98,55.0,3575.0,1588.0,,0,0,0,200.0,973100.39,1240448.27,55.52,0.6,14.3,4.08,0.1064638356583127,Godrej Consumer Products Ltd,Consumer Staples,Personal Products,Large Cap,37.735,Fair,40,Hold
511,GODREJCP,2021,11029,8629,2399.0,22.0,23,138,204,2080,17.0,1721,17.0,0.0,589.0,102.0,9337.0,1864.0,2941.0,14244.0,8905.0,57.0,679.0,4602.0,14244.0,490.0,2030.0,-292.0,-1816.0,-79.0,15.60431589446006,21.75174539849488,18.23286365081047,0.1974785464561924,17.55072463768116,0.7742909295141814,1738.0,292.0,17.0,94.39,0.0,1864.0,2030.0,,0,0,0,201.0,1140203.87,1473894.68,19.23,4.8,17.68,1.47,0.1524288809859942,Godrej Consumer Products Ltd,Consumer Staples,Personal Products,Large Cap,37.735,Discount,0,Avoid
512,GODREJCP,2022,12276,9867,2409.0,20.0,78,122,210,2155,17.0,1783,17.0,0.0,590.0,102.0,11454.0,1704.0,2822.0,16082.0,9219.0,116.0,1015.0,5731.0,16082.0,491.0,1451.0,-844.0,-380.0,227.0,14.524275008145976,19.62365591397849,15.429214260989962,0.1474558670820353,20.385245901639344,0.7633378932968536,607.0,844.0,17.0,115.56,0.0,1704.0,1451.0,,0,0,0,202.0,1112834.15,1198952.25,54.25,5.01,7.79,3.19,0.05454541451661957,Godrej Consumer Products Ltd,Consumer Staples,Personal Products,Large Cap,37.735,Fair,20,Avoid
513,GODREJCP,2023,13316,10873,2443.0,18.0,114,188,236,2133,20.0,1702,17.0,0.0,591.0,102.0,13692.0,1130.0,2513.0,17437.0,9934.0,45.0,3029.0,4429.0,17437.0,492.0,2151.0,-1754.0,-794.0,-398.0,12.781616100931211,18.34635025533193,12.338697984631,0.0819196752211106,13.601063829787234,0.7636634742214831,397.0,1754.0,17.0,137.94,0.0,1130.0,2151.0,,0,0,0,203.0,1201313.68,1348586.23,40.79,13.41,24.56,4.15,0.033047155510624,Godrej Consumer Products Ltd,Consumer Staples,Personal Products,Large Cap,37.735,Fair,0,Avoid
514,GODREJCP,2024,14096,11139,2957.0,21.0,-2209,310,241,198,99.0,-561,-5.0,,592.0,102.0,12496.0,3222.0,2571.0,18392.0,10440.0,83.0,3504.0,4365.0,18392.0,493.0,2070.0,-3435.0,1406.0,41.0,-3.979852440408626,20.97758229284904,-4.45308779171297,0.2557548817272583,2.412903225806452,0.7664201826881253,-1365.0,3435.0,-5.0,125.98,,3222.0,2070.0,8.96,0,0,0,204.0,1327797.2,1350416.57,33.59,8.07,23.55,3.09,-0.10280184353453976,Godrej Consumer Products Ltd,Consumer Staples,Personal Products,Large Cap,37.735,Fair,0,Avoid
522,GRASIM,2019,77200,60560,16640.0,22.0,-1846,6060,3571,5163,47.0,2745,25.0,27.0,600.0,132.0,57888.0,84487.0,98620.0,241127.0,87129.0,2766.0,62747.0,88484.0,241127.0,500.0,-1659.0,-2212.0,4158.0,287.0,3.5556994818652847,21.55440414507772,4.731127197518097,1.4561702861082386,2.441254125412541,0.3201632334827705,-3871.0,2212.0,25.0,580.2,27.0,84487.0,-1659.0,,0,0,0,205.0,401734.34,486675.12,56.71,7.49,39.71,1.82,-0.9635720959278711,Grasim Industries Ltd,Industrials,Diversified Industrials,Mid Cap,48.83,Fair,0,Avoid
523,GRASIM,2020,68252,57880,10373.0,15.0,7076,6890,4004,6554,-1.0,6639,65.0,6.0,601.0,132.0,56501.0,84777.0,102772.0,244181.0,87736.0,3904.0,66337.0,86204.0,244181.0,501.0,16620.0,-11364.0,-3418.0,1838.0,9.72718748168552,15.19808943327668,11.722847103279006,1.4969540727137889,2.532510885341074,0.2795139670981771,5256.0,11364.0,65.0,566.33,6.0,84777.0,16620.0,,0,0,0,206.0,362884.74,445840.81,23.28,10.84,11.26,0.08,1.4483937792479231,Grasim Industries Ltd,Industrials,Diversified Industrials,Mid Cap,48.83,Discount,20,Avoid
524,GRASIM,2021,76404,57769,18635.0,24.0,1130,5723,4033,10009,30.0,6987,63.0,14.0,602.0,132.0,65362.0,79078.0,122777.0,267349.0,85023.0,5769.0,88017.0,88540.0,267349.0,502.0,15075.0,-7146.0,-8003.0,-75.0,9.144809172294645,24.39008428878069,10.6681528078908,1.2074083122118056,3.453608247422681,0.2857837508275699,7929.0,7146.0,63.0,654.94,14.0,79078.0,15075.0,,0,0,0,207.0,337446.27,354587.01,15.68,3.37,31.76,3.46,2.349707406752488,Grasim Industries Ltd,Industrials,Diversified Industrials,Mid Cap,48.83,Discount,0,Avoid
525,GRASIM,2022,95701,75270,20431.0,21.0,1648,4776,4161,13143,15.0,11206,111.0,9.0,603.0,132.0,75567.0,74744.0,138706.0,289149.0,88996.0,6615.0,96766.0,96771.0,289149.0,503.0,7038.0,-1053.0,-6733.0,-748.0,11.709386526786554,21.34878423422953,14.803365962562252,0.9873842454986196,4.622906197654942,0.3309746877907238,5985.0,1053.0,111.0,756.99,9.0,74744.0,7038.0,,0,0,0,208.0,424758.5,525197.79,38.27,13.08,23.41,2.12,1.4090359580797087,Grasim Industries Ltd,Industrials,Diversified Industrials,Mid Cap,48.83,Fair,0,Avoid
526,GRASIM,2023,117627,96038,21589.0,18.0,3733,6044,4552,14727,25.0,11078,100.0,10.0,604.0,132.0,78610.0,103039.0,155042.0,336823.0,94896.0,7778.0,105355.0,128793.0,336823.0,504.0,-12685.0,-13712.0,26469.0,72.0,9.417905752930874,18.353779319373952,14.068730791699474,1.3085646795864976,4.1896095301125085,0.3492249638534185,-26397.0,13712.0,100.0,787.42,10.0,103039.0,-12685.0,,0,0,0,209.0,513646.94,506213.11,64.84,6.73,9.46,0.54,-5.1391331173899335,Grasim Industries Ltd,Industrials,Diversified Industrials,Mid Cap,48.83,Fair,20,Avoid
527,GRASIM,2024,130978,103783,27195.0,21.0,783,9277,5001,13700,28.0,9926,85.0,12.0,605.0,133.0,88520.0,137155.0,186309.0,412116.0,100494.0,18358.0,129306.0,163959.0,412116.0,505.0,-10719.0,-23114.0,33908.0,75.0,7.578371940325857,20.763028905617738,11.196462612658342,1.547099364939709,3.015845639754231,0.3178182841724175,-33833.0,23114.0,85.0,886.53,12.0,137155.0,-10719.0,14.9,0,0,0,210.0,478951.82,601673.21,79.35,5.68,15.23,0.98,-7.063967310949983,Grasim Industries Ltd,Industrials,Diversified Industrials,Mid Cap,48.83,Caution,0,Avoid
535,HAL,2019,20008,15440,4569.0,23.0,376,177,1024,3742,37.0,2346,35.0,28.0,610.0,5.0,128.0,8.0,33.0,175.0,59.0,0.0,22.0,93.0,175.0,508.0,-7694.0,5292.0,2321.0,-80.0,11.72530987604958,22.835865653738505,1763.9097744360904,0.0601503759398496,27.937853107344637,114.33142857142856,-2402.0,5292.0,35.0,1.33,28.0,8.0,-7694.0,,0,0,0,211.0,1180468.36,1498765.19,56.05,13.51,24.39,3.11,-0.2034785582902027,Hindustan Aeronautics Ltd,Industrials,Defence & Aerospace,Large Cap,48.83,Fair,0,Avoid
536,HAL,2020,21445,16565,4880.0,23.0,415,359,998,3938,28.0,2842,42.0,39.0,611.0,5.0,133.0,2.0,33.0,173.0,50.0,0.0,18.0,104.0,173.0,509.0,1537.0,-1334.0,64.0,266.0,13.252506411750993,22.75588715318256,2059.4202898550725,0.0144927536231884,14.749303621169917,123.95953757225432,203.0,1334.0,42.0,1.38,39.0,2.0,1537.0,,0,0,0,212.0,1369023.45,1687291.54,68.18,9.05,27.14,4.15,0.014828087860730216,Hindustan Aeronautics Ltd,Industrials,Defence & Aerospace,Large Cap,48.83,Fair,0,Avoid
537,HAL,2021,22882,17541,5341.0,23.0,360,267,1157,4277,24.0,3239,48.0,31.0,612.0,5.0,139.0,6.0,36.0,186.0,45.0,0.0,17.0,124.0,186.0,510.0,15124.0,-1190.0,-7070.0,6864.0,14.155231186085132,23.341491128397863,2249.305555555556,0.0416666666666666,21.352059925093634,123.02150537634408,13934.0,1190.0,48.0,1.44,31.0,6.0,15124.0,,0,0,0,213.0,1800174.45,2098463.2,8.56,2.01,35.03,0.38,0.77403609411299,Hindustan Aeronautics Ltd,Industrials,Defence & Aerospace,Large Cap,48.83,Discount,20,Avoid
538,HAL,2022,24620,19200,5420.0,22.0,986,65,1110,5231,3.0,5086,76.0,26.0,613.0,5.0,148.0,12.0,36.0,202.0,45.0,1.0,29.0,127.0,202.0,511.0,10180.0,-12789.0,-1464.0,-4072.0,20.65800162469537,22.014622258326565,3324.183006535948,0.0784313725490196,98.55384615384617,121.88118811881188,-2609.0,12789.0,76.0,1.53,26.0,12.0,10180.0,,0,0,0,214.0,1722334.17,1708932.12,51.22,8.86,15.13,0.93,-0.15148047605651346,Hindustan Aeronautics Ltd,Industrials,Defence & Aerospace,Large Cap,48.83,Fair,0,Avoid
539,HAL,2023,26928,20258,6669.0,25.0,1672,64,1784,6493,10.0,5811,87.0,32.0,614.0,5.0,172.0,47.0,47.0,271.0,57.0,23.0,35.0,156.0,271.0,512.0,8836.0,-5734.0,-1731.0,1370.0,21.57976827094474,24.766042780748663,3283.050847457627,0.2655367231638418,130.328125,99.36531365313652,3102.0,5734.0,87.0,1.77,32.0,47.0,8836.0,,0,0,0,215.0,2122373.86,2704291.55,11.8,2.43,27.48,3.62,0.14615709599815746,Hindustan Aeronautics Ltd,Industrials,Defence & Aerospace,Large Cap,48.83,Discount,20,Avoid
540,HAL,2024,30381,20631,9749.0,32.0,1899,43,1406,10199,26.0,7595,114.0,31.0,615.0,5.0,194.0,123.0,127.0,450.0,240.0,9.0,43.0,158.0,450.0,513.0,8226.0,-6412.0,-1999.0,-185.0,24.999177117277245,32.08913465652875,3816.582914572864,0.6180904522613065,270.8837209302326,67.51333333333334,1814.0,6412.0,114.0,1.99,31.0,123.0,8226.0,5.27,0,0,0,216.0,2643616.86,3140281.78,71.89,3.65,8.76,2.77,0.06861811283803056,Hindustan Aeronautics Ltd,Industrials,Defence & Aerospace,Large Cap,48.83,Fair,20,Avoid
548,HAVELLS,2019,10073,8885,1189.0,12.0,124,16,149,1147,31.0,788,13.0,36.0,649.0,63.0,4135.0,94.0,2856.0,7148.0,2904.0,233.0,0.0,4012.0,7148.0,520.0,501.0,185.0,-318.0,368.0,7.822892881961679,11.803832026208678,18.77084325869461,0.0223916150547879,82.0625,1.409205372132065,686.0,185.0,13.0,41.98,36.0,94.0,501.0,,0,0,0,217.0,1408366.0,1810030.57,65.28,10.66,7.11,0.48,0.04870892935501141,Havells India Ltd,Industrials,Consumer Electricals,Large Cap,48.83,Fair,20,Avoid
549,HAVELLS,2020,9440,8374,1067.0,11.0,107,51,218,904,19.0,735,12.0,34.0,650.0,63.0,4249.0,72.0,2690.0,7073.0,3350.0,86.0,0.0,3638.0,7073.0,521.0,827.0,-548.0,-716.0,-437.0,7.786016949152542,11.302966101694915,17.045454545454543,0.0166975881261595,23.01960784313725,1.3346529054149583,279.0,548.0,12.0,43.12,34.0,72.0,827.0,,0,0,0,218.0,1749780.42,1713551.51,10.08,13.71,36.18,0.98,0.015944857812501982,Havells India Ltd,Industrials,Consumer Electricals,Large Cap,48.83,Discount,0,Avoid
550,HAVELLS,2021,10457,8868,1589.0,15.0,187,90,249,1438,27.0,1044,17.0,39.0,651.0,63.0,5114.0,521.0,3155.0,8852.0,3290.0,90.0,306.0,5166.0,8852.0,522.0,660.0,-763.0,190.0,87.0,9.983742947308023,15.195562780912308,20.16611937415492,0.1006374348078037,19.73333333333333,1.1813149570718482,-103.0,763.0,17.0,51.77,39.0,521.0,660.0,,0,0,0,219.0,2169908.17,1994561.94,28.52,9.54,31.71,0.05,-0.004746744651410755,Havells India Ltd,Industrials,Consumer Electricals,Large Cap,48.83,Discount,0,Avoid
551,HAVELLS,2022,13938,12163,1775.0,13.0,159,67,261,1607,26.0,1196,19.0,39.0,652.0,63.0,5940.0,616.0,3904.0,10523.0,3434.0,57.0,426.0,6606.0,10523.0,523.0,1728.0,-759.0,-547.0,421.0,8.58085808580858,12.73496914908882,19.923371647509576,0.102615358987173,28.86567164179105,1.324527226076214,969.0,759.0,19.0,60.03,39.0,616.0,1728.0,,0,0,0,220.0,2198343.31,2166991.03,79.91,10.23,19.2,0.34,0.044078647570292374,Havells India Ltd,Industrials,Consumer Electricals,Large Cap,48.83,Caution,0,Avoid
552,HAVELLS,2023,16911,15290,1621.0,10.0,178,55,296,1447,26.0,1072,17.0,44.0,653.0,63.0,6563.0,223.0,4309.0,11157.0,3621.0,166.0,201.0,7170.0,11157.0,524.0,565.0,31.0,-907.0,-311.0,6.339069244870204,9.58547690852108,16.178690009055238,0.033655297313613,32.70909090909091,1.5157300349556333,596.0,31.0,17.0,66.26,44.0,223.0,565.0,,0,0,0,221.0,2526633.19,2922507.57,66.78,4.68,39.35,1.98,0.02358870303607466,Havells India Ltd,Industrials,Consumer Electricals,Large Cap,48.83,Fair,0,Avoid
553,HAVELLS,2024,18590,16709,1881.0,10.0,249,84,338,1707,26.0,1271,20.0,44.0,654.0,63.0,7384.0,303.0,4683.0,12433.0,3988.0,299.0,20.0,8126.0,12433.0,525.0,1953.0,-1618.0,-534.0,-199.0,6.837009144701453,10.118343195266272,17.067275412917954,0.040687525177924,25.357142857142858,1.4952143489101584,335.0,1618.0,20.0,74.47,44.0,303.0,1953.0,2.61,0,0,0,222.0,2521508.87,2620805.22,45.41,14.08,30.73,2.6,0.013285695877801929,Havells India Ltd,Industrials,Consumer Electricals,Large Cap,48.83,Fair,0,Avoid
561,HCLTECH,2019,60427,46501,13926.0,23.0,943,174,2073,12622,20.0,10120,37.0,11.0,636.0,271.0,41095.0,4195.0,12788.0,58349.0,22888.0,235.0,2305.0,32921.0,58349.0,532.0,8971.0,-3256.0,-1471.0,4244.0,16.747480430933194,23.04598937561024,24.46453609244307,0.101411787458299,85.45402298850574,1.035613292430033,5715.0,3256.0,37.0,413.66,11.0,4195.0,8971.0,,0,0,0,223.0,229691.1,252862.05,60.47,11.39,12.91,0.45,2.4881242677665787,HCL Technologies Ltd,Information Technology,IT Services,Large Cap,49.555,Fair,20,Avoid
562,HCLTECH,2020,70676,53360,17316.0,24.0,589,505,3420,13980,21.0,11057,41.0,25.0,637.0,543.0,50724.0,7986.0,23566.0,82819.0,37490.0,400.0,7066.0,37863.0,82819.0,533.0,13359.0,-12332.0,-3168.0,-2141.0,15.644631841077594,24.50053766483672,21.56748005539626,0.1557727192931125,35.45544554455446,0.8533790555307357,1027.0,12332.0,41.0,512.67,25.0,7986.0,13359.0,,0,0,0,224.0,239391.06,303372.88,47.27,5.14,16.33,0.59,0.42900516000889927,HCL Technologies Ltd,Information Technology,IT Services,Large Cap,49.555,Fair,0,Avoid
563,HCLTECH,2021,75379,55331,20048.0,27.0,927,511,4611,15853,30.0,11169,41.0,24.0,638.0,543.0,59370.0,6864.0,19270.0,86047.0,37145.0,312.0,6862.0,41728.0,86047.0,534.0,19618.0,-5665.0,-11192.0,2761.0,14.817124132716009,26.596266864776663,18.64203094487006,0.1145661208752691,41.04696673189824,0.8760212442037492,13953.0,5665.0,41.0,599.13,24.0,6864.0,19618.0,,0,0,0,225.0,260125.17,316454.0,77.74,7.77,10.85,3.07,5.363956129274226,HCL Technologies Ltd,Information Technology,IT Services,Large Cap,49.555,Caution,40,Hold
564,HCLTECH,2022,85651,65122,20529.0,24.0,1067,319,4326,16951,20.0,13523,50.0,84.0,639.0,543.0,61371.0,6343.0,20664.0,88921.0,35077.0,129.0,6351.0,47364.0,88921.0,535.0,16900.0,1597.0,-14508.0,3989.0,15.78849050215409,23.96819651842944,21.841586717059148,0.1024485576767774,67.69905956112852,0.9632257846852824,18497.0,1597.0,50.0,619.14,84.0,6343.0,16900.0,,0,0,0,226.0,319536.64,296747.25,69.21,12.53,21.54,2.52,5.788694529678975,HCL Technologies Ltd,Information Technology,IT Services,Large Cap,49.555,Fair,20,Avoid
565,HCLTECH,2023,101456,78828,22628.0,22.0,1358,353,4145,19488,24.0,14845,55.0,88.0,640.0,543.0,64862.0,4794.0,23051.0,93250.0,34619.0,40.0,5495.0,53096.0,93250.0,536.0,18009.0,-3573.0,-15881.0,-1445.0,14.631958681595965,22.303264469326606,22.69704151058788,0.0732971485360446,67.94900849858357,1.088,14436.0,3573.0,55.0,654.05,88.0,4794.0,18009.0,,0,0,0,227.0,385586.15,451405.41,9.19,2.28,10.69,3.4,3.7439104075703966,HCL Technologies Ltd,Information Technology,IT Services,Large Cap,49.555,Discount,60,Buy
566,HCLTECH,2024,109913,85715,24198.0,22.0,1495,553,4173,20967,25.0,15710,58.0,90.0,641.0,543.0,67720.0,5758.0,24985.0,99006.0,35063.0,108.0,7137.0,56698.0,99006.0,537.0,22448.0,-6608.0,-15464.0,376.0,14.293122742532727,22.015594151738192,23.01393141233172,0.0843502336551279,46.46112115732369,1.1101650405025958,15840.0,6608.0,58.0,682.63,90.0,5758.0,22448.0,14.6,0,0,0,228.0,412593.29,461362.25,63.63,5.44,31.21,1.99,3.8391317512701186,HCL Technologies Ltd,Information Technology,IT Services,Large Cap,49.555,Fair,20,Avoid
574,HDFCBANK,2019,105161,53713,34856.0,16592.0,16,18947,1221,34318,35.0,22446,41.0,18.0,662.0,545.0,153128.0,1080235.0,58898.0,1292806.0,4369.0,0.0,289446.0,998991.0,1292806.0,544.0,-62872.0,-1503.0,23131.0,-41244.0,21.34441475451926,33.145367579235646,14.60633943503413,7.02943913374503,1.8405024542143875,0.0813432177759076,-64375.0,1503.0,41.0,1536.73,18.0,1080235.0,-62872.0,,0,0,0,229.0,578281.57,743657.34,63.58,0.79,38.51,3.49,-11.132120292196067,HDFC Bank Ltd,Financials,Private Banks,Large Cap,43.585,Fair,20,Avoid
575,HDFCBANK,2020,122189,62137,45459.0,14593.0,12,24879,1277,38195,29.0,27296,50.0,5.0,663.0,548.0,175810.0,1333041.0,71430.0,1580830.0,4776.0,0.0,389305.0,1186750.0,1580830.0,545.0,-16869.0,-1403.0,24394.0,6122.0,22.339163099788035,37.20383995285992,15.477608047267491,7.558721464294219,1.8276860002411672,0.0772942062081311,-18272.0,1403.0,50.0,1763.58,5.0,1333041.0,-16869.0,,0,0,0,230.0,534671.83,497530.99,30.19,9.55,26.58,1.24,-3.4174233566784324,HDFC Bank Ltd,Financials,Private Banks,Large Cap,43.585,Discount,0,Avoid
576,HDFCBANK,2021,128552,59248,52457.0,16848.0,13,27333,1385,42796,26.0,31857,58.0,11.0,664.0,551.0,209259.0,1511418.0,78279.0,1799507.0,5248.0,0.0,438823.0,1355435.0,1799507.0,546.0,42476.0,-1823.0,-7321.0,33332.0,24.78141141328023,40.80605513722074,15.183737667413377,7.20374624660407,1.9196575567994727,0.0714373436724614,40653.0,1823.0,58.0,2098.1,11.0,1511418.0,42476.0,,0,0,0,231.0,573615.98,564871.82,11.64,8.0,17.14,2.44,7.087145654484731,HDFC Bank Ltd,Financials,Private Banks,Large Cap,43.585,Discount,20,Avoid
577,HDFCBANK,2022,135936,58584,56557.0,20795.0,15,31759,1681,50873,25.0,38151,69.0,23.0,665.0,555.0,246772.0,1784970.0,90639.0,2122934.0,6432.0,0.0,449264.0,1667238.0,2122934.0,547.0,-11960.0,-2051.0,48124.0,34113.0,28.06541313559322,41.60560852165725,15.425327602728371,7.217044641304831,1.7812903428949274,0.064032136656156,-14011.0,2051.0,69.0,2473.27,23.0,1784970.0,-11960.0,,0,0,0,232.0,759039.45,726665.0,8.14,1.61,21.19,3.18,-1.8458856124013057,HDFC Bank Ltd,Financials,Private Banks,Large Cap,43.585,Discount,20,Avoid
578,HDFCBANK,2023,170754,77780,63042.0,29932.0,18,33912,2345,61498,25.0,46149,82.0,23.0,666.0,558.0,288880.0,2139212.0,101783.0,2530432.0,8431.0,0.0,511582.0,2010419.0,2530432.0,548.0,20814.0,-2992.0,23941.0,41762.0,27.026599669700268,36.91977933167012,15.944347321360706,7.39091618930479,1.859518754423213,0.0674801772977894,17822.0,2992.0,82.0,2894.38,23.0,2139212.0,20814.0,,0,0,0,233.0,865594.78,950386.57,33.49,4.99,18.17,2.75,2.058931085513247,HDFC Bank Ltd,Financials,Private Banks,Large Cap,43.585,Fair,0,Avoid
579,HDFCBANK,2024,283649,154139,174196.0,-44685.0,-16,124346,3092,76569,15.0,65446,84.0,23.0,667.0,760.0,455636.0,3107503.0,466296.0,4030194.0,12604.0,0.0,1005682.0,3011909.0,4030194.0,549.0,19069.0,16600.0,-3983.0,31687.0,23.07288232992184,61.41252040373843,14.33974005030719,6.808786667718385,1.4007688224792112,0.0703809791786698,35669.0,16600.0,84.0,4563.96,23.0,3107503.0,19069.0,18.92,0,0,0,234.0,808359.03,976938.14,49.42,4.4,22.54,4.33,4.412519521183551,HDFC Bank Ltd,Financials,Private Banks,Large Cap,43.585,Fair,20,Avoid
587,HDFCLIFE,2019,38855,14,37640.0,1215.0,3,136,45,1291,1.0,1278,6.0,26.0,674.0,2017.0,3625.0,0.0,124378.0,130020.0,370.0,10.0,124958.0,4682.0,130020.0,556.0,9868.0,-10182.0,-337.0,-651.0,3.289151975292755,96.87298931926392,22.65154200638072,0.0,276.7867647058824,0.2988386402091986,-314.0,10182.0,6.0,56.42,26.0,0.0,9868.0,,0,0,0,235.0,33844.59,36530.23,53.97,3.58,37.6,2.89,-0.9277701399248742,HDFC Life Insurance Company Ltd,Financials,Life Insurance,Large Cap,43.585,Fair,0,Avoid
588,HDFCLIFE,2020,29380,0,28239.0,1141.0,4,369,47,1463,11.0,1297,6.0,0.0,675.0,2019.0,4788.0,0.0,125417.0,132224.0,322.0,8.0,127256.0,4637.0,132224.0,557.0,7388.0,-7789.0,38.0,-364.0,4.414567733151804,96.11640571817564,19.05391508741002,0.0,76.53929539295393,0.2221986931268151,-401.0,7789.0,6.0,68.07,0.0,0.0,7388.0,,0,0,0,236.0,43616.06,44999.88,67.68,5.98,13.85,4.1,-0.9193861160315718,HDFC Life Insurance Company Ltd,Financials,Life Insurance,Large Cap,43.585,Caution,20,Avoid
589,HDFCLIFE,2021,71528,0,70294.0,1235.0,2,445,51,1629,16.0,1361,7.0,30.0,676.0,2021.0,6619.0,600.0,170415.0,179655.0,585.0,14.0,173564.0,5493.0,179655.0,558.0,9703.0,-8952.0,678.0,1429.0,1.902751370092831,98.27480147634492,15.752314814814811,0.0694444444444444,157.9685393258427,0.3981408811332832,751.0,8952.0,7.0,86.4,30.0,600.0,9703.0,,0,0,0,237.0,39084.76,49917.31,41.01,14.89,23.89,3.41,1.921465041617244,HDFC Life Insurance Company Ltd,Financials,Life Insurance,Large Cap,43.585,Fair,0,Avoid
590,HDFCLIFE,2022,67126,0,66348.0,778.0,1,766,56,1487,11.0,1327,6.0,27.0,677.0,2113.0,13501.0,600.0,214521.0,230734.0,6605.0,20.0,216551.0,7559.0,230734.0,559.0,5943.0,-801.0,-238.0,4904.0,1.976879301611894,98.84098560915294,8.498783143332906,0.0384270526450621,86.61749347258485,0.2909237476921477,5142.0,801.0,6.0,156.14,27.0,600.0,5943.0,,0,0,0,238.0,33360.23,36651.77,61.1,11.85,10.53,1.89,15.413562796179761,HDFC Life Insurance Company Ltd,Financials,Life Insurance,Large Cap,43.585,Fair,40,Hold
591,HDFCLIFE,2023,70207,0,70127.0,80.0,0,1437,76,1441,5.0,1368,6.0,30.0,678.0,2149.0,10844.0,950.0,234126.0,248069.0,997.0,31.0,238197.0,8844.0,248069.0,560.0,6883.0,-10071.0,1985.0,-1203.0,1.9485236514877435,99.886051248451,10.52874624797968,0.0731162933887477,48.80097425191371,0.2830140001370586,-3188.0,10071.0,6.0,129.93,30.0,950.0,6883.0,,0,0,0,239.0,35346.36,33277.06,39.9,12.2,15.51,1.95,-9.01931627471683,HDFC Life Insurance Company Ltd,Financials,Life Insurance,Large Cap,43.585,Fair,0,Avoid
592,HDFCLIFE,2024,101482,0,100951.0,531.0,1,525,79,977,-61.0,1574,7.0,27.0,679.0,2151.0,12515.0,950.0,287071.0,302687.0,1549.0,28.0,291128.0,9982.0,302687.0,561.0,10721.0,-13614.0,-403.0,-3296.0,1.5510139729213062,99.47675449833469,10.732306013909724,0.0647756716214373,192.2895238095238,0.3352704278677313,-2893.0,13614.0,7.0,146.66,27.0,950.0,10721.0,18.07,0,0,0,240.0,47027.6,42921.31,50.59,11.28,31.63,3.22,-6.151706657367163,HDFC Life Insurance Company Ltd,Financials,Life Insurance,Large Cap,43.585,Fair,0,Avoid
599,HEROMOTOCO,2019,33971,37,28946.0,5025.0,15,741,624,5104,32.0,3466,172.0,50.0,686.0,40.0,13080.0,312.0,5072.0,18504.0,4952.0,573.0,6114.0,6865.0,18504.0,567.0,1032.0,1298.0,-2252.0,78.0,10.202820052397634,85.2079715051073,26.417682926829265,0.023780487804878,39.08367071524966,1.8358733246865544,2330.0,1298.0,172.0,131.2,50.0,312.0,1032.0,,0,0,0,241.0,959580.91,1068641.74,64.37,1.86,5.42,3.67,0.24281433443689493,"Hero MotoCorp Ltd
",Consumer Discretionary,Two Wheelers,Large Cap,42.5,Caution,40,Hold
600,HEROMOTOCO,2020,29254,47,25184.0,4070.0,14,1434,846,4611,21.0,3659,182.0,49.0,687.0,40.0,14366.0,453.0,4815.0,19674.0,6473.0,391.0,8359.0,4451.0,19674.0,568.0,5518.0,-2819.0,-2602.0,97.0,12.50769125589663,86.0873726669857,25.39913924753575,0.0314452311536859,17.571827057182706,1.4869370743112738,2699.0,2819.0,182.0,144.06,49.0,453.0,5518.0,,0,0,0,242.0,1157395.82,1232490.63,75.71,11.62,38.88,4.18,0.23319593464576363,"Hero MotoCorp Ltd
",Consumer Discretionary,Two Wheelers,Large Cap,42.5,Caution,0,Avoid
601,HEROMOTOCO,2021,30959,46,26902.0,4058.0,13,553,715,3849,24.0,2936,146.0,72.0,688.0,40.0,15376.0,584.0,7096.0,23096.0,6380.0,495.0,10582.0,5639.0,23096.0,569.0,4110.0,-2289.0,-1852.0,-31.0,9.483510449303918,86.89557156238897,19.04514789828749,0.0378827192527244,48.67088607594937,1.340448562521649,1821.0,2289.0,146.0,154.16,72.0,584.0,4110.0,,0,0,0,243.0,1262310.05,1517149.73,56.18,12.27,32.57,0.69,0.14425932836389918,"Hero MotoCorp Ltd
",Consumer Discretionary,Two Wheelers,Large Cap,42.5,Fair,0,Avoid
602,HEROMOTOCO,2022,29551,53,26295.0,3256.0,11,545,690,3058,24.0,2329,116.0,82.0,689.0,40.0,15807.0,605.0,6027.0,22478.0,6194.0,517.0,10528.0,5240.0,22478.0,570.0,2104.0,-222.0,-1975.0,-94.0,7.881289973266556,88.98176034651958,14.696788035590332,0.0381775730422161,48.26788990825688,1.314663226265682,1882.0,222.0,116.0,158.47,82.0,605.0,2104.0,,0,0,0,244.0,1220486.89,1228166.97,66.93,12.26,22.34,2.61,0.1542007550773446,"Hero MotoCorp Ltd
",Consumer Discretionary,Two Wheelers,Large Cap,42.5,Caution,0,Avoid
603,HEROMOTOCO,2023,34158,105,30060.0,4099.0,12,567,697,3864,28.0,2800,141.0,71.0,690.0,40.0,16616.0,568.0,6694.0,23917.0,6159.0,454.0,10891.0,6413.0,23917.0,571.0,2614.0,-421.0,-2147.0,45.0,8.197201241290474,88.00281046899701,16.810758885686838,0.0341018251681075,53.03703703703704,1.4281891541581302,2193.0,421.0,141.0,166.56,71.0,568.0,2614.0,,0,0,0,245.0,1542037.68,1580646.36,11.61,7.5,36.98,3.56,0.14221442370980195,"Hero MotoCorp Ltd
",Consumer Discretionary,Two Wheelers,Large Cap,42.5,Discount,0,Avoid
604,HEROMOTOCO,2024,37789,76,32554.0,5235.0,14,689,757,5090,26.0,3742,187.0,75.0,691.0,40.0,17659.0,606.0,7847.0,26153.0,6232.0,484.0,12751.0,6685.0,26153.0,572.0,4923.0,-1828.0,-2717.0,379.0,9.902352536452408,86.14676228532112,21.14243742584327,0.0342392225549466,47.26850507982584,1.4449202768324858,3095.0,1828.0,187.0,176.99,75.0,606.0,4923.0,6.09,0,0,0,246.0,1593400.88,1475343.49,53.86,12.6,28.27,1.91,0.19423862750722218,"Hero MotoCorp Ltd
",Consumer Discretionary,Two Wheelers,Large Cap,42.5,Fair,0,Avoid
612,HINDALCO,2019,130542,3778,115031.0,15511.0,12,1127,4777,8083,32.0,5495,24.0,5.0,699.0,222.0,57279.0,52415.0,42056.0,151972.0,85860.0,4097.0,9012.0,53003.0,151972.0,579.0,11977.0,-5456.0,-5466.0,1055.0,4.209373228539474,88.11800033705627,9.556355541642754,0.9115493643588808,102.07897071872227,0.858987181849288,6521.0,5456.0,24.0,575.01,5.0,52415.0,11977.0,,0,0,0,247.0,247258.14,249825.5,24.15,12.33,39.34,2.97,2.6373247004122895,Hindalco Industries Ltd,Materials,Metals & Mining,Large Cap,40.61,Discount,0,Avoid
613,HINDALCO,2020,118144,4197,103838.0,14306.0,12,906,5091,5924,36.0,3767,17.0,6.0,700.0,222.0,58095.0,68399.0,41902.0,168618.0,89195.0,7721.0,9411.0,62291.0,168618.0,580.0,12745.0,-7227.0,6656.0,12174.0,3.188481852654388,87.89104821235102,6.459522952140885,1.172882692868289,114.62472406181016,0.7006606649349417,5518.0,7227.0,17.0,583.17,6.0,68399.0,12745.0,,0,0,0,248.0,287414.16,295396.33,9.47,3.28,25.46,0.68,1.9198775731856774,Hindalco Industries Ltd,Materials,Metals & Mining,Large Cap,40.61,Discount,0,Avoid
614,HINDALCO,2021,132008,3738,114449.0,17559.0,13,-987,6628,6206,44.0,3483,16.0,19.0,701.0,222.0,66311.0,67206.0,55083.0,188822.0,100269.0,10202.0,17133.0,61218.0,188822.0,581.0,17232.0,-25280.0,-4882.0,-12930.0,2.638476455972365,86.69853342221684,5.234996167315468,1.010115281138683,-115.96960486322187,0.6991134507631526,-8048.0,25280.0,16.0,665.33,19.0,67206.0,17232.0,,0,0,0,249.0,371315.5,362128.37,45.59,7.92,26.14,1.47,-2.167429046188484,Hindalco Industries Ltd,Materials,Metals & Mining,Large Cap,40.61,Fair,0,Avoid
615,HINDALCO,2022,195059,3768,166712.0,28347.0,15,1253,6729,19103,28.0,13730,61.0,6.0,702.0,222.0,77969.0,64486.0,79178.0,221855.0,106874.0,4945.0,14119.0,95917.0,221855.0,582.0,16838.0,-6773.0,-6765.0,3300.0,7.038895923797416,85.46747394378112,17.559565678914453,0.8247240731030425,133.06225059856345,0.8792184084199139,10065.0,6773.0,61.0,781.91,6.0,64486.0,16838.0,,0,0,0,250.0,477796.57,514931.21,58.41,9.72,9.1,2.8,2.1065450511710453,Hindalco Industries Ltd,Materials,Metals & Mining,Large Cap,40.61,Fair,20,Avoid
616,HINDALCO,2023,223202,3646,200536.0,22666.0,10,1307,7086,13241,24.0,10097,45.0,7.0,703.0,222.0,94584.0,60291.0,68392.0,223489.0,110626.0,7700.0,14116.0,91047.0,223489.0,583.0,19208.0,-7559.0,-10450.0,1199.0,4.523704984722359,89.84507307282192,10.650169820475496,0.6359407632428328,153.43993879112472,0.9987158204654368,11649.0,7559.0,45.0,948.06,7.0,60291.0,19208.0,,0,0,0,251.0,537689.01,677187.92,71.42,2.69,7.86,1.33,2.1664939739051015,Hindalco Industries Ltd,Materials,Metals & Mining,Large Cap,40.61,Caution,40,Hold
617,HINDALCO,2024,215962,3858,192090.0,23872.0,11,1519,7521,14012,28.0,10155,45.0,8.0,704.0,222.0,105924.0,56356.0,68221.0,230723.0,111810.0,14867.0,15444.0,88602.0,230723.0,584.0,24056.0,-14267.0,-10817.0,-1028.0,4.702216130615571,88.94620349876368,9.567011474761175,0.5309290976579428,126.46543778801843,0.9360228499109322,9789.0,14267.0,45.0,1061.46,8.0,56356.0,24056.0,7.51,0,0,0,252.0,722281.1,656285.92,56.45,9.32,27.63,0.98,1.355289512628809,Hindalco Industries Ltd,Materials,Metals & Mining,Large Cap,40.61,Fair,0,Avoid
625,HINDUNILVR,2019,39310,33,30430.0,8880.0,23,322,565,8604,30.0,6060,28.0,78.0,712.0,216.0,7651.0,99.0,10663.0,18629.0,4715.0,406.0,2716.0,10792.0,18629.0,591.0,5800.0,-438.0,-5390.0,-28.0,15.41592470109387,77.41032816077335,77.03063429515699,0.0125842125333672,94.57453416149067,2.1101508400880347,5362.0,438.0,28.0,78.67,78.0,99.0,5800.0,,0,0,0,253.0,366409.11,343817.47,13.37,1.78,25.05,1.79,1.4633915625078209,"Hindustan Unilever Ltd
",Consumer Staples,FMCG,Mid Cap,37.735,Discount,20,Avoid
626,HINDUNILVR,2020,39783,118,29922.0,9861.0,25,424,1002,9165,26.0,6756,31.0,80.0,713.0,216.0,8013.0,0.0,11924.0,20153.0,5479.0,597.0,1255.0,12822.0,20153.0,592.0,7623.0,1791.0,-6819.0,2595.0,16.982128044642185,75.21303069150139,82.09989063069631,0.0,70.62971698113208,1.974048528755024,9414.0,1791.0,31.0,82.29,80.0,0.0,7623.0,,0,0,0,254.0,365239.67,374855.61,22.92,6.47,12.11,3.14,2.5774856274511473,"Hindustan Unilever Ltd
",Consumer Staples,FMCG,Mid Cap,37.735,Discount,20,Avoid
627,HINDUNILVR,2021,47028,117,35402.0,11626.0,25,170,1074,10605,25.0,7999,34.0,119.0,714.0,235.0,47439.0,0.0,21066.0,68740.0,51443.0,745.0,2709.0,13843.0,68740.0,593.0,9163.0,-1228.0,-9309.0,-1374.0,17.00901590541805,75.27855745513311,16.778537567646936,0.0,208.39411764705883,0.6841431480942682,7935.0,1228.0,34.0,476.74,119.0,0.0,9163.0,,0,0,0,255.0,333086.26,426116.2,14.47,14.18,34.17,3.06,2.3822657830437075,"Hindustan Unilever Ltd
",Consumer Staples,FMCG,Mid Cap,37.735,Discount,0,Avoid
628,HINDUNILVR,2022,52446,106,39589.0,12857.0,25,219,1091,11879,25.0,8892,38.0,90.0,715.0,235.0,48826.0,1043.0,20402.0,70506.0,51473.0,1313.0,3521.0,14199.0,70506.0,594.0,9048.0,-1728.0,-8015.0,-695.0,16.954581855622926,75.48526103039318,18.12437577709382,0.0212592486904058,180.8858447488585,0.7438515870989703,7320.0,1728.0,38.0,490.61,90.0,1043.0,9048.0,,0,0,0,256.0,435060.89,415782.26,20.69,4.16,13.57,1.4,1.6825231061334884,"Hindustan Unilever Ltd
",Consumer Staples,FMCG,Mid Cap,37.735,Discount,20,Avoid
629,HINDUNILVR,2023,60580,114,46433.0,14147.0,23,448,1137,13344,24.0,10143,43.0,91.0,716.0,235.0,50069.0,1219.0,21554.0,73077.0,52678.0,1132.0,2882.0,16385.0,73077.0,595.0,9991.0,-1484.0,-8953.0,-446.0,16.743149554308353,76.64740838560581,20.16340648854962,0.024232665394402,103.69642857142856,0.8289886010646305,8507.0,1484.0,43.0,503.04,91.0,1219.0,9991.0,,0,0,0,257.0,495019.01,451095.5,35.52,4.07,26.23,4.43,1.7185198604797016,"Hindustan Unilever Ltd
",Consumer Staples,FMCG,Mid Cap,37.735,Fair,0,Avoid
630,HINDUNILVR,2024,61896,334,47237.0,14659.0,24,817,1216,13926,26.0,10282,44.0,96.0,717.0,235.0,50983.0,1484.0,25787.0,78489.0,53744.0,1025.0,4625.0,19095.0,78489.0,596.0,15469.0,-5324.0,-10034.0,111.0,16.611735814915342,76.31672482874498,20.074973642078955,0.0289741887617634,57.847001223990205,0.7885945801322478,10145.0,5324.0,44.0,512.18,96.0,1484.0,15469.0,5.65,0,0,0,258.0,548890.59,587463.38,34.51,11.88,7.52,4.32,1.8482736240750641,"Hindustan Unilever Ltd
",Consumer Staples,FMCG,Mid Cap,37.735,Fair,20,Avoid
638,ICICIBANK,2019,71982,39178,83775.0,-50971.0,-71,59325,946,7408,23.0,5689,7.0,15.0,725.0,1289.0,112964.0,891641.0,232899.0,1238794.0,9660.0,0.0,398201.0,830933.0,1238794.0,603.0,48671.0,-30282.0,-19997.0,-1608.0,7.903364730071407,116.38326248228724,4.979300324717951,7.804092671527225,1.4109397387273497,0.0581065132701643,18389.0,30282.0,7.0,1142.53,15.0,891641.0,48671.0,,0,0,0,259.0,634101.51,817754.59,75.38,9.81,5.65,3.37,2.9000088645112987,ICICI Bank Ltd,Financials,Private Banks,Large Cap,43.585,Caution,20,Avoid
639,ICICIBANK,2020,84836,44666,85361.0,-45190.0,-53,64950,1171,18589,40.0,11225,15.0,0.0,726.0,1295.0,121665.0,1014636.0,239696.0,1377292.0,10409.0,0.0,443473.0,923411.0,1377292.0,604.0,79565.0,-42095.0,2992.0,40462.0,13.231411193361309,100.6188410580414,9.128985035783996,8.251756668835394,1.3134411085450346,0.0615962337688739,37470.0,42095.0,15.0,1229.6,0.0,1014636.0,79565.0,,0,0,0,260.0,645375.01,681072.05,19.43,8.09,31.06,1.23,5.805926696789824,ICICI Bank Ltd,Financials,Private Banks,Large Cap,43.585,Discount,20,Avoid
640,ICICIBANK,2021,89163,42659,91309.0,-44805.0,-50,72174,1340,26028,22.0,20364,27.0,8.0,727.0,1383.0,156204.0,1103840.0,312385.0,1573812.0,10809.0,0.0,536579.0,1026424.0,1573812.0,605.0,138015.0,-63631.0,-54667.0,19718.0,22.83907001783251,102.40682794432668,12.922385729787356,7.004638707507599,1.2644304043007175,0.0566541619964773,74384.0,63631.0,27.0,1575.87,8.0,1103840.0,138015.0,,0,0,0,261.0,851486.14,832663.82,12.77,9.84,34.73,4.29,8.735785176726422,ICICI Bank Ltd,Financials,Private Banks,Large Cap,43.585,Discount,20,Avoid
641,ICICIBANK,2022,95407,41167,80798.0,-26558.0,-28,62129,1330,34241,25.0,26538,36.0,14.0,728.0,1390.0,180663.0,1252968.0,317616.0,1752637.0,10707.0,0.0,567098.0,1174833.0,1752637.0,606.0,58111.0,-39448.0,17451.0,36114.0,27.81556908822204,84.68770635278334,14.577073709304432,6.882435334765151,1.3000370197492317,0.0544362580500126,18663.0,39448.0,36.0,1820.53,14.0,1252968.0,58111.0,,0,0,0,262.0,1050380.96,1029226.29,78.39,13.83,10.71,2.51,1.776783920378755,ICICI Bank Ltd,Financials,Private Banks,Large Cap,43.585,Caution,20,Avoid
642,ICICIBANK,2023,121067,50543,87864.0,-17341.0,-14,65112,1515,46256,26.0,35461,49.0,16.0,729.0,1397.0,213101.0,1399894.0,344099.0,1958490.0,11070.0,0.0,639552.0,1307868.0,1958490.0,607.0,-3771.0,-67689.0,24791.0,-46669.0,29.290392922926973,72.57469004765956,16.53208887728557,6.526373206276982,1.3492136626121145,0.0618165014883915,-71460.0,67689.0,49.0,2144.98,16.0,1399894.0,-3771.0,,0,0,0,263.0,1184576.28,1275805.13,78.87,1.36,26.95,0.92,-6.032536798727727,ICICI Bank Ltd,Financials,Private Banks,Large Cap,43.585,Caution,20,Avoid
643,ICICIBANK,2024,159516,74108,99560.0,-14152.0,-9,76522,1935,60434,26.0,46081,63.0,16.0,730.0,1405.0,254739.0,1651008.0,456911.0,2364063.0,15714.0,0.0,827163.0,1521186.0,2364063.0,608.0,157284.0,-144737.0,13765.0,26312.0,28.8880112339828,62.41380175029464,17.99027109750765,6.445624336310825,1.3009461331381824,0.0674753591592102,12547.0,144737.0,63.0,2561.44,16.0,1651008.0,157284.0,6.73,0,0,0,264.0,1319221.86,1598760.1,25.76,6.2,38.28,3.43,0.9510909711578005,ICICI Bank Ltd,Financials,Private Banks,Large Cap,43.585,Discount,0,Avoid
651,ICICIGI,2019,11163,70,9494.0,1669.0,15,-2,0,1598,34.0,1049,23.0,26.0,737.0,454.0,4946.0,485.0,27517.0,33403.0,1965.0,17.0,20714.0,10707.0,33403.0,615.0,2976.0,-2856.0,-310.0,-190.0,9.39711547075159,85.04882200125414,19.425925925925927,0.0898148148148148,-4754.5,0.3341915396820645,120.0,2856.0,23.0,54.0,26.0,485.0,2976.0,,0,0,0,265.0,827632.41,885667.8,63.73,12.4,13.56,2.98,0.014499190528316792,ICICI Lombard General Insurance Company Ltd,Financials,General Insurance,Large Cap,43.585,Fair,20,Avoid
652,ICICIGI,2020,11517,0,9745.0,1772.0,15,15,90,1697,30.0,1194,26.0,13.0,738.0,454.0,5680.0,485.0,30423.0,37042.0,664.0,12.0,26327.0,10039.0,37042.0,616.0,3433.0,-3382.0,-420.0,-369.0,10.367283146652774,84.61404879742989,19.46527551353114,0.0790674926638408,650.6666666666666,0.3109173370768317,51.0,3382.0,26.0,61.34,13.0,485.0,3433.0,,0,0,0,266.0,742801.33,675418.05,47.5,3.75,7.76,3.28,0.006865900468971967,ICICI Lombard General Insurance Company Ltd,Financials,General Insurance,Large Cap,43.585,Fair,20,Avoid
653,ICICIGI,2021,12161,0,10090.0,2072.0,17,12,130,1954,25.0,1473,32.0,25.0,739.0,455.0,7144.0,485.0,31214.0,39298.0,717.0,14.0,30788.0,7779.0,39298.0,617.0,1774.0,-1367.0,-212.0,195.0,12.112490749116027,82.97015048104596,19.38412949072246,0.063824187393078,842.25,0.3094559519568426,407.0,1367.0,32.0,75.99,25.0,485.0,1774.0,,0,0,0,267.0,816329.22,994705.97,55.8,11.08,15.76,1.18,0.049857335745007385,ICICI Lombard General Insurance Company Ltd,Financials,General Insurance,Large Cap,43.585,Fair,0,Avoid
654,ICICIGI,2022,16026,0,15010.0,1016.0,6,809,141,1684,24.0,1271,26.0,35.0,740.0,491.0,8702.0,255.0,41401.0,50848.0,941.0,11.0,38412.0,11485.0,50848.0,618.0,809.0,135.0,-879.0,65.0,7.93086234868339,93.660302009235,13.8257369737844,0.0277384966822582,18.56118665018541,0.3151746381371932,944.0,135.0,26.0,91.93,35.0,255.0,809.0,,0,0,0,268.0,939135.7,920383.85,66.71,8.08,12.94,2.81,0.10051795496646544,ICICI Lombard General Insurance Company Ltd,Financials,General Insurance,Large Cap,43.585,Caution,20,Avoid
655,ICICIGI,2023,17876,0,16612.0,1264.0,7,991,142,2113,18.0,1729,35.0,31.0,741.0,491.0,9953.0,35.0,44607.0,55086.0,883.0,25.0,42836.0,11342.0,55086.0,619.0,2290.0,-1685.0,-695.0,-90.0,9.672186171402998,92.92906690534797,16.554959785522787,0.0033512064343163,16.769929364278507,0.3245107649856588,605.0,1685.0,35.0,104.44,31.0,35.0,2290.0,,0,0,0,269.0,1242023.75,1158606.81,15.87,12.74,8.84,0.18,0.04871082376645374,ICICI Lombard General Insurance Company Ltd,Financials,General Insurance,Large Cap,43.585,Discount,20,Avoid
656,ICICIGI,2024,20487,0,17910.0,2577.0,13,112,134,2555,25.0,1919,39.0,28.0,742.0,493.0,11712.0,35.0,51068.0,63308.0,930.0,94.0,48584.0,13700.0,63308.0,620.0,2407.0,-1921.0,-355.0,131.0,9.366915605017816,87.42129155073948,15.7230643179025,0.0028676771814829,160.02678571428572,0.3236083907247109,486.0,1921.0,39.0,122.05,28.0,35.0,2407.0,11.49,0,0,0,270.0,1271789.21,1382030.89,49.0,7.86,36.96,3.46,0.03821387979852416,ICICI Lombard General Insurance Company Ltd,Financials,General Insurance,Large Cap,43.585,Fair,0,Avoid
664,ICICIPRULI,2019,41463,23,40922.0,541.0,1,813,57,1274,11.0,1139,8.0,40.0,750.0,1436.0,5435.0,0.0,156215.0,163086.0,463.0,13.0,159003.0,3607.0,163086.0,627.0,11377.0,-7559.0,-843.0,2975.0,2.747027470274703,98.69522224634012,16.57691747926066,0.0,50.33579335793358,0.2542400941834369,3818.0,7559.0,8.0,68.71,40.0,0.0,11377.0,,0,0,0,271.0,1606002.47,1499575.64,76.8,0.56,32.16,0.14,0.23773313374792007,ICICI Prudential Life Insurance Company Ltd,Financials,Life Insurance,Large Cap,43.585,Caution,20,Avoid
665,ICICIPRULI,2020,21025,0,21344.0,-319.0,-2,1578,61,1198,11.0,1067,7.0,11.0,751.0,1436.0,5777.0,0.0,148818.0,156031.0,932.0,20.0,150776.0,4303.0,156031.0,628.0,8596.0,-10797.0,-405.0,-2606.0,5.074910820451843,101.51724137931036,14.792735338971305,0.0,13.524714828897338,0.1347488640077933,-2201.0,10797.0,7.0,72.13,11.0,0.0,8596.0,,0,0,0,272.0,1976358.03,2520203.49,36.03,3.99,12.92,2.21,-0.11136646126815393,ICICI Prudential Life Insurance Company Ltd,Financials,Life Insurance,Large Cap,43.585,Fair,20,Avoid
666,ICICIPRULI,2021,83182,0,83572.0,-390.0,0,1669,60,1219,22.0,956,7.0,30.0,752.0,1436.0,7673.0,1200.0,206911.0,217220.0,911.0,22.0,211727.0,4560.0,217220.0,629.0,7314.0,-5084.0,1205.0,3434.0,1.1492871053833762,100.46885143420452,10.495114721703809,0.1317378416950269,50.07309766327142,0.382938955897247,2230.0,5084.0,7.0,91.09,30.0,1200.0,7314.0,,0,0,0,273.0,1848771.31,2161526.94,34.52,5.19,21.14,2.44,0.12062065156127937,ICICI Prudential Life Insurance Company Ltd,Financials,Life Insurance,Large Cap,43.585,Fair,0,Avoid
667,ICICIPRULI,2022,63564,0,65728.0,-2163.0,-3,3191,67,961,21.0,759,5.0,10.0,753.0,1437.0,7721.0,1200.0,234079.0,244437.0,433.0,54.0,238101.0,5848.0,244437.0,630.0,1831.0,-816.0,-319.0,696.0,1.194072116292241,103.40444276634572,8.287835772002621,0.1310329766324525,20.5969915387026,0.2600424649296137,1015.0,816.0,5.0,91.58,10.0,1200.0,1831.0,,0,0,0,274.0,1702653.91,2014418.94,71.57,4.53,11.31,3.42,0.05961281937795568,ICICI Prudential Life Insurance Company Ltd,Financials,Life Insurance,Large Cap,43.585,Caution,20,Avoid
668,ICICIPRULI,2023,50478,0,52235.0,-1757.0,-3,2925,84,1085,25.0,813,6.0,11.0,754.0,1439.0,8651.0,1200.0,244562.0,255851.0,479.0,117.0,248216.0,7039.0,255851.0,631.0,89.0,-1145.0,-112.0,-1168.0,1.6106026387733272,103.4807242759222,8.057482656095145,0.1189296333002973,17.857094017094017,0.1972945190755557,-1056.0,1145.0,6.0,100.9,11.0,1200.0,89.0,,0,0,0,275.0,1603509.84,1469620.08,52.59,3.98,11.01,4.42,-0.06585553600344604,ICICI Prudential Life Insurance Company Ltd,Financials,Life Insurance,Large Cap,43.585,Fair,20,Avoid
669,ICICIPRULI,2024,90307,0,92136.0,-1829.0,-2,2970,113,1028,17.0,851,6.0,10.0,755.0,1441.0,9564.0,1200.0,286796.0,299001.0,670.0,49.0,289728.0,8553.0,299001.0,632.0,-7315.0,7420.0,-88.0,17.0,0.942341125272681,102.02531365231933,7.732848705134029,0.109041344843253,31.021548821548823,0.3020290902037117,105.0,7420.0,6.0,110.05,10.0,1200.0,-7315.0,14.16,0,0,0,276.0,1596987.55,2014403.87,20.83,12.38,22.57,0.35,0.006574879059013327,ICICI Prudential Life Insurance Company Ltd,Financials,Life Insurance,Large Cap,43.585,Discount,0,Avoid
1368,INDIGO,2019,28497,563,28648.0,-151.0,-1,1325,760,-149,-99.0,156,4.0,123.0,763.0,29.0,100.0,88.0,156.0,373.0,149.0,4.0,20.0,201.0,373.0,639.0,3160.0,-2526.0,-592.0,42.0,0.547426044846826,100.52988033828125,120.93023255813952,0.6821705426356589,21.620377358490565,76.39946380697052,634.0,2526.0,4.0,1.29,123.0,88.0,3160.0,,0,0,0,277.0,1427895.35,1378214.29,60.24,6.95,31.39,3.21,0.04440101300140798,Interglobe Aviation Ltd,Consumer Discretionary,Airlines,Large Cap,42.5,Fair,0,Avoid
1369,INDIGO,2020,35756,1902,31687.0,4069.0,11,1531,3974,-275,-10.0,-248,-6.0,0.0,764.0,29.0,150.0,75.0,169.0,422.0,201.0,1.0,21.0,199.0,422.0,640.0,6943.0,-4573.0,-2407.0,-37.0,-0.69358988701197,88.62009173285603,-138.54748603351956,0.4189944134078212,20.70411495754409,84.72985781990522,2370.0,4573.0,-6.0,1.79,0.0,75.0,6943.0,,0,0,0,278.0,1232702.22,1197555.92,41.91,14.04,16.97,2.83,0.1922605444808885,Interglobe Aviation Ltd,Consumer Discretionary,Airlines,Large Cap,42.5,Fair,0,Avoid
1370,INDIGO,2021,14641,2170,14638.0,2.0,0,1036,4699,-5830,0.0,-6171,-151.0,0.0,765.0,48.0,516.0,9.0,239.0,811.0,249.0,3.0,50.0,509.0,811.0,641.0,-1620.0,3228.0,-1775.0,-168.0,-42.14876033057851,99.97950959633904,-1094.148936170213,0.0159574468085106,14.12934362934363,18.053020961775587,1608.0,3228.0,-151.0,5.64,0.0,9.0,-1620.0,,0,0,0,279.0,1055244.71,1249885.41,51.42,10.87,36.66,0.66,0.15238171627508088,Interglobe Aviation Ltd,Consumer Discretionary,Airlines,Large Cap,42.5,Fair,0,Avoid
1371,INDIGO,2022,25931,2386,25373.0,558.0,2,725,5068,-6171,0.0,-317,-160.0,0.0,766.0,48.0,602.0,12.0,258.0,920.0,253.0,51.0,173.0,442.0,920.0,642.0,2064.0,1527.0,-3088.0,503.0,-1.2224750298870075,97.84813543635032,-48.76923076923077,0.0184615384615384,35.0,28.18586956521739,3591.0,1527.0,-160.0,6.5,0.0,12.0,2064.0,,0,0,0,280.0,1034978.53,1343725.41,19.25,10.95,30.38,3.07,0.34696371914111107,Interglobe Aviation Ltd,Consumer Discretionary,Airlines,Large Cap,42.5,Discount,0,Avoid
1372,INDIGO,2023,54446,3168,47926.0,6521.0,12,1431,5101,-317,0.0,-317,-8.0,0.0,767.0,48.0,729.0,12.0,274.0,1062.0,265.0,251.0,132.0,414.0,1062.0,643.0,12703.0,-4039.0,-8432.0,232.0,-0.582228262865959,88.02483194357713,-40.7979407979408,0.0154440154440154,33.49965059399022,51.26741996233522,8664.0,4039.0,-8.0,7.77,0.0,12.0,12703.0,,0,0,0,281.0,997429.81,983519.28,55.98,3.2,28.15,2.22,0.868632550695472,Interglobe Aviation Ltd,Consumer Discretionary,Airlines,Large Cap,42.5,Fair,0,Avoid
1373,INDIGO,2024,68904,4805,52573.0,16331.0,24,2326,6406,8043,-2.0,8167,212.0,0.0,768.0,48.0,867.0,17.0,290.0,1222.0,548.0,15.0,188.0,471.0,1222.0,644.0,21183.0,-11759.0,-9979.0,-555.0,11.852722628584695,76.29890862649484,892.568306010929,0.0185792349726775,22.61263972484953,56.38625204582652,9424.0,11759.0,212.0,9.15,0.0,17.0,21183.0,20.13,0,0,0,282.0,1040632.92,1061542.29,76.23,7.87,24.64,4.27,0.9056027172386589,Interglobe Aviation Ltd,Consumer Discretionary,Airlines,Large Cap,42.5,Caution,0,Avoid
703,INDUSINDBK,2019,22261,13415,9283.0,-437.0,-2,5647,229,4981,34.0,3301,55.0,14.0,776.0,603.0,26083.0,242189.0,8944.0,277819.0,1688.0,22.0,59266.0,216843.0,277819.0,651.0,-6389.0,-633.0,8590.0,1568.0,14.82862405103095,41.70073222227214,12.369781908116616,9.075507756876265,1.6435275367451745,0.0801277090479772,-7022.0,633.0,55.0,266.86,14.0,242189.0,-6389.0,,0,0,0,283.0,1305732.17,1230713.54,68.96,5.36,33.37,3.85,-0.537782568380773,IndusInd Bank Ltd,Financials,Private Banks,Large Cap,43.585,Caution,0,Avoid
704,INDUSINDBK,2020,28783,16724,12611.0,-553.0,-2,6951,278,6121,28.0,4418,64.0,0.0,777.0,694.0,34013.0,262793.0,9558.0,307058.0,1742.0,78.0,59980.0,245257.0,307058.0,652.0,-12039.0,526.0,12733.0,1220.0,15.349338150991905,43.81405690859187,12.729420577981386,7.57175785864523,1.813983599482089,0.0937379908681747,-11513.0,526.0,64.0,347.07,0.0,262793.0,-12039.0,,0,0,0,284.0,1287117.57,1368891.05,60.27,1.94,31.44,0.5,-0.8944792821062957,IndusInd Bank Ltd,Financials,Private Banks,Large Cap,43.585,Fair,20,Avoid
705,INDUSINDBK,2021,29000,15472,15997.0,-2469.0,-9,6559,305,3784,25.0,2836,37.0,14.0,778.0,773.0,42592.0,307528.0,12080.0,362973.0,1734.0,75.0,69695.0,291469.0,362973.0,653.0,44646.0,-226.0,-4096.0,40324.0,9.779310344827588,55.16206896551724,6.539836273492448,7.091617664014758,2.4375667022411958,0.079895749821612,44420.0,226.0,37.0,433.65,14.0,307528.0,44646.0,,0,0,0,285.0,1682555.96,1700282.89,49.44,2.2,14.43,1.82,2.640031063216465,IndusInd Bank Ltd,Financials,Private Banks,Large Cap,43.585,Fair,40,Hold
706,INDUSINDBK,2022,30822,15822,15840.0,-839.0,-3,7334,321,6174,25.0,4611,60.0,14.0,779.0,775.0,46923.0,341005.0,13273.0,401975.0,1754.0,95.0,70971.0,329155.0,401975.0,654.0,16600.0,-351.0,-4302.0,11947.0,14.960093439750828,51.39186295503212,9.6670719946329,7.149251540945113,2.1593946004908644,0.0766764102245164,16249.0,351.0,60.0,476.98,14.0,341005.0,16600.0,,0,0,0,286.0,1839916.06,1655974.13,71.98,0.61,32.08,2.12,0.8831381144637652,IndusInd Bank Ltd,Financials,Private Banks,Large Cap,43.585,Caution,20,Avoid
707,INDUSINDBK,2023,36368,18776,15525.0,2067.0,6,8166,373,9860,25.0,7390,95.0,15.0,780.0,776.0,53846.0,385449.0,17733.0,457804.0,1857.0,135.0,83116.0,372695.0,457804.0,655.0,-12438.0,-441.0,1115.0,-11763.0,20.320061592608887,42.68862736471624,13.5293471495002,7.056662150781737,1.90191036002939,0.0794401097412866,-12879.0,441.0,95.0,546.22,15.0,385449.0,-12438.0,,0,0,0,287.0,2045876.29,2011722.82,51.73,8.29,10.75,1.07,-0.6295102036692551,IndusInd Bank Ltd,Financials,Private Banks,Large Cap,43.585,Fair,20,Avoid
708,INDUSINDBK,2024,45748,25132,17638.0,2978.0,7,9388,425,11942,25.0,8950,115.0,14.0,781.0,778.0,62019.0,432404.0,19734.0,514935.0,2001.0,197.0,106527.0,406211.0,514935.0,656.0,-16843.0,-625.0,-2242.0,-19710.0,19.56369677362945,38.55469091544986,14.252273197764223,6.885742949503957,1.8795270558159352,0.0888422810646003,-17468.0,625.0,115.0,627.97,14.0,432404.0,-16843.0,19.87,0,0,0,288.0,1807433.12,1674611.06,8.99,3.7,28.79,1.42,-0.9664534641259643,IndusInd Bank Ltd,Financials,Private Banks,Large Cap,43.585,Discount,0,Avoid
716,INFY,2019,82675,62505,20170.0,24.0,2882,0,2011,21041,27.0,15410,35.0,60.0,788.0,2170.0,62778.0,0.0,19118.0,84066.0,15710.0,1388.0,11261.0,55707.0,84066.0,663.0,14841.0,-632.0,-14512.0,-303.0,18.639250075597214,24.396734200181434,23.726673646609598,0.0,inf,0.9834534770299528,14209.0,632.0,35.0,649.48,60.0,0.0,14841.0,,0,0,0,289.0,473902.69,535599.26,32.63,10.31,30.95,2.63,2.9982948609133238,Infosys Ltd,Information Technology,IT Services,Large Cap,49.555,Discount,0,Avoid
717,INFY,2020,90791,68524,22267.0,25.0,2803,170,2893,22007,24.0,16639,39.0,45.0,789.0,2122.0,63328.0,4633.0,21717.0,91800.0,23789.0,954.0,8792.0,58265.0,91800.0,664.0,17003.0,-331.0,-17591.0,-919.0,18.32670639160269,24.52555870075228,25.422459893048128,0.0707868601986249,147.47058823529412,0.98900871459695,16672.0,331.0,39.0,654.5,45.0,4633.0,17003.0,,0,0,0,290.0,468232.33,516667.75,26.14,13.59,31.82,2.22,3.5606255552665487,Infosys Ltd,Information Technology,IT Services,Large Cap,49.555,Discount,20,Avoid
718,INFY,2021,100472,72583,27889.0,28.0,2201,195,3267,26628,27.0,19423,45.0,59.0,790.0,2124.0,74227.0,5325.0,25835.0,107511.0,25505.0,922.0,14205.0,66879.0,107511.0,665.0,23224.0,-7373.0,-9786.0,6065.0,19.331754120551,27.7579823234334,25.43909051616875,0.0697436837762439,154.30769230769232,0.9345276297309112,15851.0,7373.0,45.0,763.51,59.0,5325.0,23224.0,,0,0,0,291.0,624026.61,698099.93,31.65,1.88,24.03,3.87,2.5401160376798675,Infosys Ltd,Information Technology,IT Services,Large Cap,49.555,Discount,20,Avoid
719,INFY,2022,121641,90150,31491.0,26.0,2295,200,3476,30110,26.0,22146,53.0,59.0,791.0,2098.0,73252.0,5474.0,35905.0,116729.0,25800.0,416.0,20324.0,70189.0,116729.0,666.0,23885.0,-6485.0,-24642.0,-7242.0,18.20603250548746,25.88847510296693,29.39084273390843,0.0726476443264764,168.93,1.0420803742000702,17400.0,6485.0,53.0,753.5,59.0,5474.0,23885.0,,0,0,0,292.0,800850.39,914432.46,36.33,9.93,31.67,1.85,2.1726904572026244,Infosys Ltd,Information Technology,IT Services,Large Cap,49.555,Fair,0,Avoid
720,INFY,2023,146767,111637,35130.0,24.0,2701,284,4225,33322,28.0,24108,58.0,73.0,792.0,2069.0,73338.0,8299.0,40890.0,124596.0,29225.0,288.0,19478.0,75605.0,124596.0,667.0,22467.0,-1071.0,-26695.0,-5299.0,16.426035825492104,23.93589839677857,31.970506716883047,0.1100560955879427,133.20774647887325,1.1779431121384314,21396.0,1071.0,58.0,754.07,73.0,8299.0,22467.0,,0,0,0,293.0,871427.0,1021527.28,71.12,11.97,5.78,0.56,2.4552831160843076,Infosys Ltd,Information Technology,IT Services,Large Cap,49.555,Fair,20,Avoid
721,INFY,2024,153670,117245,36425.0,24.0,4711,470,4678,35988,27.0,26248,63.0,,793.0,2071.0,86045.0,8359.0,39545.0,136020.0,27622.0,293.0,24623.0,83482.0,136020.0,668.0,25210.0,-5093.0,-17504.0,2613.0,17.08075746730006,23.703390381987376,29.788006718416632,0.0948635889055336,87.52340425531915,1.129760329363329,20117.0,5093.0,63.0,881.16,,8359.0,25210.0,11.81,0,0,0,294.0,1112279.92,1372029.68,35.99,8.97,36.7,4.1,1.808627454139422,Infosys Ltd,Information Technology,IT Services,Large Cap,49.555,Fair,0,Avoid
729,IOC,2019,528158,492896,35262.0,7.0,4097,4925,8506,25927,33.0,17274,12.0,49.0,801.0,9181.0,103288.0,96765.0,126128.0,335363.0,132494.0,28281.0,44112.0,130476.0,335363.0,675.0,12747.0,-22569.0,10436.0,614.0,3.2706122031664764,6.676411225428754,15.358898896584837,0.8603704131805209,7.991675126903553,1.5748845281083483,-9822.0,22569.0,12.0,1124.69,49.0,96765.0,12747.0,,0,0,0,295.0,1122574.59,1338235.9,15.28,13.46,10.22,2.98,-0.8749529953283548,"Indian Oil Corporation
",Energy,Oil & Gas Refining,Mid Cap,41.495,Discount,20,Avoid
730,IOC,2020,483763,467710,16053.0,3.0,-7165,5792,10273,-7177,-74.0,-1876,-1.0,-437.0,802.0,9181.0,86217.0,129790.0,104773.0,329962.0,147022.0,32845.0,35571.0,114524.0,329962.0,676.0,7146.0,-29101.0,22456.0,502.0,-0.3877931962551911,3.31836043682547,-1.966498249439192,1.3605107025304517,1.5345303867403317,1.4661173104781762,-21955.0,29101.0,-1.0,953.98,-437.0,129790.0,7146.0,,0,0,0,296.0,1296710.19,1570004.66,47.71,1.36,29.7,1.72,-1.6931308297962862,"Indian Oil Corporation
",Energy,Oil & Gas Refining,Mid Cap,41.495,Fair,20,Avoid
731,IOC,2021,363950,324021,39929.0,11.0,4696,2933,10941,30751,29.0,21762,15.0,51.0,803.0,9181.0,102657.0,116649.0,126658.0,355145.0,157085.0,36291.0,44717.0,117053.0,355145.0,677.0,49650.0,-22935.0,-27369.0,-653.0,5.979392773732656,10.971012501717269,19.458502476796795,1.043017578998194,15.214797136038186,1.024792690309592,26715.0,22935.0,15.0,1118.38,51.0,116649.0,49650.0,,0,0,0,297.0,1309862.08,1698458.1,50.51,10.81,23.42,3.46,2.0395277035579196,"Indian Oil Corporation
",Energy,Oil & Gas Refining,Mid Cap,41.495,Fair,0,Avoid
732,IOC,2022,589321,541563,47758.0,8.0,4332,5454,12348,34289,25.0,25727,18.0,46.0,804.0,9181.0,124354.0,132020.0,145327.0,410882.0,160514.0,47469.0,52352.0,150546.0,410882.0,678.0,25747.0,-21294.0,-4058.0,395.0,4.365532536597202,8.103902626921492,19.26611000861197,0.9886546598270116,9.550788412174551,1.434282835461276,4453.0,21294.0,18.0,1335.35,46.0,132020.0,25747.0,,0,0,0,298.0,1605938.54,1867479.2,79.84,7.17,29.72,3.59,0.277283338626396,"Indian Oil Corporation
",Energy,Oil & Gas Refining,Mid Cap,41.495,Caution,0,Avoid
733,IOC,2023,841756,811073,30683.0,4.0,5124,7588,13181,15038,22.0,11704,7.0,42.0,805.0,13772.0,125949.0,148977.0,153298.0,441995.0,180048.0,51133.0,52190.0,158624.0,441995.0,679.0,29644.0,-28030.0,-1794.0,-180.0,1.3904266794653084,3.645118062716512,8.37669355358178,1.0662463051366653,4.718898260411176,1.9044468828832903,1614.0,28030.0,7.0,1397.21,42.0,148977.0,29644.0,,0,0,0,299.0,1666992.08,1805135.73,77.78,0.97,16.74,2.19,0.09682109587467266,"Indian Oil Corporation
",Energy,Oil & Gas Refining,Mid Cap,41.495,Caution,20,Avoid
734,IOC,2024,776352,700706,75646.0,10.0,5389,7881,15866,57288,25.0,43161,30.0,40.0,806.0,13772.0,169645.0,132628.0,166639.0,482683.0,195998.0,61032.0,65542.0,160111.0,482683.0,680.0,71099.0,-31464.0,-39385.0,250.0,5.559462717942377,9.743776019125344,23.53162465856491,0.7230954600718581,10.282324578099226,1.6084096601703397,39635.0,31464.0,30.0,1834.17,40.0,132628.0,71099.0,-1.81,0,0,0,300.0,1418164.33,1786391.89,28.61,4.24,33.71,1.25,2.794810104975634,"Indian Oil Corporation
",Energy,Oil & Gas Refining,Mid Cap,41.495,Discount,0,Avoid
740,IRCTC,2019,1870,1487,383.0,20.0,126,2,29,479,36.0,309,4.0,98.0,812.0,160.0,911.0,0.0,1523.0,2594.0,182.0,40.0,0.0,2372.0,2594.0,685.0,499.0,-353.0,-179.0,-33.0,16.524064171122994,20.48128342245989,28.851540616246496,0.0,254.5,0.7208943716268311,146.0,353.0,4.0,10.71,98.0,0.0,499.0,,0,0,0,301.0,1245806.34,1516134.78,64.3,1.79,7.79,1.38,0.011719317466308606,Indian Railway Catering & Tourism Corporation Ltd,Consumer Discretionary,Travel & Tourism,Mid Cap,42.5,Caution,40,Hold
741,IRCTC,2020,2264,1562,703.0,31.0,77,10,40,730,30.0,513,6.0,39.0,813.0,160.0,1154.0,0.0,1928.0,3241.0,285.0,16.0,0.0,2941.0,3241.0,686.0,409.0,8.0,-280.0,137.0,22.659010600706715,31.051236749116605,39.04109589041096,0.0,78.0,0.6985498302992903,417.0,8.0,6.0,13.14,39.0,0.0,409.0,,0,0,0,302.0,1081327.44,1189646.06,36.42,8.58,15.46,2.19,0.03856371202417651,Indian Railway Catering & Tourism Corporation Ltd,Consumer Discretionary,Travel & Tourism,Mid Cap,42.5,Fair,0,Avoid
742,IRCTC,2021,777,589,188.0,24.0,124,8,46,258,27.0,187,2.0,43.0,814.0,160.0,1296.0,79.0,1618.0,3153.0,311.0,24.0,0.0,2818.0,3153.0,687.0,248.0,-453.0,-47.0,-252.0,24.066924066924063,24.195624195624195,12.843406593406591,0.0542582417582417,39.0,0.2464319695528068,-205.0,453.0,2.0,14.56,43.0,79.0,248.0,,0,0,0,303.0,1100112.67,1076001.77,54.75,10.26,34.02,3.94,-0.01863445495996333,Indian Railway Catering & Tourism Corporation Ltd,Consumer Discretionary,Travel & Tourism,Mid Cap,42.5,Fair,0,Avoid
743,IRCTC,2022,1879,1005,874.0,47.0,72,11,49,885,26.0,660,8.0,42.0,815.0,160.0,1710.0,105.0,1909.0,3884.0,335.0,26.0,0.0,3522.0,3884.0,688.0,524.0,-242.0,-258.0,23.0,35.125066524747204,46.514103246407664,35.294117647058826,0.0561497326203208,86.0,0.4837796086508754,282.0,242.0,8.0,18.7,42.0,105.0,524.0,,0,0,0,304.0,1322589.51,1554041.66,12.08,2.09,33.44,1.05,0.02132180830619169,Indian Railway Catering & Tourism Corporation Ltd,Consumer Discretionary,Travel & Tourism,Mid Cap,42.5,Discount,20,Avoid
744,IRCTC,2023,3541,2265,1276.0,36.0,148,16,54,1354,26.0,1006,13.0,44.0,816.0,160.0,2318.0,84.0,2526.0,5089.0,351.0,34.0,0.0,4704.0,5089.0,689.0,812.0,-317.0,-434.0,61.0,28.410053657159,36.0350183563965,40.597255851493145,0.0338983050847457,89.0,0.6958145018667715,495.0,317.0,13.0,24.78,44.0,84.0,812.0,,0,0,0,305.0,1359334.39,1302404.03,22.05,11.74,14.17,2.02,0.03641488096243928,Indian Railway Catering & Tourism Corporation Ltd,Consumer Discretionary,Travel & Tourism,Mid Cap,42.5,Discount,20,Avoid
745,IRCTC,2024,4270,2804,1466.0,34.0,106,19,57,1496,26.0,1111,14.0,47.0,817.0,160.0,3070.0,60.0,2801.0,6091.0,343.0,443.0,0.0,5306.0,6091.0,690.0,882.0,-215.0,-404.0,262.0,26.01873536299766,34.33255269320843,34.39628482972136,0.0185758513931888,82.73684210526316,0.7010343129207027,667.0,215.0,14.0,32.3,47.0,60.0,882.0,16.41,0,0,0,306.0,1258520.29,1473943.68,60.44,5.74,32.47,1.08,0.05299874823631171,Indian Railway Catering & Tourism Corporation Ltd,Consumer Discretionary,Travel & Tourism,Mid Cap,42.5,Fair,0,Avoid
753,IRFC,2019,11134,48,11085.0,100.0,0,8183,0,2902,22.0,2255,2.0,18.0,825.0,9380.0,15648.0,173933.0,7642.0,206604.0,11.0,0.0,13.0,206579.0,206604.0,694.0,-41748.0,1.0,41749.0,3.0,20.25327824681157,99.5599065924196,9.009908902029728,6.94953651909861,1.354637663448613,0.0538905345491858,-41747.0,1.0,2.0,250.28,18.0,173933.0,-41748.0,,0,0,0,307.0,1262848.07,1625870.1,24.73,1.86,14.21,0.55,-3.305781668573956,Indian Railway Finance Corporation Ltd,Financials,Speciality Finance,Large Cap,43.585,Discount,40,Hold
754,IRFC,2020,13421,66,13355.0,100.0,0,10163,0,3192,0.0,3192,3.0,0.0,826.0,11880.0,18419.0,234377.0,10828.0,275504.0,11.0,0.0,12.0,275482.0,275504.0,695.0,-62701.0,1.0,62697.0,-2.0,23.783622680873258,99.50823336562104,10.535001155153637,7.735469817485725,1.3140804880448689,0.0487143562343922,-62700.0,1.0,3.0,302.99,0.0,234377.0,-62701.0,,0,0,0,308.0,1180569.92,1220291.15,37.81,13.6,11.85,4.37,-5.310994201851256,Indian Railway Finance Corporation Ltd,Financials,Speciality Finance,Large Cap,43.585,Fair,20,Avoid
755,IRFC,2021,15771,113,15657.0,99.0,0,11237,4,4416,0.0,4416,3.0,31.0,827.0,13069.0,22845.0,323145.0,21423.0,380482.0,45.0,0.0,12.0,380424.0,380482.0,696.0,-89907.0,0.0,90202.0,296.0,28.000760890241583,99.27715427049648,12.29604054129309,8.997744612128974,1.3933434190620273,0.0414500554559742,-89907.0,0.0,3.0,359.14,31.0,323145.0,-89907.0,,0,0,0,309.0,1481705.69,1855967.59,74.92,11.42,32.61,1.97,-6.0678041939624325,Indian Railway Finance Corporation Ltd,Financials,Speciality Finance,Large Cap,43.585,Caution,0,Avoid
756,IRFC,2022,20299,123,20177.0,99.0,2,14075,14,6090,0.0,6090,5.0,30.0,828.0,13069.0,27928.0,388440.0,20544.0,449980.0,38.0,0.0,10.0,449932.0,449980.0,697.0,-64412.0,-5.0,64266.0,-151.0,30.00147790531553,99.39898517168334,14.854745469180672,9.474839622411396,1.433676731793961,0.045110893817503,-64417.0,5.0,5.0,409.97,30.0,388440.0,-64412.0,,0,0,0,310.0,1637618.34,2084678.6,35.23,1.11,31.7,2.58,-3.9335783208192447,Indian Railway Finance Corporation Ltd,Financials,Speciality Finance,Large Cap,43.585,Fair,20,Avoid
757,IRFC,2023,23722,134,23588.0,99.0,41,17447,14,6167,0.0,6167,5.0,32.0,829.0,13069.0,31612.0,418935.0,26744.0,490359.0,19.0,0.0,14.0,490326.0,490359.0,698.0,-28588.0,0.0,28644.0,56.0,25.996964842761997,99.4351235140376,13.802287325708914,9.376133031937512,1.354330257350834,0.048376801486258,-28588.0,0.0,5.0,446.81,32.0,418935.0,-28588.0,,0,0,0,311.0,2059203.5,1915513.33,52.73,4.09,36.61,0.49,-1.3883037786212,Indian Railway Finance Corporation Ltd,Financials,Speciality Finance,Large Cap,43.585,Fair,0,Avoid
758,IRFC,2024,26645,133,26513.0,100.0,10,20101,9,6412,0.0,6412,5.0,31.0,830.0,13069.0,36110.0,412039.0,23865.0,485082.0,22.0,4.0,54.0,485003.0,485082.0,699.0,7914.0,-8.0,-8046.0,-140.0,24.064552448864703,99.50459748545694,13.038085361638096,8.378352548852153,1.3194865927068304,0.05492885738906,7906.0,8.0,5.0,491.79,31.0,412039.0,7914.0,10.8,0,0,0,312.0,2618348.58,2449260.08,9.81,3.91,16.66,2.82,0.3019460457018293,Indian Railway Finance Corporation Ltd,Financials,Speciality Finance,Large Cap,43.585,Discount,0,Avoid
766,ITC,2019,48340,29802,18537.0,38.0,2080,71,1397,19150,33.0,12836,10.0,56.0,838.0,1226.0,57915.0,13.0,12585.0,71739.0,19374.0,4136.0,25043.0,23185.0,71739.0,706.0,12583.0,-5546.0,-6869.0,169.0,26.553578816714936,38.34712453454696,21.70406317106576,0.0002198136656465,290.38028169014086,0.6738315281785361,7037.0,5546.0,10.0,591.41,56.0,13.0,12583.0,,0,0,0,313.0,215793.67,211845.82,69.58,1.15,17.46,2.84,3.260985366252865,"ITC Ltd
",Consumer Staples,Diversified FMCG,Large Cap,37.735,Caution,40,Hold
767,ITC,2020,49388,30044,19344.0,39.0,2417,81,1645,20035,22.0,15593,12.0,82.0,839.0,1229.0,64044.0,277.0,11760.0,77311.0,21713.0,3256.0,28663.0,23678.0,77311.0,707.0,14690.0,-6174.0,-8181.0,334.0,31.57244674819794,39.16740908722767,23.88889740015014,0.0042437148591301,268.6543209876544,0.6388224185432863,8516.0,6174.0,12.0,652.73,82.0,277.0,14690.0,,0,0,0,314.0,281943.95,351639.75,72.45,1.41,34.43,3.51,3.020458498932146,"ITC Ltd
",Consumer Staples,Diversified FMCG,Large Cap,37.735,Caution,40,Hold
768,ITC,2021,49257,32193,17065.0,35.0,2577,58,1646,17938,25.0,13383,11.0,101.0,840.0,1231.0,59116.0,271.0,13143.0,73761.0,23298.0,4011.0,24871.0,21580.0,73761.0,708.0,12527.0,5740.0,-18634.0,-367.0,27.16974237164261,34.64482205574842,22.17674449434106,0.0044906954778199,338.6551724137931,0.6677919225607029,18267.0,5740.0,11.0,603.47,101.0,271.0,12527.0,,0,0,0,315.0,366869.92,375906.12,73.65,6.34,27.19,1.91,4.979149012816314,"ITC Ltd
",Consumer Staples,Diversified FMCG,Large Cap,37.735,Caution,20,Avoid
769,ITC,2022,60645,40021,20623.0,34.0,1910,60,1732,20740,25.0,15503,12.0,93.0,841.0,1232.0,61223.0,249.0,14491.0,77196.0,24232.0,3226.0,24841.0,24898.0,77196.0,709.0,15776.0,-2238.0,-13580.0,-43.0,25.563525434908072,34.00610108005606,24.82267232407333,0.0039868705467936,375.55,0.7855976993626613,13538.0,2238.0,12.0,624.55,93.0,249.0,15776.0,,0,0,0,316.0,390285.11,436594.31,33.63,11.99,27.18,3.1,3.468746219910875,"ITC Ltd
",Consumer Staples,Diversified FMCG,Large Cap,37.735,Fair,20,Avoid
770,ITC,2023,70919,45215,25704.0,36.0,2098,78,1809,25915,25.0,19477,15.0,100.0,842.0,1243.0,67912.0,306.0,16370.0,85831.0,25851.0,3003.0,29415.0,27561.0,85831.0,710.0,18878.0,-5732.0,-13006.0,139.0,27.463726222873987,36.24416587938352,28.16426867182416,0.0044248427445593,356.43589743589746,0.8262632382239518,13146.0,5732.0,15.0,691.55,100.0,306.0,18878.0,,0,0,0,317.0,376827.06,485289.24,55.53,3.36,31.27,0.78,3.4886029681626365,"ITC Ltd
",Consumer Staples,Diversified FMCG,Large Cap,37.735,Fair,20,Avoid
771,ITC,2024,70866,44634,26233.0,37.0,2804,80,1816,27140,24.0,20751,16.0,84.0,843.0,1248.0,73259.0,303.0,16944.0,91754.0,27820.0,2861.0,31114.0,29959.0,91754.0,711.0,17179.0,1563.0,-18551.0,191.0,29.282025230717128,37.0177518132814,27.851074395694365,0.0040667319849141,362.9625,0.7723477995509732,18742.0,1563.0,16.0,745.07,84.0,303.0,17179.0,6.56,0,0,0,318.0,332245.58,369131.93,47.85,3.24,17.19,4.26,5.641008076014133,"ITC Ltd
",Consumer Staples,Diversified FMCG,Large Cap,37.735,Fair,20,Avoid
779,JINDALSTEL,2019,46966,38553,8412.0,18.0,-1470,4264,5480,-2802,-14.0,-2412,-17.0,0.0,1042.0,97.0,31988.0,39559.0,17357.0,89001.0,69039.0,4027.0,150.0,15784.0,89001.0,718.0,9027.0,-832.0,-8261.0,-67.0,-5.135630030234638,17.910829110420305,-7.517531556802244,1.2329437431821724,1.6280487804878048,0.5277019359333042,8195.0,832.0,-17.0,320.85,0.0,39559.0,9027.0,,0,0,0,319.0,399948.98,518743.74,29.77,10.36,13.1,2.48,2.049011351397871,Jindal Steel & Power Ltd,Materials,Steel,Large Cap,40.61,Fair,20,Avoid
780,JINDALSTEL,2020,37923,31092,6831.0,18.0,74,3768,3429,-291,37.0,-400,-1.0,0.0,1043.0,102.0,32035.0,36824.0,20780.0,89742.0,69381.0,3126.0,181.0,17055.0,89742.0,719.0,8814.0,-1476.0,-7016.0,322.0,-1.0547688737705352,18.01281544181631,-1.2446712512057752,1.1458443538600367,1.8325371549893843,0.4225780570970114,7338.0,1476.0,-1.0,321.37,0.0,36824.0,8814.0,,0,0,0,320.0,417203.18,535952.43,39.16,8.97,38.07,4.45,1.7588552417074097,Jindal Steel & Power Ltd,Materials,Steel,Large Cap,40.61,Fair,0,Avoid
781,JINDALSTEL,2021,34579,23646,10933.0,32.0,313,2753,2414,6078,30.0,4267,36.0,0.0,1044.0,102.0,31713.0,29910.0,16116.0,77840.0,54349.0,1712.0,1156.0,20624.0,77840.0,720.0,11961.0,-1884.0,-4612.0,5465.0,12.33985945226872,31.61745568119379,13.411912619833414,0.94012258368694,4.084998183799492,0.4442317574511819,10077.0,1884.0,36.0,318.15,0.0,29910.0,11961.0,,0,0,0,321.0,375828.8,463670.62,35.51,9.13,18.13,1.81,2.6812740268973534,Jindal Steel & Power Ltd,Materials,Steel,Large Cap,40.61,Fair,0,Avoid
782,JINDALSTEL,2022,51166,35650,15515.0,30.0,-1840,1888,2097,9690,30.0,6766,56.0,5.0,1045.0,101.0,35524.0,13502.0,27517.0,76644.0,45488.0,2538.0,470.0,28147.0,76644.0,721.0,16048.0,-2331.0,-15120.0,-1403.0,13.223625063518742,30.3228706562952,18.992280701754385,0.3790035087719298,7.243114406779661,0.6675799801680496,13717.0,2331.0,56.0,356.25,5.0,13502.0,16048.0,,0,0,0,322.0,349306.1,394403.82,47.36,3.25,23.96,4.38,3.9269282729388353,Jindal Steel & Power Ltd,Materials,Steel,Large Cap,40.61,Fair,20,Avoid
783,JINDALSTEL,2023,53212,43270,9942.0,19.0,-539,1446,2691,5266,25.0,3974,31.0,6.0,1046.0,100.0,38606.0,13046.0,17674.0,69427.0,43542.0,7870.0,907.0,17108.0,69427.0,722.0,7347.0,-4090.0,-2500.0,757.0,7.468240246560925,18.683755543862286,10.267142045160956,0.3370536867669095,6.502766251728907,0.7664453310671641,3257.0,4090.0,31.0,387.06,6.0,13046.0,7347.0,,0,0,0,323.0,421683.82,460644.47,73.96,8.84,9.73,2.46,0.7723796469117549,Jindal Steel & Power Ltd,Materials,Steel,Large Cap,40.61,Caution,20,Avoid
784,JINDALSTEL,2024,50354,40153,10202.0,20.0,156,1294,2822,6241,5.0,5943,58.0,3.0,1047.0,100.0,44216.0,16472.0,17888.0,78676.0,48384.0,9611.0,819.0,19862.0,78676.0,723.0,6008.0,-8344.0,1381.0,-955.0,11.802438733764944,20.260555268697622,13.410506363390198,0.3716941962270963,8.004636785162287,0.6400172860847018,-2336.0,8344.0,58.0,443.16,3.0,16472.0,6008.0,10.94,0,0,0,324.0,396587.97,478682.44,77.64,5.73,20.22,1.9,-0.5890244225007633,Jindal Steel & Power Ltd,Materials,Steel,Large Cap,40.61,Caution,0,Avoid
786,JIOFIN,2023,45,6,39.0,88.0,10,0,0,49,37.0,31,,0.0,1033.0,2.0,114118.0,743.0,66.0,114930.0,158.0,38.0,108141.0,6593.0,114930.0,724.0,2055.0,-1110.0,-889.0,56.0,68.88888888888889,86.66666666666667,0.0271643883631265,0.0065106905012267,inf,0.0003915426781519,945.0,1110.0,,1141.2,0.0,743.0,2055.0,,0,0,0,329.0,1137314.0,1164967.52,65.98,7.88,14.61,4.29,0.08309050974489016,Jio Financial Services Ltd,Financials,Diversified Financials,Mid Cap,43.585,Caution,20,Avoid
787,JIOFIN,2024,1855,296,1559.0,84.0,429,10,22,1956,18.0,1605,3.0,0.0,1034.0,6353.0,132794.0,0.0,5715.0,144863.0,172.0,3.0,133292.0,11395.0,144863.0,725.0,-678.0,1441.0,-753.0,11.0,86.52291105121293,84.04312668463612,1.153456416595399,0.0,198.8,0.0128052021565202,763.0,1441.0,3.0,1391.47,0.0,0.0,-678.0,,0,0,0,330.0,1401774.99,1814281.53,34.24,9.91,26.41,3.09,0.054430989669747215,Jio Financial Services Ltd,Financials,Diversified Financials,Mid Cap,43.585,Fair,0,Avoid
795,JSWENERGY,2019,9138,6283,2855.0,31.0,398,1192,1164,897,24.0,684,4.0,24.0,1026.0,1641.0,10181.0,10555.0,3549.0,25926.0,17825.0,400.0,2451.0,5251.0,25926.0,732.0,2491.0,-55.0,-2523.0,-87.0,7.485226526592252,31.24316042897789,5.785823041786499,0.8928269328370834,2.729026845637584,0.3524647072436936,2436.0,55.0,4.0,118.22,24.0,10555.0,2491.0,,0,0,0,331.0,62025.39,78383.66,38.52,14.43,12.47,4.49,3.9274239146259298,JSW Energy Ltd,Energy,Power & Utilities,Mid Cap,41.495,Fair,40,Hold
796,JSWENERGY,2020,8273,5316,2957.0,36.0,376,1051,1738,544,6.0,1081,7.0,15.0,1027.0,1642.0,10004.0,9840.0,3445.0,24931.0,16713.0,391.0,1854.0,5974.0,24931.0,733.0,2082.0,301.0,-1962.0,421.0,13.066602199927472,35.74277771062492,9.282156963764384,0.844925296239052,3.1712654614652718,0.3318358669929004,2383.0,301.0,7.0,116.46,15.0,9840.0,2082.0,,0,0,0,332.0,74355.45,90011.54,36.57,13.65,24.09,3.06,3.204876038003939,JSW Energy Ltd,Energy,Power & Utilities,Mid Cap,41.495,Fair,20,Avoid
797,JSWENERGY,2021,6922,4009,2913.0,42.0,248,896,1167,1099,25.0,823,5.0,41.0,1028.0,1642.0,12865.0,8371.0,3328.0,26207.0,15637.0,473.0,4052.0,6045.0,26207.0,734.0,3700.0,-1030.0,-2515.0,155.0,11.889627275353943,42.08321294423577,5.67312331977666,0.5770317777624595,3.5279017857142856,0.2641279047582707,2670.0,1030.0,5.0,145.07,41.0,8371.0,3700.0,,0,0,0,333.0,66726.89,76914.23,71.29,3.09,30.82,0.11,4.001385348545392,JSW Energy Ltd,Energy,Power & Utilities,Mid Cap,41.495,Caution,20,Avoid
798,JSWENERGY,2022,8167,4596,3572.0,44.0,575,777,1131,2238,22.0,1743,11.0,19.0,1029.0,1640.0,15775.0,8943.0,4157.0,30514.0,14831.0,2091.0,6623.0,6970.0,30514.0,735.0,2952.0,-1387.0,-781.0,784.0,21.341986041386065,43.73699032692543,10.008613264427218,0.5135228251507321,5.337194337194338,0.2676476371501606,1565.0,1387.0,11.0,174.15,19.0,8943.0,2952.0,,0,0,0,334.0,87619.18,113306.21,33.5,2.05,28.05,0.13,1.7861386057253676,JSW Energy Ltd,Energy,Power & Utilities,Mid Cap,41.495,Fair,20,Avoid
799,JSWENERGY,2023,10332,7050,3282.0,32.0,674,844,1169,1943,24.0,1480,9.0,22.0,1030.0,1641.0,16988.0,25051.0,4737.0,48417.0,25020.0,4788.0,6033.0,12576.0,48417.0,736.0,2084.0,-6778.0,7327.0,2634.0,14.3244289585753,31.765389082462253,7.944602501476193,1.3447313328681088,4.687203791469194,0.2133961211971002,-4694.0,6778.0,9.0,186.29,22.0,25051.0,2084.0,,0,0,0,335.0,95613.82,96446.78,42.08,0.76,6.81,0.07,-4.909332144662769,JSW Energy Ltd,Energy,Power & Utilities,Mid Cap,41.495,Fair,40,Hold
800,JSWENERGY,2024,11486,6104,5382.0,47.0,472,2053,1633,2167,20.0,1725,10.0,19.0,1031.0,1641.0,19191.0,31573.0,5362.0,57767.0,28946.0,10285.0,7035.0,11501.0,57767.0,737.0,6234.0,-8197.0,1675.0,-289.0,15.018283127285391,46.857043357130415,8.280529953917052,1.5156009984639016,2.8514369215781783,0.1988332438935724,-1963.0,8197.0,10.0,208.32,19.0,31573.0,6234.0,-1.92,0,0,0,336.0,110870.53,124622.6,24.79,9.88,35.95,1.25,-1.7705336124937798,JSW Energy Ltd,Energy,Power & Utilities,Mid Cap,41.495,Discount,0,Avoid
808,JSWSTEEL,2019,84757,65827,18930.0,22.0,196,3917,4041,11168,33.0,7524,32.0,16.0,1013.0,301.0,34494.0,47396.0,32606.0,114797.0,62644.0,11889.0,1894.0,38370.0,114797.0,744.0,14633.0,-11387.0,1753.0,4999.0,8.877142890852673,22.334438453461072,21.623796522488863,1.3621497341572064,4.882818483533316,0.7383206878228525,3246.0,11387.0,32.0,347.95,16.0,47396.0,14633.0,,0,0,0,337.0,1475187.02,1347624.91,35.01,7.86,30.61,1.29,0.22003989704302032,JSW Steel Ltd,Materials,Steel,Large Cap,40.61,Fair,0,Avoid
809,JSWSTEEL,2020,73326,61513,11813.0,16.0,-289,4265,4246,3013,-30.0,3919,17.0,15.0,1014.0,301.0,36298.0,61423.0,33798.0,131820.0,62085.0,27191.0,1259.0,41285.0,131820.0,745.0,12785.0,-19589.0,5189.0,-1615.0,5.344625371628072,16.1102473883752,10.707942839968306,1.678269898084647,2.7019929660023445,0.5562585343650432,-6804.0,19589.0,17.0,365.99,15.0,61423.0,12785.0,,0,0,0,338.0,1978764.31,2322705.01,34.84,1.91,11.35,2.19,-0.34385095615556155,JSW Steel Ltd,Materials,Steel,Large Cap,40.61,Fair,40,Hold
810,JSWSTEEL,2021,79839,59661,20178.0,25.0,473,3957,4679,12015,34.0,7873,33.0,25.0,1015.0,302.0,46462.0,62392.0,39161.0,148317.0,64917.0,32566.0,8581.0,42253.0,148317.0,746.0,18789.0,-7702.0,-3110.0,7977.0,9.861095454602388,25.273362642317664,16.835600034214355,1.3341886921563595,5.218852666161233,0.5382997228908352,11087.0,7702.0,33.0,467.64,25.0,62392.0,18789.0,,0,0,0,339.0,2171392.42,2621060.67,60.28,3.42,25.82,0.09,0.5105940270345053,JSW Steel Ltd,Materials,Steel,Large Cap,40.61,Fair,0,Avoid
811,JSWSTEEL,2022,146371,107257,39114.0,27.0,1600,4968,6001,29745,30.0,20938,85.0,25.0,1016.0,301.0,66996.0,72237.0,56951.0,196485.0,99880.0,16905.0,4940.0,74760.0,196485.0,747.0,26270.0,-14748.0,-14657.0,-3135.0,14.304746158733629,26.722506507436584,31.112828209281247,1.0734059467732588,8.19524959742351,0.7449474514593989,11522.0,14748.0,85.0,672.97,25.0,72237.0,26270.0,,0,0,0,340.0,2278384.96,2746916.82,36.76,12.62,39.17,2.73,0.5057090966752168,JSW Steel Ltd,Materials,Steel,Large Cap,40.61,Fair,0,Avoid
812,JSWSTEEL,2023,165960,147490,18470.0,11.0,1561,6902,7474,5655,27.0,4139,17.0,25.0,1017.0,301.0,65394.0,80853.0,63991.0,210539.0,104452.0,22166.0,4806.0,79115.0,210539.0,748.0,23323.0,-10730.0,-5977.0,6616.0,2.4939744516751023,11.129187756085804,6.300327269959662,1.2307329324910572,2.9022022602144304,0.7882625071839422,12593.0,10730.0,17.0,656.95,25.0,80853.0,23323.0,,0,0,0,341.0,2101814.77,2210837.76,8.68,9.24,33.75,2.83,0.5991488964557995,JSW Steel Ltd,Materials,Steel,Large Cap,40.61,Discount,0,Avoid
813,JSWSTEEL,2024,175006,146849,28157.0,16.0,1500,8105,8172,13380,33.0,8973,36.0,25.0,1018.0,305.0,77364.0,87984.0,62245.0,227898.0,112461.0,29676.0,7246.0,78515.0,227898.0,749.0,12078.0,-14467.0,-5005.0,-7394.0,5.127252779904689,16.089162657280323,11.5528718021347,1.1328071688833383,3.659099321406539,0.7679137157851319,-2389.0,14467.0,36.0,776.69,25.0,87984.0,12078.0,13.49,0,0,0,342.0,2612646.38,3187328.18,69.27,4.37,35.49,2.94,-0.09143985264473488,JSW Steel Ltd,Materials,Steel,Large Cap,40.61,Caution,0,Avoid
821,KOTAKBANK,2019,29831,15187,19758.0,-5114.0,-17,16148,458,10576,33.0,7204,38.0,2.0,1001.0,954.0,56827.0,291763.0,45626.0,395171.0,2697.0,0.0,103487.0,288987.0,395171.0,756.0,1822.0,-3323.0,8365.0,6864.0,24.149374811437767,66.2331132043847,12.467766220729995,5.049462626122774,1.2225043349021552,0.0754888390089353,-1501.0,3323.0,38.0,577.81,2.0,291763.0,1822.0,,0,0,0,343.0,588705.26,753585.68,49.36,12.73,14.15,1.87,-0.25496629671696835,"Kotak Mahindra Bank Ltd
",Financials,Private Banks,Large Cap,43.585,Fair,20,Avoid
822,KOTAKBANK,2020,33474,15901,22578.0,-5005.0,-15,16892,465,11422,25.0,8593,45.0,0.0,1002.0,957.0,65680.0,326477.0,50059.0,443173.0,2675.0,0.0,111197.0,329301.0,443173.0,757.0,46619.0,-13068.0,-735.0,32815.0,25.670669773555595,67.44936368524826,12.89523838107958,4.899335204165854,1.335721051385271,0.0755325798277422,33551.0,13068.0,45.0,666.37,0.0,326477.0,46619.0,,0,0,0,344.0,554552.04,614466.43,43.71,3.59,28.55,0.53,6.050108480351095,"Kotak Mahindra Bank Ltd
",Financials,Private Banks,Large Cap,43.585,Fair,20,Avoid
823,KOTAKBANK,2021,32820,12967,29812.0,-9958.0,-30,23588,461,13168,25.0,9990,50.0,2.0,1003.0,991.0,83348.0,327110.0,67405.0,478854.0,2554.0,0.0,156946.0,319355.0,478854.0,758.0,4881.0,-11172.0,-10072.0,-16363.0,30.438756855575868,90.83485679463742,11.845053889659589,3.878514091938486,1.262591148041377,0.0685386359934343,-6291.0,11172.0,50.0,843.39,2.0,327110.0,4881.0,,0,0,0,345.0,488474.8,514833.87,37.51,5.14,14.03,1.52,-1.2878862942366731,"Kotak Mahindra Bank Ltd
",Financials,Private Banks,Large Cap,43.585,Fair,20,Avoid
824,KOTAKBANK,2022,33741,11554,30699.0,-8512.0,-25,24941,480,15948,25.0,12089,61.0,2.0,1004.0,992.0,95673.0,365747.0,84086.0,546498.0,2723.0,0.0,164529.0,379245.0,546498.0,759.0,8308.0,-10903.0,7543.0,4949.0,35.82881360955514,90.984262469992,12.50607769099467,3.783654890601562,1.2298624754420433,0.0617403906327196,-2595.0,10903.0,61.0,966.65,2.0,365747.0,8308.0,,0,0,0,346.0,455106.0,483040.86,73.13,3.75,28.96,0.64,-0.5701968332652173,"Kotak Mahindra Bank Ltd
",Financials,Private Banks,Large Cap,43.585,Caution,0,Avoid
825,KOTAKBANK,2023,42151,14411,33485.0,-5746.0,-14,25991,599,19646,25.0,14925,75.0,2.0,1005.0,993.0,110821.0,418807.0,89809.0,620430.0,3075.0,0.0,195338.0,422017.0,620430.0,760.0,-1242.0,-10381.0,1883.0,-9740.0,35.40841261180043,79.44058266707789,13.348060171356002,3.745568533457349,1.2877919279750685,0.067938365327273,-11623.0,10381.0,75.0,1118.14,2.0,418807.0,-1242.0,,0,0,0,347.0,467372.62,480678.67,75.47,6.71,29.17,2.71,-2.4868808104334397,"Kotak Mahindra Bank Ltd
",Financials,Private Banks,Large Cap,43.585,Caution,0,Avoid
826,KOTAKBANK,2024,56237,22567,47052.0,-13382.0,-24,38037,792,23863,25.0,18213,92.0,2.0,1006.0,994.0,128978.0,520374.0,117321.0,767667.0,3510.0,0.0,246446.0,517711.0,767667.0,761.0,15685.0,-8919.0,15515.0,22281.0,32.386151466116615,83.66733645109092,14.013018188532914,4.003739266919029,1.2363751084470385,0.0732570242045053,6766.0,8919.0,92.0,1299.72,2.0,520374.0,15685.0,18.32,0,0,0,348.0,430223.52,548886.13,32.9,1.15,15.52,1.51,1.5726708758275234,"Kotak Mahindra Bank Ltd
",Financials,Private Banks,Large Cap,43.585,Fair,20,Avoid
828,LICI,2019,571508,565587,5920.0,1.0,2615,0,336,8199,68.0,2627,,2.0,988.0,100.0,710.0,269401.0,3157039.0,3427249.0,25194.0,710.0,2900287.0,501059.0,3427249.0,762.0,13274.0,9636.0,-13700.0,9210.0,0.4596611071061123,1.0358560160137742,324.32098765432096,332.59382716049384,inf,0.1667541517993002,22910.0,9636.0,,8.1,2.0,269401.0,13274.0,,0,0,0,349.0,166637.32,173087.14,53.3,0.6,39.37,0.77,13.748420821938327,Life Insurance Corporation of India,Financials,Life Insurance,Large Cap,43.585,Fair,40,Hold
829,LICI,2020,628043,634989,-6947.0,-1.0,20870,0,379,13544,80.0,2710,,2.0,989.0,100.0,902.0,253414.0,3245419.0,3499834.0,28216.0,734.0,2976100.0,494784.0,3499834.0,763.0,54367.0,-40415.0,-18664.0,-4712.0,0.43149911709867,-1.1061344525772918,270.45908183632736,252.9081836327345,inf,0.1794493681700332,13952.0,40415.0,,10.02,2.0,253414.0,54367.0,,0,0,0,350.0,196576.3,233201.16,20.36,2.12,10.34,1.11,7.097498528561175,Life Insurance Corporation of India,Financials,Life Insurance,Large Cap,43.585,Discount,60,Buy
830,LICI,2021,690914,691166,-252.0,0.0,12820,0,417,12151,76.0,2974,7.0,0.0,990.0,100.0,6784.0,4.0,3822637.0,3829524.0,17723.0,148.0,3517445.0,294208.0,3829524.0,764.0,80602.0,148447.0,-256125.0,-27077.0,0.4304443100009552,-0.036473425057243,43.201626961069145,0.0005810575246949,inf,0.1804177229337118,229049.0,148447.0,7.0,68.84,0.0,4.0,80602.0,,0,0,0,351.0,183625.08,214767.85,38.3,8.3,6.66,3.88,124.7373180177784,Life Insurance Corporation of India,Financials,Life Insurance,Large Cap,43.585,Fair,40,Hold
831,LICI,2022,723606,720280,3326.0,0.0,9248,0,436,12138,66.0,4125,57.0,23.0,991.0,6325.0,5013.0,1.0,4242719.0,4254059.0,17770.0,199.0,3926212.0,309878.0,4254059.0,765.0,-3783.0,12531.0,0.0,8748.0,0.5700616081127022,0.4596424020806903,36.38207796789557,8.819897689186806e-05,inf,0.1700977819066449,8748.0,12531.0,57.0,113.38,23.0,1.0,-3783.0,,0,0,0,352.0,171741.93,179309.03,13.18,2.48,28.3,3.12,5.093689118318398,Life Insurance Corporation of India,Financials,Life Insurance,Large Cap,43.585,Discount,40,Hold
832,LICI,2023,784628,750420,34207.0,4.0,7800,77,466,41463,13.0,35997,65.0,5.0,992.0,6325.0,39908.0,0.0,4532258.0,4578491.0,20473.0,331.0,4243008.0,314678.0,4578491.0,766.0,54519.0,-52848.0,-949.0,722.0,4.587779176883823,4.359645590012082,77.85997015119071,0.0,545.5454545454545,0.171372620367715,1671.0,52848.0,65.0,462.33,5.0,0.0,54519.0,,0,0,0,353.0,204112.31,228780.25,76.58,7.85,20.73,1.11,0.8186669388044259,Life Insurance Corporation of India,Financials,Life Insurance,Large Cap,43.585,Caution,0,Avoid
833,LICI,2024,845966,813188,32779.0,4.0,14829,128,466,47014,13.0,40916,66.0,15.0,993.0,6325.0,76422.0,0.0,5233300.0,5316047.0,20667.0,403.0,4976133.0,318844.0,5316047.0,767.0,26122.0,-25269.0,-4427.0,-3574.0,4.836600998148862,3.87474201090824,49.44710986501021,0.0,371.9375,0.1591344094587576,853.0,25269.0,66.0,827.47,15.0,0.0,26122.0,8.16,0,0,0,354.0,183583.67,205478.22,30.67,8.1,12.21,3.77,0.46463827637828564,Life Insurance Corporation of India,Financials,Life Insurance,Large Cap,43.585,Fair,20,Avoid
841,LODHA,2019,11907,8728,3179.0,27.0,72,568,194,2489,34.0,1644,21.0,0.0,981.0,396.0,3445.0,25641.0,20382.0,49864.0,2139.0,6.0,1405.0,46314.0,49864.0,780.0,-463.0,-175.0,736.0,97.0,13.80700428319476,26.69858066683464,42.80135381411091,6.675605311116897,5.723591549295775,0.2387895074602919,-638.0,175.0,21.0,38.41,0.0,25641.0,-463.0,,0,0,0,355.0,1516344.89,1875614.07,70.86,14.94,17.0,3.4,-0.04207486068687184,Macrotech Developers Ltd,Real Estate,Real Estate,Large Cap,49.505,Fair,0,Avoid
842,LODHA,2020,12443,10526,1917.0,15.0,119,740,292,1003,26.0,742,9.0,0.0,982.0,396.0,4156.0,18423.0,17717.0,40693.0,2021.0,6.0,1553.0,37112.0,40693.0,781.0,3772.0,182.0,-4188.0,-234.0,5.96319215623242,15.406252511452225,16.300527240773285,4.047231985940246,2.7513513513513512,0.3057774064335389,3954.0,182.0,9.0,45.52,0.0,18423.0,3772.0,,0,0,0,356.0,1462369.84,1681605.99,58.75,11.25,12.25,3.82,0.27038303798716196,Macrotech Developers Ltd,Real Estate,Real Estate,Large Cap,49.505,Fair,20,Avoid
843,LODHA,2021,5449,4066,1383.0,25.0,-140,1136,73,33,-44.0,48,1.0,0.0,983.0,396.0,4203.0,18193.0,16516.0,39308.0,1946.0,6.0,1579.0,35776.0,39308.0,782.0,2524.0,420.0,-2835.0,109.0,0.8808955771701229,25.38080381721417,1.0437051532941943,3.9558599695586,1.0941901408450705,0.138623181031851,2944.0,420.0,1.0,45.99,0.0,18193.0,2524.0,,0,0,0,357.0,1550822.64,1529960.67,47.06,13.02,38.85,3.37,0.1898347318427077,Macrotech Developers Ltd,Real Estate,Real Estate,Large Cap,49.505,Fair,0,Avoid
844,LODHA,2022,9233,7047,2186.0,24.0,293,688,75,1716,30.0,1208,12.0,20.0,984.0,482.0,11624.0,11537.0,14763.0,38404.0,1923.0,0.0,574.0,35908.0,38404.0,783.0,1998.0,1139.0,-2888.0,250.0,13.08350481966858,23.675944979963177,9.97852304642326,0.9529985131339832,3.6031976744186047,0.2404176648265805,3137.0,1139.0,12.0,121.06,20.0,11537.0,1998.0,,0,0,0,358.0,1322559.29,1261563.26,13.49,1.97,18.41,1.52,0.23719163471302673,Macrotech Developers Ltd,Real Estate,Real Estate,Large Cap,49.505,Discount,20,Avoid
845,LODHA,2023,9470,7406,2064.0,22.0,-1037,482,93,452,-8.0,490,5.0,14.0,985.0,482.0,12181.0,9060.0,17399.0,39122.0,1828.0,0.0,246.0,37048.0,39122.0,784.0,2750.0,1789.0,-3706.0,834.0,5.174234424498416,21.795142555438225,3.8695411829740185,0.7154702677090736,2.130705394190872,0.2420632891978937,4539.0,1789.0,5.0,126.63,14.0,9060.0,2750.0,,0,0,0,359.0,1199352.96,1502662.3,52.31,12.05,18.0,1.85,0.37845406243046253,Macrotech Developers Ltd,Real Estate,Real Estate,Large Cap,49.505,Fair,0,Avoid
846,LODHA,2024,10316,7651,2665.0,26.0,48,482,204,2028,23.0,1554,16.0,,986.0,994.0,16475.0,7698.0,22031.0,47198.0,1169.0,4.0,2500.0,43524.0,47198.0,785.0,2512.0,-2947.0,951.0,516.0,15.063978286157424,25.833656455990692,8.895758200240426,0.4406663232010991,5.628630705394191,0.2185685834145514,-435.0,2947.0,16.0,174.69,,7698.0,2512.0,34.81,0,0,0,360.0,1209919.99,1301112.44,51.95,7.65,34.33,4.05,-0.03595279056427525,Macrotech Developers Ltd,Real Estate,Real Estate,Large Cap,49.505,Fair,0,Avoid
854,LT,2019,135220,112354,22866.0,17.0,2701,9339,1923,14305,28.0,10217,63.0,28.0,968.0,17.0,4876.0,0.0,1770.0,6664.0,930.0,12.0,1740.0,3982.0,6664.0,792.0,-4756.0,-11023.0,15440.0,-338.0,7.555834935660405,16.910220381600354,208.80850194154917,0.0,2.737659278295321,20.29111644657863,-15779.0,11023.0,63.0,48.93,28.0,0.0,-4756.0,,0,0,0,361.0,685872.93,876598.39,60.92,9.78,31.09,0.34,-2.3005719149755626,Larsen & Toubro Ltd,Industrials,Engineering & Construction,Large Cap,48.83,Fair,0,Avoid
855,LT,2020,145452,120899,24553.0,17.0,3015,11021,2462,14086,23.0,10894,68.0,26.0,969.0,17.0,5387.0,912.0,2499.0,8815.0,1920.0,59.0,2219.0,4617.0,8815.0,793.0,6694.0,-8408.0,6372.0,4658.0,7.489756070731238,16.880482908450897,201.59141376757955,0.1687638786084382,2.501406405952273,16.500510493477027,-1714.0,8408.0,68.0,54.04,26.0,912.0,6694.0,,0,0,0,362.0,606183.52,582692.86,18.62,6.6,10.51,3.85,-0.28275265549944345,Larsen & Toubro Ltd,Industrials,Engineering & Construction,Large Cap,48.83,Discount,20,Avoid
856,LT,2021,135979,112519,23460.0,17.0,8111,11750,2904,16918,24.0,12921,82.0,44.0,970.0,18.0,7286.0,798.0,2604.0,10706.0,1906.0,66.0,3730.0,5004.0,10706.0,794.0,23074.0,-5750.0,-15274.0,2049.0,9.502202545981364,17.252664014296325,176.90306681270536,0.1092552026286966,2.6868936170212767,12.70119559125724,17324.0,5750.0,82.0,73.04,44.0,798.0,23074.0,,0,0,0,363.0,690472.41,723135.04,13.01,9.07,9.08,3.34,2.509006840693316,Larsen & Toubro Ltd,Industrials,Engineering & Construction,Large Cap,48.83,Discount,20,Avoid
857,LT,2022,156521,132207,24314.0,16.0,2364,9235,2948,14495,29.0,10419,62.0,36.0,971.0,30.0,14258.0,258.0,6027.0,20572.0,3473.0,503.0,6048.0,10548.0,20572.0,795.0,19164.0,-3585.0,-15181.0,397.0,6.656614767347513,15.5340177995285,72.92133258678611,0.018057110862262,2.8887926367081755,7.608448376433988,15579.0,3585.0,62.0,142.88,36.0,258.0,19164.0,,0,0,0,364.0,864042.71,965645.93,18.77,11.91,15.77,1.0,1.8030358707615275,Larsen & Toubro Ltd,Industrials,Engineering & Construction,Large Cap,48.83,Discount,0,Avoid
858,LT,2023,183341,156175,27166.0,15.0,2891,9445,3502,17109,26.0,12531,75.0,32.0,972.0,30.0,16562.0,1541.0,5348.0,23481.0,3679.0,902.0,5458.0,13442.0,23481.0,796.0,22777.0,-8048.0,-11572.0,3156.0,6.834805089968965,14.817198553515034,75.52434908389586,0.0928760848601735,3.1823186871360507,7.8080575784676975,14729.0,8048.0,75.0,165.92,32.0,1541.0,22777.0,,0,0,0,365.0,937726.82,1190030.19,29.41,13.63,6.88,0.38,1.5707133128601356,Larsen & Toubro Ltd,Industrials,Engineering & Construction,Large Cap,48.83,Discount,20,Avoid
859,LT,2024,221113,191248,29865.0,14.0,3847,9512,3682,20517,24.0,15547,95.0,36.0,973.0,30.0,19988.0,2071.0,5456.0,27544.0,4981.0,551.0,8744.0,13269.0,27544.0,797.0,18266.0,2179.0,-25413.0,-4968.0,7.031246466738726,13.506668535997433,77.66510140873214,0.1034568888000799,3.5441547518923464,8.027628521638107,20445.0,2179.0,95.0,200.18,36.0,2071.0,18266.0,9.97,0,0,0,366.0,1124597.5,1097873.76,30.8,2.48,16.63,1.26,1.8179837675257147,Larsen & Toubro Ltd,Industrials,Engineering & Construction,Large Cap,48.83,Discount,20,Avoid
867,LTIM,2019,9446,7562,1883.0,20.0,302,11,147,2028,25.0,1516,87.0,32.0,955.0,17.0,4876.0,0.0,1770.0,6664.0,930.0,12.0,1740.0,3982.0,6664.0,804.0,1395.0,-749.0,-594.0,52.0,16.049121321194157,19.93436375185264,30.983036991620683,0.0,198.63636363636363,1.4174669867947178,646.0,749.0,87.0,48.93,32.0,0.0,1395.0,,0,0,0,367.0,1328108.48,1702596.39,60.16,10.57,29.3,3.97,0.04864060502045737,LTIMindtree Ltd,Information Technology,IT Services,Large Cap,49.555,Fair,0,Avoid
868,LTIM,2020,10879,8849,2029.0,19.0,329,83,273,2003,24.0,1520,87.0,32.0,956.0,17.0,5387.0,912.0,2499.0,8815.0,1920.0,59.0,2219.0,4617.0,8815.0,805.0,1644.0,-643.0,-890.0,110.0,13.971872414744002,18.650611269418143,28.127313101406365,0.1687638786084382,28.40963855421687,1.2341463414634146,1001.0,643.0,87.0,54.04,32.0,912.0,1644.0,,0,0,0,368.0,1325609.47,1352170.5,61.37,3.82,36.92,2.41,0.07551243580056803,LTIMindtree Ltd,Information Technology,IT Services,Large Cap,49.555,Fair,0,Avoid
869,LTIM,2021,12370,9645,2725.0,22.0,274,79,332,2588,25.0,1938,111.0,36.0,957.0,18.0,7286.0,798.0,2604.0,10706.0,1906.0,66.0,3730.0,5004.0,10706.0,806.0,2400.0,-1657.0,-509.0,234.0,15.666936135812447,22.029102667744542,26.533406352683457,0.1092552026286966,37.962025316455694,1.1554268634410612,743.0,1657.0,111.0,73.04,36.0,798.0,2400.0,,0,0,0,369.0,1325692.27,1604670.91,30.49,14.47,39.4,3.0,0.056046189361879585,LTIMindtree Ltd,Information Technology,IT Services,Large Cap,49.555,Discount,0,Avoid
870,LTIM,2022,26109,20860,5249.0,20.0,766,123,597,5294,25.0,3950,225.0,41.0,958.0,30.0,14258.0,258.0,6027.0,20572.0,3473.0,503.0,6048.0,10548.0,20572.0,807.0,3251.0,-1643.0,-1680.0,-73.0,15.128882760733848,20.10417863571948,27.645576707726764,0.018057110862262,48.90243902439025,1.2691522457709508,1608.0,1643.0,225.0,142.88,41.0,258.0,3251.0,,0,0,0,370.0,1202160.21,1208511.88,45.11,12.85,11.47,0.47,0.13375921001411287,LTIMindtree Ltd,Information Technology,IT Services,Large Cap,49.555,Fair,20,Avoid
871,LTIM,2023,33183,27075,6108.0,18.0,557,150,723,5792,24.0,4410,149.0,40.0,959.0,30.0,16562.0,1541.0,5348.0,23481.0,3679.0,902.0,5458.0,13442.0,23481.0,808.0,3095.0,-271.0,-1932.0,892.0,13.289937618660158,18.40701564053883,26.57907425265188,0.0928760848601735,44.43333333333333,1.4131851284016863,2824.0,271.0,149.0,165.92,40.0,1541.0,3095.0,,0,0,0,371.0,1066603.12,1176236.08,71.7,1.11,12.43,3.12,0.26476577342095153,LTIMindtree Ltd,Information Technology,IT Services,Large Cap,49.555,Fair,40,Hold
872,LTIM,2024,35517,29130,6387.0,18.0,702,222,819,6049,24.0,4585,155.0,42.0,960.0,30.0,19988.0,2071.0,5456.0,27544.0,4981.0,551.0,8744.0,13269.0,27544.0,809.0,5670.0,-3918.0,-2269.0,-518.0,12.90931103415266,17.982937748120616,22.904386052552702,0.1034568888000799,31.93243243243243,1.289464130119082,1752.0,3918.0,155.0,200.18,42.0,2071.0,5670.0,13.66,0,0,0,372.0,1347046.9,1647384.23,64.52,2.38,18.9,4.43,0.13006228662120078,LTIMindtree Ltd,Information Technology,IT Services,Large Cap,49.555,Fair,20,Avoid
880,M&M,2019,104721,89514,15207.0,15.0,2676,5021,3991,8871,32.0,6017,43.0,17.0,942.0,544.0,39439.0,70848.0,51057.0,161889.0,28983.0,4760.0,18268.0,109878.0,161889.0,816.0,-4347.0,-7174.0,13194.0,1672.0,5.745743451647711,14.52144269057782,15.0488957807068,1.771953080059025,3.5616411073491334,0.6468691510850026,-11521.0,7174.0,43.0,399.83,17.0,70848.0,-4347.0,,0,0,0,373.0,1707695.34,2021410.72,76.49,7.02,9.79,3.01,-0.6746519551900867,"Mahindra & Mahindra Ltd
",Consumer Discretionary,Automobiles,Large Cap,42.5,Caution,20,Avoid
881,M&M,2020,75382,65224,10158.0,13.0,885,6021,3367,1655,99.0,-321,1.0,205.0,943.0,554.0,39415.0,82092.0,43655.0,165716.0,29689.0,6856.0,19210.0,109960.0,165716.0,817.0,-1457.0,-6870.0,6933.0,-1394.0,-0.4258311002626622,13.47536547186331,-0.8031224198754034,2.053891766118742,1.8340807174887888,0.4548866735861353,-8327.0,6870.0,1.0,399.69,205.0,82092.0,-1457.0,,0,0,0,374.0,2271322.15,2677621.8,65.84,6.63,8.38,0.76,-0.3666146609806099,"Mahindra & Mahindra Ltd
",Consumer Discretionary,Automobiles,Large Cap,42.5,Caution,20,Avoid
882,M&M,2021,74278,62791,11487.0,15.0,1152,6102,3378,3158,52.0,1512,15.0,54.0,944.0,555.0,41027.0,80625.0,42762.0,164968.0,21380.0,7873.0,28778.0,106938.0,164968.0,818.0,17909.0,-19686.0,406.0,-1370.0,2.035596004200436,15.464875198578316,3.636188735510557,1.9389399259294888,2.071288102261553,0.4502570195431841,-1777.0,19686.0,15.0,415.82,54.0,80625.0,17909.0,,0,0,0,375.0,3046586.67,3342939.51,8.87,14.35,22.42,3.76,-0.058327570900846885,"Mahindra & Mahindra Ltd
",Consumer Discretionary,Automobiles,Large Cap,42.5,Discount,0,Avoid
883,M&M,2022,90171,75488,14683.0,16.0,3204,5018,3508,9362,23.0,7253,53.0,20.0,945.0,556.0,46567.0,77605.0,47661.0,172388.0,26018.0,6703.0,30060.0,109607.0,172388.0,819.0,9248.0,-3252.0,-5883.0,113.0,8.043606037417796,16.28350578345588,15.391634658234832,1.6468603442055896,3.564567556795536,0.5230700512796714,5996.0,3252.0,53.0,471.23,20.0,77605.0,9248.0,,0,0,0,376.0,3425061.3,3221889.8,52.32,14.96,6.22,3.79,0.17506256019417812,"Mahindra & Mahindra Ltd
",Consumer Discretionary,Automobiles,Large Cap,42.5,Fair,20,Avoid
884,M&M,2023,121269,100983,20285.0,17.0,3961,5830,4357,14060,19.0,11374,83.0,18.0,946.0,557.0,55809.0,92247.0,55670.0,204283.0,27140.0,3969.0,35272.0,137902.0,204283.0,820.0,-7074.0,-8866.0,15946.0,6.0,9.379148834409454,16.72727572586564,20.17883121030409,1.6365716921548452,4.158833619210978,0.5936323629474797,-15940.0,8866.0,83.0,563.66,18.0,92247.0,-7074.0,,0,0,0,377.0,3314570.19,3505312.06,34.84,13.53,22.66,2.01,-0.48090699808049625,"Mahindra & Mahindra Ltd
",Consumer Discretionary,Automobiles,Large Cap,42.5,Fair,0,Avoid
885,M&M,2024,139078,114186,24892.0,18.0,3298,7488,4724,15978,23.0,12270,91.0,21.0,947.0,557.0,65633.0,108647.0,59884.0,234722.0,28129.0,8039.0,35208.0,163345.0,234722.0,821.0,-5630.0,-5615.0,12281.0,1037.0,8.82238743726542,17.89787025985418,18.537543435564285,1.6414413053331318,3.7646901709401703,0.5925222177725139,-11245.0,5615.0,91.0,661.9,21.0,108647.0,-5630.0,6.04,0,0,0,378.0,4173085.48,3837414.39,14.22,0.81,29.08,2.37,-0.2694648852484086,"Mahindra & Mahindra Ltd
",Consumer Discretionary,Automobiles,Large Cap,42.5,Discount,20,Avoid
893,MARUTI,2019,86068,75012,11056.0,13.0,2664,76,3021,10624,28.0,7651,253.0,32.0,929.0,151.0,46941.0,160.0,16717.0,63969.0,15437.0,1607.0,37504.0,9421.0,63969.0,828.0,6601.0,-3540.0,-2948.0,113.0,8.889482734581959,12.845656922433424,16.24692092075087,0.0033976046886944,180.52631578947367,1.345464209226344,3061.0,3540.0,253.0,470.92,32.0,160.0,6601.0,,0,0,0,379.0,1445154.02,1428864.0,65.97,4.77,37.75,1.13,0.2118113334383556,Maruti Suzuki India Ltd,Consumer Discretionary,Automobiles,Mid Cap,42.5,Caution,0,Avoid
894,MARUTI,2020,75660,68305,7355.0,10.0,3410,134,3528,7103,20.0,5678,188.0,32.0,930.0,151.0,49262.0,184.0,14031.0,63628.0,15744.0,1415.0,37488.0,8980.0,63628.0,829.0,3496.0,-557.0,-3104.0,-165.0,7.504625958234206,9.721120803595031,11.490903203610388,0.0037237164308987,80.33582089552239,1.1890991387439491,2939.0,557.0,188.0,494.13,32.0,184.0,3496.0,,0,0,0,380.0,1349572.01,1480925.31,11.64,1.03,22.36,0.97,0.21777274411611428,Maruti Suzuki India Ltd,Consumer Discretionary,Automobiles,Mid Cap,42.5,Discount,20,Avoid
895,MARUTI,2021,70372,64961,5411.0,8.0,3046,102,3034,5321,18.0,4389,145.0,31.0,931.0,151.0,52350.0,541.0,18335.0,71376.0,14989.0,1497.0,42945.0,11946.0,71376.0,830.0,8856.0,-7291.0,-1545.0,20.0,6.236855567555278,7.689137725231626,8.359840764937811,0.0103045656273213,82.91176470588235,0.985933647164313,1565.0,7291.0,145.0,525.01,31.0,541.0,8856.0,,0,0,0,381.0,1153447.24,1174696.92,42.37,6.22,9.74,2.61,0.1356802414300285,Maruti Suzuki India Ltd,Consumer Discretionary,Automobiles,Mid Cap,42.5,Fair,20,Avoid
896,MARUTI,2022,88330,82578,5752.0,7.0,1861,127,2789,4697,17.0,3880,128.0,47.0,932.0,151.0,55182.0,426.0,18896.0,74656.0,13747.0,2936.0,42035.0,15937.0,74656.0,831.0,1840.0,-239.0,-1607.0,-6.0,4.392618589380732,6.511943846937621,7.012090434279725,0.0076988415592865,59.94488188976378,1.1831600942991856,1601.0,239.0,128.0,553.33,47.0,426.0,1840.0,,0,0,0,382.0,1390095.96,1626712.07,36.35,2.5,22.48,4.01,0.11517190511078099,Maruti Suzuki India Ltd,Consumer Discretionary,Automobiles,Mid Cap,42.5,Fair,20,Avoid
897,MARUTI,2023,118410,105288,13122.0,11.0,2415,252,4846,10438,21.0,8264,274.0,34.0,933.0,157.0,74443.0,1248.0,24258.0,100106.0,27941.0,4143.0,49184.0,18837.0,100106.0,832.0,10815.0,-8820.0,-1214.0,780.0,6.9791402753145855,11.081834304535093,11.07774798927614,0.0167292225201072,61.65476190476191,1.1828461830459711,1995.0,8820.0,274.0,746.0,34.0,1248.0,10815.0,,0,0,0,383.0,1507366.44,1474615.02,14.7,14.19,31.01,1.41,0.13235003427567354,Maruti Suzuki India Ltd,Consumer Discretionary,Automobiles,Mid Cap,42.5,Discount,0,Avoid
898,MARUTI,2024,141858,123232,18626.0,13.0,4248,194,5256,17424,23.0,13488,429.0,29.0,934.0,157.0,85479.0,119.0,29550.0,115304.0,27865.0,7735.0,57296.0,22408.0,115304.0,833.0,16801.0,-11865.0,-4062.0,874.0,9.50809964894472,13.130031439890594,15.750385351954783,0.0013896025036199,117.90721649484536,1.230295566502463,4936.0,11865.0,429.0,856.36,29.0,119.0,16801.0,12.49,0,0,0,384.0,1503863.63,1891991.87,20.78,8.26,29.97,1.78,0.3282212496887102,Maruti Suzuki India Ltd,Consumer Discretionary,Automobiles,Mid Cap,42.5,Discount,0,Avoid
906,MOTHERSON,2019,63523,58174,5348.0,8.0,333,423,2058,3200,34.0,2098,3.0,29.0,916.0,316.0,10647.0,11534.0,20257.0,42754.0,18423.0,1067.0,855.0,22409.0,42754.0,840.0,4312.0,-3318.0,-225.0,769.0,3.3027407395746424,8.418997843300852,19.13709750980571,1.0520842834990425,13.430260047281324,1.4857791083875194,994.0,3318.0,3.0,109.63,29.0,11534.0,4312.0,,0,0,0,385.0,62318.66,78566.59,45.66,12.32,24.45,4.25,1.5950278776854314,Samvardhana Motherson International Ltd,Consumer Discretionary,Auto Ancillaries,Large Cap,42.5,Fair,0,Avoid
907,MOTHERSON,2020,60729,56075,4654.0,8.0,642,593,2721,1983,-5.0,1294,2.0,40.0,917.0,316.0,10945.0,13136.0,20636.0,45033.0,20750.0,852.0,796.0,22635.0,45033.0,841.0,6352.0,-2220.0,-2803.0,1329.0,2.1307777174002536,7.6635544797378525,11.490986590888909,1.166503862889619,8.930860033726812,1.3485444007727667,4132.0,2220.0,2.0,112.61,40.0,13136.0,6352.0,,0,0,0,386.0,81298.87,88872.29,30.92,9.22,28.62,2.24,5.082481466224562,Samvardhana Motherson International Ltd,Consumer Discretionary,Auto Ancillaries,Large Cap,42.5,Fair,20,Avoid
908,MOTHERSON,2021,57370,53000,4370.0,8.0,568,512,2926,1500,34.0,1569,2.0,46.0,918.0,316.0,12245.0,11930.0,23258.0,47749.0,20099.0,877.0,846.0,25926.0,47749.0,842.0,5051.0,-1886.0,-2098.0,1068.0,2.7348788565452327,7.617221544361165,12.491043706711247,0.949765146087095,9.64453125,1.201491130704308,3165.0,1886.0,2.0,125.61,46.0,11930.0,5051.0,,0,0,0,387.0,102529.39,99795.08,32.08,10.45,13.63,1.98,3.086919760275566,Samvardhana Motherson International Ltd,Consumer Discretionary,Auto Ancillaries,Large Cap,42.5,Fair,40,Hold
909,MOTHERSON,2022,63774,59060,4714.0,7.0,575,543,2958,1788,31.0,1182,1.0,34.0,919.0,452.0,20136.0,14130.0,21008.0,55726.0,21411.0,1310.0,6462.0,26543.0,55726.0,843.0,2463.0,-2304.0,-1217.0,-1059.0,1.8534198889829712,7.391727036096214,5.741208470953954,0.6863221293957645,9.740331491712707,1.144420916627786,159.0,2304.0,1.0,205.88,34.0,14130.0,2463.0,,0,0,0,388.0,136555.49,157086.66,76.33,10.98,30.36,2.66,0.11643618282941243,Samvardhana Motherson International Ltd,Consumer Discretionary,Auto Ancillaries,Large Cap,42.5,Caution,0,Avoid
910,MOTHERSON,2023,78788,72537,6251.0,8.0,70,781,3136,2405,31.0,1670,2.0,29.0,920.0,678.0,21774.0,13792.0,25086.0,61330.0,23147.0,1478.0,6290.0,30415.0,61330.0,844.0,4643.0,-2248.0,-2734.0,-339.0,2.119612123673656,7.933949332385643,7.438090147871014,0.6142882593978265,8.093469910371319,1.2846567748247186,2395.0,2248.0,2.0,224.52,29.0,13792.0,4643.0,,0,0,0,389.0,125781.85,139351.91,26.19,14.98,14.34,1.04,1.9040902960164763,Samvardhana Motherson International Ltd,Consumer Discretionary,Auto Ancillaries,Large Cap,42.5,Discount,20,Avoid
911,MOTHERSON,2024,98692,89370,9322.0,9.0,140,1811,3810,3840,21.0,3020,4.0,20.0,921.0,678.0,25477.0,19922.0,38101.0,84178.0,30122.0,2498.0,6521.0,45037.0,84178.0,845.0,7569.0,-6644.0,1281.0,2205.0,3.060025128683176,9.445547764763102,11.546549416937488,0.7616899254444657,5.224737713970182,1.1724203473591674,925.0,6644.0,4.0,261.55,20.0,19922.0,7569.0,17.35,0,0,0,390.0,146151.16,161406.34,9.54,2.38,33.39,2.18,0.6329063689949501,Samvardhana Motherson International Ltd,Consumer Discretionary,Auto Ancillaries,Large Cap,42.5,Discount,20,Avoid
919,NAUKRI,2019,1151,1142,9.0,1.0,737,7,22,716,17.0,592,49.0,12.0,903.0,122.0,2421.0,1.0,646.0,3189.0,88.0,2.0,1204.0,1895.0,3189.0,852.0,276.0,-59.0,-78.0,138.0,51.433536055603824,0.7819287576020852,23.27959103421156,0.0003932363350373,106.57142857142856,0.3609281906553778,217.0,59.0,49.0,25.43,12.0,1.0,276.0,,0,0,0,391.0,241741.48,242045.98,24.1,14.39,17.67,0.21,0.08976531458316545,Info Edge (India) Ltd,Communication Services,Internet & Platforms,Large Cap,48.23,Discount,0,Avoid
920,NAUKRI,2020,1312,1662,-350.0,-27.0,286,14,48,-126,95.0,-246,-19.0,-31.0,904.0,122.0,2073.0,77.0,621.0,2893.0,242.0,0.0,1133.0,1518.0,2893.0,853.0,350.0,97.0,-143.0,304.0,-18.75,-26.67682926829269,-11.20728929384966,0.0350797266514806,-4.571428571428571,0.4535084687175942,447.0,97.0,-19.0,21.95,-31.0,77.0,350.0,,0,0,0,392.0,322764.36,393106.28,26.32,6.43,35.18,1.61,0.13849112708726577,Info Edge (India) Ltd,Communication Services,Internet & Platforms,Large Cap,48.23,Discount,0,Avoid
921,NAUKRI,2021,1128,1054,74.0,7.0,1584,11,45,1602,12.0,1418,110.0,7.0,905.0,129.0,5267.0,65.0,831.0,6292.0,134.0,0.0,2324.0,3834.0,6292.0,854.0,276.0,-2043.0,1880.0,113.0,125.70921985815602,6.560283687943262,26.278724981467757,0.0120459599703484,150.72727272727272,0.1792752701843611,-1767.0,2043.0,110.0,53.96,7.0,65.0,276.0,,0,0,0,393.0,365918.61,407612.38,36.89,9.77,21.57,0.1,-0.4828942698486967,Info Edge (India) Ltd,Communication Services,Internet & Platforms,Large Cap,48.23,Fair,0,Avoid
922,NAUKRI,2022,1589,1143,446.0,28.0,13810,11,73,14200,9.0,12882,991.0,1.0,906.0,129.0,17113.0,64.0,3177.0,20483.0,1033.0,0.0,15614.0,3836.0,20483.0,855.0,707.0,-1177.0,35.0,-435.0,810.6985525487728,28.06796727501573,74.71291033522793,0.0037118663728105,1296.0,0.0775765268759459,-470.0,1177.0,991.0,172.42,1.0,64.0,707.0,,0,0,0,394.0,460029.78,434848.82,41.41,8.91,29.69,1.85,-0.10216729882139368,Info Edge (India) Ltd,Communication Services,Internet & Platforms,Large Cap,48.23,Fair,0,Avoid
923,NAUKRI,2023,2346,1997,348.0,15.0,-116,18,73,141,99.0,-70,-8.0,-228.0,907.0,129.0,13269.0,108.0,3153.0,16658.0,801.0,4.0,12403.0,3450.0,16658.0,856.0,512.0,-358.0,2.0,156.0,-2.9838022165387894,14.83375959079284,-0.522466039707419,0.0080609046126287,12.88888888888889,0.1408332332813062,154.0,358.0,-8.0,133.98,-228.0,108.0,512.0,,0,0,0,395.0,560212.42,533624.76,55.05,12.48,36.13,2.61,0.027489572616044466,Info Edge (India) Ltd,Communication Services,Internet & Platforms,Large Cap,48.23,Fair,0,Avoid
924,NAUKRI,2024,2536,1825,711.0,28.0,303,35,101,878,32.0,595,44.0,49.0,908.0,129.0,30133.0,246.0,5581.0,36089.0,810.0,0.0,31203.0,4077.0,36089.0,857.0,702.0,-852.0,120.0,-29.0,23.46214511041009,28.036277602523658,1.9661621835965897,0.008129006675038,28.97142857142857,0.0702707196098534,-150.0,852.0,44.0,302.62,49.0,246.0,702.0,15.92,0,0,0,396.0,563824.44,544283.76,32.88,8.33,11.87,4.29,-0.026604025891463663,Info Edge (India) Ltd,Communication Services,Internet & Platforms,Large Cap,48.23,Discount,20,Avoid
932,NESTLEIND,2019,12369,9443,2926.0,24.0,247,129,370,2673,26.0,1968,20.0,168.0,890.0,96.0,1822.0,189.0,5065.0,7173.0,2341.0,143.0,1751.0,2937.0,7173.0,864.0,2295.0,83.0,-3602.0,-1223.0,15.910744603444094,23.655913978494624,102.60688216892598,0.0985401459854014,24.5968992248062,1.7243831033040569,2378.0,83.0,20.0,19.18,168.0,189.0,2295.0,,0,0,0,397.0,1166468.62,1312026.08,64.83,4.06,23.34,1.83,0.20386317807674928,Nestle India Ltd,Consumer Staples,Food Products,Large Cap,37.735,Caution,0,Avoid
933,NESTLEIND,2020,13350,10149,3202.0,24.0,146,164,370,2813,26.0,2082,22.0,93.0,891.0,96.0,1923.0,147.0,5733.0,7900.0,2179.0,639.0,1464.0,3618.0,7900.0,865.0,2454.0,-321.0,-1956.0,177.0,15.595505617977528,23.98501872659176,103.12035661218424,0.0728083209509658,20.414634146341463,1.6898734177215189,2133.0,321.0,22.0,20.19,93.0,147.0,2454.0,,0,0,0,398.0,1106130.85,1267509.76,79.55,5.8,24.33,1.48,0.19283432877764867,Nestle India Ltd,Consumer Staples,Food Products,Large Cap,37.735,Caution,0,Avoid
934,NESTLEIND,2021,14741,11178,3562.0,24.0,-112,202,391,2857,26.0,2118,22.0,91.0,892.0,96.0,1850.0,266.0,6021.0,8234.0,2995.0,246.0,774.0,4219.0,8234.0,866.0,2236.0,-1920.0,-2020.0,-1704.0,14.36808900345974,24.163896614883654,108.83864337101748,0.1366906474820144,17.07920792079208,1.790259897983969,316.0,1920.0,22.0,19.46,91.0,266.0,2236.0,,0,0,0,399.0,1425221.19,1775599.1,20.87,13.55,10.3,0.43,0.02217199703577239,Nestle India Ltd,Consumer Staples,Food Products,Large Cap,37.735,Discount,20,Avoid
935,NESTLEIND,2022,16897,13191,3706.0,22.0,107,155,403,3256,27.0,2391,25.0,89.0,893.0,96.0,2363.0,271.0,6249.0,8979.0,3044.0,358.0,778.0,4799.0,8979.0,867.0,2737.0,-392.0,-2123.0,223.0,14.150440906669823,21.932887494821564,97.2346482309882,0.1102074013826758,24.6,1.8818353936964027,2345.0,392.0,25.0,24.59,89.0,271.0,2737.0,,0,0,0,400.0,1676726.13,1767875.72,46.21,9.96,6.85,1.32,0.1398558749722592,Nestle India Ltd,Consumer Staples,Food Products,Large Cap,37.735,Fair,20,Avoid
936,NESTLEIND,2023,19126,14655,4471.0,23.0,116,119,429,4038,26.0,2999,31.0,56.0,894.0,96.0,2363.0,271.0,6249.0,8979.0,3044.0,358.0,778.0,4799.0,8979.0,868.0,3392.0,-927.0,-2436.0,29.0,15.680225870542715,23.37655547422357,121.96014640097602,0.1102074013826758,38.54621848739496,2.130081300813008,2465.0,927.0,31.0,24.59,56.0,271.0,3392.0,,0,0,0,401.0,1811624.04,1823644.1,11.53,1.76,33.06,4.1,0.13606575898606424,Nestle India Ltd,Consumer Staples,Food Products,Large Cap,37.735,Discount,20,Avoid
937,NESTLEIND,2024,24394,18581,5813.0,24.0,159,145,538,5289,26.0,3933,41.0,79.0,895.0,96.0,3244.0,345.0,6838.0,10523.0,3460.0,1742.0,464.0,4857.0,10523.0,869.0,4175.0,-1237.0,-3135.0,-198.0,16.12281708616873,23.829630236943512,117.75449101796409,0.1032934131736526,41.18620689655173,2.318160220469448,2938.0,1237.0,41.0,33.4,79.0,345.0,4175.0,4.41,0,0,0,402.0,1677775.19,1677279.88,54.96,14.34,15.49,3.85,0.17511285287273798,Nestle India Ltd,Consumer Staples,Food Products,Large Cap,37.735,Fair,0,Avoid
945,NHPC,2019,8983,4002,4981.0,55.0,1733,896,1658,4159,32.0,2836,3.0,56.0,877.0,10045.0,20753.0,19066.0,16870.0,66734.0,24977.0,15037.0,1283.0,25437.0,66734.0,876.0,3824.0,-1182.0,-2637.0,5.0,31.57074474006457,55.449181787821445,9.208390155204883,0.6190661731281252,7.493303571428571,0.1346090448646866,2642.0,1182.0,3.0,307.98,56.0,19066.0,3824.0,,0,0,0,403.0,1011493.79,965474.33,78.1,6.89,38.35,2.06,0.26119784680042374,"NHPC Ltd
",Energy,Power & Utilities,Large Cap,41.495,Caution,0,Avoid
946,NHPC,2020,10008,4562,5446.0,54.0,311,877,1614,3266,-2.0,3345,3.0,52.0,878.0,10045.0,21336.0,23226.0,16669.0,71277.0,24402.0,17180.0,1398.0,28297.0,71277.0,877.0,2993.0,-2987.0,12.0,17.0,33.42326139088729,54.416466826538766,10.659316146712978,0.7401293776488959,6.56442417331813,0.1404099499137169,6.0,2987.0,3.0,313.81,52.0,23226.0,2993.0,,0,0,0,404.0,1127857.12,1378139.89,60.03,9.48,19.59,3.57,0.0005319822780389061,"NHPC Ltd
",Energy,Power & Utilities,Large Cap,41.495,Fair,0,Avoid
947,NHPC,2021,9648,4371,5277.0,55.0,1087,577,1292,4495,20.0,3600,3.0,49.0,879.0,10045.0,23008.0,23365.0,16717.0,73136.0,21993.0,19167.0,1842.0,30133.0,73136.0,878.0,5070.0,-1607.0,-3058.0,405.0,37.3134328358209,54.69527363184079,10.891598342056696,0.7068949868393186,11.02946273830156,0.1319186173703784,3463.0,1607.0,3.0,330.53,49.0,23365.0,5070.0,,0,0,0,405.0,1493411.59,1349931.11,50.32,13.06,27.86,3.6,0.23188516971399692,"NHPC Ltd
",Energy,Power & Utilities,Large Cap,41.495,Fair,0,Avoid
948,NHPC,2022,9144,5131,4013.0,44.0,981,586,1190,3217,-17.0,3774,4.0,52.0,880.0,10045.0,24876.0,26096.0,16271.0,77288.0,21825.0,22522.0,2386.0,30554.0,77288.0,879.0,4590.0,-3084.0,-638.0,867.0,41.27296587926509,43.88670166229222,10.807250651470463,0.7472867329114287,8.522184300341298,0.1183107338784804,1506.0,3084.0,4.0,349.21,52.0,26096.0,4590.0,,0,0,0,406.0,1937747.16,2326033.72,59.63,14.49,35.23,3.67,0.07771911790597077,"NHPC Ltd
",Energy,Power & Utilities,Large Cap,41.495,Fair,0,Avoid
949,NHPC,2023,10607,4423,6184.0,58.0,743,475,1215,5237,19.0,4261,4.0,48.0,881.0,10045.0,26916.0,29540.0,19710.0,86211.0,22137.0,31357.0,499.0,32218.0,86211.0,880.0,4705.0,-4191.0,-795.0,-281.0,40.17158480248892,58.30112190063166,11.5283677389681,0.7992208003030221,14.583157894736845,0.1230353435176485,514.0,4191.0,4.0,369.61,48.0,29540.0,4705.0,,0,0,0,407.0,1730799.02,1723204.19,48.09,10.79,15.61,0.42,0.02969726664162313,"NHPC Ltd
",Energy,Power & Utilities,Large Cap,41.495,Fair,0,Avoid
950,NHPC,2024,9632,4825,4807.0,50.0,2029,608,1184,5043,20.0,4028,4.0,53.0,882.0,10045.0,28657.0,32561.0,22034.0,93297.0,21474.0,39831.0,479.0,31513.0,93297.0,881.0,6938.0,-5968.0,-581.0,388.0,41.81893687707641,49.90656146179402,10.40773086662188,0.8413260296625498,11.24342105263158,0.1032401899310803,970.0,5968.0,4.0,387.02,53.0,32561.0,6938.0,3.98,0,0,0,408.0,1740404.25,2103124.81,71.17,13.74,18.26,1.68,0.05573417784977254,"NHPC Ltd
",Energy,Power & Utilities,Large Cap,41.495,Caution,0,Avoid
958,NTPC,2019,100287,77576,22710.0,23.0,2818,5605,8669,11255,-25.0,14034,14.0,44.0,864.0,9895.0,101462.0,173058.0,62509.0,346923.0,150985.0,118397.0,8132.0,69409.0,346923.0,888.0,18686.0,-24063.0,4927.0,-451.0,13.993837685841632,22.645008824673187,12.602710202322262,1.5540828147310004,4.554504906333631,0.2890756738526993,-5377.0,24063.0,14.0,1113.57,44.0,173058.0,18686.0,,0,0,0,409.0,636264.32,742188.74,33.8,0.79,20.37,1.01,-0.8450890346955178,NTPC Ltd,Energy,Power & Utilities,Large Cap,41.495,Fair,20,Avoid
959,NTPC,2020,109464,77878,31586.0,29.0,8209,8189,10356,21250,44.0,11902,12.0,27.0,865.0,9895.0,108945.0,202984.0,55746.0,377569.0,187803.0,98508.0,9307.0,81951.0,377569.0,889.0,23890.0,-29628.0,6004.0,266.0,10.872981071402467,28.85514872469488,10.015146415348369,1.708044429485022,4.859567712785444,0.2899178693166017,-5738.0,29628.0,12.0,1188.4,27.0,202984.0,23890.0,,0,0,0,410.0,549989.15,598573.64,22.83,7.06,14.72,2.72,-1.0432933086043605,NTPC Ltd,Energy,Power & Utilities,Large Cap,41.495,Discount,20,Avoid
960,NTPC,2021,111531,77487,34044.0,31.0,5021,9224,12450,17390,14.0,14969,15.0,41.0,866.0,9697.0,116042.0,210208.0,62075.0,398022.0,203245.0,97506.0,10589.0,86681.0,398022.0,890.0,32444.0,-21034.0,-11049.0,360.0,13.421380602702389,30.524248863544667,11.90481871177598,1.671780434073756,4.235147441457069,0.2802131540467612,11410.0,21034.0,15.0,1257.39,41.0,210208.0,32444.0,,0,0,0,411.0,739976.68,827954.56,54.58,13.83,18.09,0.75,1.5419404838541668,NTPC Ltd,Energy,Power & Utilities,Large Cap,41.495,Fair,0,Avoid
961,NTPC,2022,132669,92307,40362.0,30.0,4809,9376,13788,22007,23.0,16960,17.0,41.0,867.0,9697.0,125677.0,210707.0,69751.0,415831.0,224923.0,91126.0,10626.0,89156.0,415831.0,891.0,41788.0,-22891.0,-19172.0,-274.0,12.7836947591374,30.42308301110282,12.528255056362376,1.5564805649533884,4.817726109215017,0.3190454776098944,18897.0,22891.0,17.0,1353.74,41.0,210707.0,41788.0,,0,0,0,412.0,733611.88,778448.75,54.44,0.57,34.87,0.34,2.5758852214879617,NTPC Ltd,Energy,Power & Utilities,Large Cap,41.495,Fair,20,Avoid
962,NTPC,2023,176207,128611,47596.0,27.0,2561,11447,14792,23917,28.0,17121,17.0,42.0,868.0,9697.0,137326.0,222913.0,77253.0,447189.0,240424.0,89179.0,13935.0,103651.0,447189.0,892.0,47152.0,-26145.0,-21217.0,-210.0,9.716413082340656,27.01141271345633,11.645116750440408,1.5161777408976826,4.381672053813226,0.3940325007994382,21007.0,26145.0,17.0,1470.23,42.0,222913.0,47152.0,,0,0,0,413.0,953935.75,1220821.99,79.29,12.24,9.96,3.18,2.202139923993833,NTPC Ltd,Energy,Power & Utilities,Large Cap,41.495,Caution,20,Avoid
963,NTPC,2024,178501,127045,51456.0,29.0,5190,12301,16204,28142,24.0,21332,21.0,36.0,869.0,9697.0,151013.0,237131.0,81437.0,479278.0,258934.0,87664.0,15885.0,116795.0,479278.0,893.0,40785.0,-32141.0,-8246.0,398.0,11.950633329785267,28.82672926202094,13.273598407068633,1.475521125007778,4.604991464108609,0.3724372910920175,8644.0,32141.0,21.0,1607.1,36.0,237131.0,40785.0,4.25,0,0,0,414.0,907823.11,1142814.16,30.8,5.24,37.12,0.06,0.9521678733206076,NTPC Ltd,Energy,Power & Utilities,Large Cap,41.495,Fair,0,Avoid
971,ONGC,2019,421624,346805,74819.0,18.0,9567,5837,23704,54846,38.0,33938,24.0,29.0,851.0,6290.0,210644.0,107742.0,167667.0,492343.0,230391.0,69056.0,66909.0,125987.0,492343.0,900.0,61458.0,-37132.0,-23324.0,1001.0,8.049352029296244,17.745431948845418,15.64438953783178,0.4966579697050716,14.457084118554052,0.8563623327639471,24326.0,37132.0,24.0,2169.34,29.0,107742.0,61458.0,,0,0,0,415.0,312963.15,369386.85,54.62,10.21,35.8,0.54,7.772800088444917,Oil & Natural Gas Corpn Ltd,Energy,Oil & Gas Exploration,Large Cap,41.495,Fair,20,Avoid
972,ONGC,2020,396728,344623,52105.0,13.0,982,7489,26635,18962,40.0,11456,9.0,58.0,852.0,6290.0,198814.0,129473.0,173787.0,508364.0,243892.0,83832.0,56755.0,123884.0,508364.0,901.0,70593.0,-53159.0,-16726.0,708.0,2.8876207376338447,13.13368353128592,5.585459084171932,0.6312553631328497,7.088663372946989,0.7804014446341597,17434.0,53159.0,9.0,2051.04,58.0,129473.0,70593.0,,0,0,0,416.0,347727.36,413862.0,53.8,7.0,5.6,0.27,5.013698088065317,Oil & Natural Gas Corpn Ltd,Energy,Oil & Gas Exploration,Large Cap,41.495,Fair,40,Hold
973,ONGC,2021,303849,254375,49473.0,16.0,11271,5079,25538,30126,29.0,21360,13.0,28.0,853.0,6290.0,214691.0,133187.0,187580.0,541748.0,243746.0,100309.0,60320.0,137372.0,541748.0,902.0,47185.0,-39141.0,-8239.0,-195.0,7.029807568891126,16.28210064867747,9.665989383702671,0.6027079251157339,11.959834613112818,0.5608677835451169,8044.0,39141.0,13.0,2209.81,28.0,133187.0,47185.0,,0,0,0,417.0,316247.83,328041.06,16.47,6.68,11.25,3.51,2.54357476539839,Oil & Natural Gas Corpn Ltd,Energy,Oil & Gas Exploration,Large Cap,41.495,Discount,20,Avoid
974,ONGC,2022,491246,411373,79874.0,16.0,6797,5696,26883,54091,9.0,49294,36.0,29.0,854.0,6290.0,253213.0,121986.0,201771.0,583260.0,254402.0,106719.0,66642.0,155496.0,583260.0,903.0,78248.0,-41197.0,-35790.0,1261.0,10.03448374134344,16.259470815029538,18.995541477362497,0.4700754904567577,15.216116573033707,0.8422418818365738,37051.0,41197.0,36.0,2595.03,29.0,121986.0,78248.0,,0,0,0,418.0,406613.69,429326.73,44.82,14.33,23.74,4.48,9.11208867561739,Oil & Natural Gas Corpn Ltd,Energy,Oil & Gas Exploration,Large Cap,41.495,Fair,20,Avoid
975,ONGC,2023,632291,556764,75527.0,12.0,-30,7889,24557,43051,24.0,32778,28.0,40.0,855.0,6290.0,274357.0,142255.0,190212.0,613115.0,250819.0,113945.0,78873.0,169478.0,613115.0,904.0,86062.0,-74690.0,-12876.0,-1504.0,5.184005465837723,11.944974703103476,11.679440720905625,0.5068823112308345,9.569907466092026,1.0312763510923726,11372.0,74690.0,28.0,2806.47,40.0,142255.0,86062.0,,0,0,0,419.0,374517.84,466233.73,43.8,0.83,39.03,4.34,3.0364374631659734,Oil & Natural Gas Corpn Ltd,Energy,Oil & Gas Exploration,Large Cap,41.495,Fair,40,Hold
976,ONGC,2024,591396,488561,102835.0,17.0,12982,10194,28763,76860,26.0,57101,39.0,31.0,856.0,6290.0,330780.0,153181.0,219523.0,709774.0,298454.0,116022.0,102207.0,193091.0,709774.0,905.0,99263.0,-57203.0,-45650.0,-3591.0,9.6552901947257,17.388518015001793,16.940398136885513,0.4544486308481917,11.361290955463998,0.8332173339682772,42060.0,57203.0,39.0,3370.7,31.0,153181.0,99263.0,14.78,0,0,0,420.0,390111.05,499988.49,18.15,10.36,11.72,1.11,10.781545408672736,Oil & Natural Gas Corpn Ltd,Energy,Oil & Gas Exploration,Large Cap,41.495,Discount,40,Hold
984,PFC,2019,54106,1696,17783.0,33.0,94,34627,15,17862,29.0,12640,30.0,0.0,1055.0,2640.0,44481.0,539488.0,42260.0,628869.0,196.0,199.0,4604.0,623871.0,628869.0,912.0,-80252.0,-13463.0,93616.0,-98.0,23.3615495508816,32.866964846782246,26.824558052672906,11.448993017975,0.5162734282496317,0.0860369965763934,-93715.0,13463.0,30.0,471.21,0.0,539488.0,-80252.0,,0,0,0,421.0,1215368.18,1097296.38,37.83,3.81,28.92,0.88,-7.710832120024732,Power Finance Corporation Ltd,Financials,Speciality Finance,Large Cap,43.585,Fair,0,Avoid
985,PFC,2020,62189,7332,14012.0,23.0,105,40845,24,14093,33.0,9477,22.0,35.0,1056.0,2640.0,46760.0,596561.0,48560.0,694521.0,238.0,288.0,4404.0,689590.0,694521.0,913.0,-42148.0,-73.0,43399.0,1179.0,15.23902941034588,22.53131582755793,19.18421052631579,12.076133603238866,0.3456236993512058,0.0895422888580762,-42221.0,73.0,22.0,494.0,35.0,596561.0,-42148.0,,0,0,0,422.0,1544887.02,1555449.73,36.3,4.82,27.54,0.46,-2.7329506593951445,Power Finance Corporation Ltd,Financials,Speciality Finance,Large Cap,43.585,Fair,0,Avoid
986,PFC,2021,71656,7102,19871.0,28.0,46,44684,25,19891,21.0,15716,36.0,22.0,1057.0,2640.0,58127.0,659682.0,55257.0,775707.0,341.0,336.0,3499.0,771530.0,775707.0,914.0,-59143.0,1741.0,60424.0,3023.0,21.932566707602994,27.73110416434073,25.86272154294272,10.855925090921058,0.4457300152179751,0.0923750849225287,-57402.0,1741.0,36.0,607.67,22.0,659682.0,-59143.0,,0,0,0,423.0,1682458.73,1739295.43,71.66,1.56,34.04,0.75,-3.4117924544871303,Power Finance Corporation Ltd,Financials,Speciality Finance,Large Cap,43.585,Caution,20,Avoid
987,PFC,2022,76262,8215,23338.0,31.0,79,44709,35,23382,20.0,18768,42.0,23.0,1058.0,2640.0,69036.0,660476.0,58848.0,791000.0,719.0,53.0,3774.0,786454.0,791000.0,915.0,4904.0,-547.0,-8371.0,-4014.0,24.60989745876059,30.602396999816424,26.18449690272895,9.214744126346336,0.523764790087007,0.0964121365360303,4357.0,547.0,42.0,716.76,23.0,660476.0,4904.0,,0,0,0,424.0,1504604.05,1475909.96,15.39,8.05,39.59,0.15,0.2895778460785081,Power Finance Corporation Ltd,Financials,Speciality Finance,Large Cap,43.585,Discount,0,Avoid
988,PFC,2023,77684,4167,26501.0,34.0,47,47017,52,26496,20.0,21179,48.0,22.0,1059.0,2640.0,81518.0,751158.0,60796.0,896112.0,782.0,22.0,5973.0,889334.0,896112.0,916.0,-74717.0,-1694.0,75537.0,-874.0,27.263014262911284,34.11384583698059,25.165759642577058,8.925568573397657,0.564646829870047,0.0866900566000678,-76411.0,1694.0,48.0,841.58,22.0,751158.0,-74717.0,,0,0,0,425.0,1625821.23,1714311.64,32.45,5.31,36.33,0.09,-4.699840215519882,Power Finance Corporation Ltd,Financials,Speciality Finance,Large Cap,43.585,Fair,0,Avoid
989,PFC,2024,91508,-27,33573.0,37.0,69,57962,53,33588,21.0,26461,60.0,23.0,1060.0,3300.0,97847.0,861961.0,75770.0,1038877.0,764.0,39.0,10971.0,1027102.0,1038877.0,917.0,-97820.0,-3409.0,101261.0,32.0,28.916597455960137,36.68859553263103,26.1609340860332,8.521864217426122,0.5804147544943239,0.0880835748601615,-101229.0,3409.0,60.0,1011.47,23.0,861961.0,-97820.0,22.94,0,0,0,426.0,2011885.81,2014246.29,35.6,6.59,15.67,0.42,-5.031547988302576,Power Finance Corporation Ltd,Financials,Speciality Finance,Large Cap,43.585,Fair,0,Avoid
997,PIDILITIND,2019,7078,5707,1371.0,19.0,130,26,133,1342,31.0,928,18.0,36.0,1068.0,51.0,4097.0,113.0,1643.0,5904.0,1448.0,242.0,1548.0,2666.0,5904.0,924.0,845.0,-513.0,-361.0,-29.0,13.111048318734106,19.36987849675049,22.372227579556416,0.027242044358727,57.73076923076923,1.1988482384823849,332.0,513.0,18.0,41.48,36.0,113.0,845.0,,0,0,0,427.0,175760.23,215960.74,17.69,11.27,15.11,3.98,0.18889369910360265,Pidilite Industries Ltd,Materials,Specialty Chemicals,Large Cap,40.61,Discount,0,Avoid
998,PIDILITIND,2020,7294,5718,1576.0,22.0,97,34,170,1470,24.0,1122,22.0,32.0,1069.0,51.0,4405.0,288.0,1779.0,6523.0,1807.0,259.0,1186.0,3270.0,6523.0,925.0,1280.0,103.0,-849.0,533.0,15.382506169454349,21.606800109679188,25.17953321364452,0.0646319569120287,49.20588235294117,1.11819714855128,1383.0,103.0,22.0,44.56,32.0,288.0,1280.0,,0,0,0,428.0,187037.75,181181.47,78.98,3.06,24.87,2.56,0.7394229239819234,Pidilite Industries Ltd,Materials,Specialty Chemicals,Large Cap,40.61,Caution,0,Avoid
999,PIDILITIND,2021,7293,5606,1686.0,23.0,74,37,201,1522,26.0,1126,22.0,38.0,1070.0,51.0,5542.0,331.0,2890.0,8814.0,4418.0,294.0,516.0,3586.0,8814.0,926.0,1392.0,-1688.0,-76.0,-372.0,15.439462498286026,23.118058412176055,20.13230824244592,0.0591811192562131,47.567567567567565,0.827433628318584,-296.0,1688.0,22.0,55.93,38.0,331.0,1392.0,,0,0,0,429.0,193847.18,248239.82,68.76,12.53,39.1,2.06,-0.15269760437061813,Pidilite Industries Ltd,Materials,Specialty Chemicals,Large Cap,40.61,Caution,0,Avoid
1000,PIDILITIND,2022,9921,8065,1856.0,19.0,39,42,240,1614,25.0,1207,24.0,42.0,1071.0,51.0,6353.0,416.0,2675.0,9494.0,4703.0,225.0,459.0,4107.0,9494.0,927.0,955.0,-558.0,-468.0,-71.0,12.166112287067836,18.70779155327084,18.847595252966894,0.0649594003747657,45.11904761904762,1.044975774173162,397.0,558.0,24.0,64.04,42.0,416.0,955.0,,0,0,0,430.0,174189.7,210104.54,35.42,3.26,21.91,4.17,0.2279124425841482,Pidilite Industries Ltd,Materials,Specialty Chemicals,Large Cap,40.61,Fair,0,Avoid
1001,PIDILITIND,2023,11799,9813,1986.0,17.0,55,48,270,1723,25.0,1289,25.0,44.0,1072.0,51.0,7161.0,391.0,2902.0,10505.0,4914.0,406.0,881.0,4304.0,10505.0,928.0,1558.0,-899.0,-656.0,2.0,10.924654631748451,16.831934909738113,17.872989462007766,0.0542151968940654,42.520833333333336,1.1231794383626843,659.0,899.0,25.0,72.12,44.0,391.0,1558.0,,0,0,0,431.0,162985.56,202017.26,38.11,2.48,34.69,4.36,0.40433029772698886,Pidilite Industries Ltd,Materials,Specialty Chemicals,Large Cap,40.61,Fair,20,Avoid
1002,PIDILITIND,2024,12383,9675,2708.0,22.0,63,51,341,2379,27.0,1747,34.0,47.0,1073.0,51.0,8356.0,382.0,3286.0,12076.0,5451.0,148.0,2235.0,4242.0,12076.0,929.0,2724.0,-1769.0,-742.0,212.0,14.108051360736493,21.868690947266412,20.780302129178065,0.0454383252051861,54.333333333333336,1.0254223252732693,955.0,1769.0,34.0,84.07,47.0,382.0,2724.0,10.57,0,0,0,432.0,162274.18,165749.2,36.12,12.3,5.36,1.01,0.588510137595519,Pidilite Industries Ltd,Materials,Specialty Chemicals,Large Cap,40.61,Fair,20,Avoid
1010,PNB,2019,52147,39645,,,7367,34656,584,-15370,-35.0,-9550,-21.0,0.0,1081.0,167.0,7268.0,71859.0,4456.0,83750.0,102.0,5.0,4457.0,79185.0,83750.0,936.0,-33532.0,-629.0,13969.0,-20192.0,-18.31361343893225,,-128.4465366509751,9.664963012777404,,0.6226507462686567,-34161.0,629.0,-21.0,74.35,0.0,71859.0,-33532.0,,0,0,0,433.0,1116326.04,1152180.48,70.8,13.8,38.18,1.23,-3.0601274874856452,Punjab National Bank,Financials,Public Sector Banks,Large Cap,43.585,Caution,0,Avoid
1011,PNB,2020,54918,25867,,,9388,36997,614,827,56.0,485,1.0,0.0,1082.0,168.0,7779.0,67736.0,3191.0,78874.0,250.0,4.0,2048.0,76572.0,78874.0,937.0,-12793.0,-338.0,13591.0,460.0,0.883134855602899,,6.1029319239964765,8.523467975336604,,0.6962750716332379,-13131.0,338.0,1.0,79.47,0.0,67736.0,-12793.0,,0,0,0,434.0,1458207.93,1742246.74,19.1,9.35,5.92,3.19,-0.9004888623805524,Punjab National Bank,Financials,Public Sector Banks,Large Cap,43.585,Discount,20,Avoid
1012,PNB,2021,81935,38601,,,12777,50805,982,4325,38.0,2695,2.0,0.0,1083.0,168.0,8699.0,59394.0,3072.0,71333.0,181.0,2.0,2033.0,69117.0,71333.0,938.0,30950.0,-787.0,5415.0,35579.0,3.289192652712516,,30.393594225780983,6.69831961204466,,1.1486268627423493,30163.0,787.0,2.0,88.67,0.0,59394.0,30950.0,,0,0,0,435.0,1774323.73,2157108.17,20.42,9.61,11.26,4.26,1.6999716280636117,Punjab National Bank,Financials,Public Sector Banks,Large Cap,43.585,Discount,20,Avoid
1013,PNB,2022,76242,36026,,,12329,46823,896,4826,19.0,3908,4.0,18.0,1084.0,169.0,9632.0,52961.0,2888.0,65649.0,150.0,4.0,3472.0,62024.0,65649.0,939.0,20032.0,-1204.0,2032.0,20859.0,5.125783688780462,,39.87348229772472,5.403632282420161,,1.161358131883197,18828.0,1204.0,4.0,98.01,18.0,52961.0,20032.0,,0,0,0,436.0,2107018.91,1976658.37,21.47,10.12,21.68,3.31,0.8935847661661469,Punjab National Bank,Financials,Public Sector Banks,Large Cap,43.585,Discount,0,Avoid
1014,PNB,2023,86845,41502,,,12529,51817,905,5151,35.0,3359,3.0,21.0,1085.0,169.0,10784.0,53621.0,2231.0,66805.0,146.0,3.0,3188.0,63468.0,66805.0,940.0,22592.0,-732.0,1275.0,23135.0,3.8678104669238302,,30.667397060166163,4.895553729571807,,1.299977546590824,21860.0,732.0,3.0,109.53,21.0,53621.0,22592.0,,0,0,0,437.0,2086779.73,2427273.35,20.74,8.38,38.52,2.83,1.0475470738830686,Punjab National Bank,Financials,Public Sector Banks,Large Cap,43.585,Discount,0,Avoid
1015,PNB,2024,109065,39623,,,14158,68534,906,14160,35.0,9157,8.0,18.0,1086.0,260.0,14673.0,55017.0,2422.0,72371.0,206.0,15.0,4345.0,67804.0,72371.0,941.0,-27939.0,-1506.0,3518.0,-25928.0,8.395910695456838,,61.320565191187306,3.684256345007701,,1.5070262950629396,-29445.0,1506.0,8.0,149.33,18.0,55017.0,-27939.0,2.5,0,0,0,438.0,1825925.6,2365495.49,19.29,10.91,23.64,1.32,-1.6126067787208855,Punjab National Bank,Financials,Public Sector Banks,Large Cap,43.585,Discount,0,Avoid
1023,POWERGRID,2019,35059,8140,26920.0,77.0,1505,8737,10541,9147,-10.0,10034,11.0,43.0,1141.0,5232.0,53857.0,146376.0,41916.0,247380.0,172740.0,37631.0,1296.0,35713.0,247380.0,948.0,23271.0,-18727.0,-2431.0,2113.0,28.62032573661542,76.78484839841411,16.981164006837144,2.477212340706392,3.253405058944718,0.1417212385803217,4544.0,18727.0,11.0,590.89,43.0,146376.0,23271.0,,0,0,0,439.0,253564.15,315271.49,70.85,7.24,8.63,3.98,1.7920514394483604,Power Grid Corporation of India Ltd,Energy,Power Transmission,Large Cap,41.495,Caution,20,Avoid
1024,POWERGRID,2020,37744,4858,32886.0,87.0,2820,9509,11607,14590,24.0,11059,12.0,47.0,1142.0,5232.0,59464.0,148270.0,43706.0,256671.0,181112.0,35177.0,1431.0,38951.0,256671.0,949.0,30739.0,-10733.0,-18806.0,1199.0,29.300021195421788,87.12908011869436,17.0937925064919,2.2917954742178805,3.75496897675886,0.147052062757382,20006.0,10733.0,12.0,646.96,47.0,148270.0,30739.0,,0,0,0,440.0,277274.49,298210.09,37.33,5.79,23.41,2.72,7.215232818569064,Power Grid Corporation of India Ltd,Energy,Power Transmission,Large Cap,41.495,Fair,20,Avoid
1025,POWERGRID,2021,39640,4734,34906.0,88.0,769,8135,12039,15501,22.0,12036,13.0,52.0,1143.0,5232.0,64704.0,143232.0,42539.0,255708.0,183726.0,24838.0,1486.0,45659.0,255708.0,950.0,29403.0,-9244.0,-20521.0,-362.0,30.363269424823407,88.05751765893038,17.210020590253947,2.0480439258750858,4.385371850030731,0.1550205703380418,20159.0,9244.0,13.0,699.36,52.0,143232.0,29403.0,,0,0,0,441.0,300348.19,378036.04,30.87,8.89,15.5,3.39,6.711876638910326,Power Grid Corporation of India Ltd,Energy,Power Transmission,Large Cap,41.495,Fair,20,Avoid
1026,POWERGRID,2022,41622,5796,35826.0,86.0,4692,8036,12872,19610,14.0,16824,18.0,61.0,1144.0,6975.0,69272.0,134696.0,40008.0,250950.0,191773.0,12854.0,3788.0,42536.0,250950.0,951.0,26124.0,753.0,-28967.0,-2091.0,40.42093123828744,86.07467204843591,22.06513043136124,1.7665744226002336,5.042060726729717,0.165857740585774,26877.0,753.0,18.0,762.47,61.0,134696.0,26124.0,,0,0,0,442.0,270631.91,263995.91,65.69,3.16,26.9,4.37,9.931201387153497,Power Grid Corporation of India Ltd,Energy,Power Transmission,Large Cap,41.495,Caution,20,Avoid
1027,POWERGRID,2023,45603,6028,39576.0,87.0,1093,9634,13333,17702,13.0,15420,17.0,67.0,1145.0,6975.0,76051.0,128584.0,40615.0,252225.0,185437.0,13772.0,3489.0,49527.0,252225.0,952.0,40203.0,-7138.0,-30450.0,2615.0,33.81356489704624,86.78376422603776,18.57249536289837,1.5487196781731023,4.22140336308906,0.1808028545941124,33065.0,7138.0,17.0,830.26,67.0,128584.0,40203.0,,0,0,0,443.0,300792.57,293260.29,31.09,12.44,17.31,3.26,10.992625250018643,Power Grid Corporation of India Ltd,Energy,Power Transmission,Large Cap,41.495,Fair,20,Avoid
1028,POWERGRID,2024,45843,6017,39826.0,87.0,556,8773,13095,18514,16.0,15573,17.0,67.0,1146.0,9301.0,77845.0,123516.0,40168.0,250829.0,177761.0,18197.0,4163.0,50708.0,250829.0,953.0,37290.0,-13114.0,-25903.0,-1728.0,33.97028990249329,86.87476823070044,17.870011245496066,1.4173456039290386,4.60298643565485,0.1827659481160471,24176.0,13114.0,17.0,871.46,67.0,123516.0,37290.0,18.02,0,0,0,444.0,372584.24,410018.95,64.39,5.1,23.07,3.09,6.488733930345523,Power Grid Corporation of India Ltd,Energy,Power Transmission,Large Cap,41.495,Caution,20,Avoid
1036,RECLTD,2019,25408,1702,23705.0,93.0,33,15639,8,8090,29.0,5741,22.0,38.0,1167.0,1975.0,32571.0,244249.0,19659.0,298454.0,165.0,199.0,2463.0,295627.0,298454.0,960.0,-35866.0,457.0,35543.0,134.0,22.59524559193955,93.29738664987406,16.618421814392402,7.0702541538817805,1.5178719866999169,0.0851320471496445,-35409.0,457.0,22.0,345.46,38.0,244249.0,-35866.0,,0,0,0,445.0,252889.41,293557.74,55.19,7.65,32.85,2.17,-14.00177255346517,REC Ltd,Financials,Speciality Finance,Large Cap,43.585,Fair,0,Avoid
1037,RECLTD,2020,29942,3981,25961.0,87.0,72,18991,12,7030,29.0,4972,19.0,44.0,1168.0,1975.0,33422.0,286289.0,25345.0,347030.0,166.0,288.0,2386.0,344190.0,347030.0,961.0,-32712.0,121.0,33926.0,1336.0,16.605437178545188,86.70429497027587,14.046388111986891,8.087945306099387,1.3708072244747511,0.0862807250093651,-32591.0,121.0,19.0,353.97,44.0,286289.0,-32712.0,,0,0,0,446.0,326394.54,389833.03,30.66,6.23,28.37,4.03,-9.985154776179774,REC Ltd,Financials,Speciality Finance,Large Cap,43.585,Fair,0,Avoid
1038,RECLTD,2021,35557,3292,32265.0,91.0,15,21489,11,10780,22.0,8378,32.0,30.0,1169.0,1975.0,41789.0,329723.0,27380.0,400867.0,267.0,336.0,1981.0,398282.0,400867.0,962.0,-43512.0,861.0,42113.0,-538.0,23.562167786933657,90.7416261214388,19.143588337446303,7.534114797550498,1.5021638978081808,0.0887002422249773,-42651.0,861.0,32.0,437.64,30.0,329723.0,-43512.0,,0,0,0,447.0,306600.13,339058.49,16.55,4.55,29.01,0.35,-13.91095300579292,REC Ltd,Financials,Speciality Finance,Large Cap,43.585,Discount,0,Avoid
1039,RECLTD,2022,39276,4838,34438.0,88.0,62,22051,18,12431,19.0,10036,38.0,30.0,1170.0,1975.0,49339.0,333043.0,26503.0,410860.0,628.0,6.0,2190.0,408035.0,410860.0,963.0,-819.0,-287.0,68.0,-1038.0,25.55250025460841,87.68204501476728,19.558015356432943,6.490295046186226,1.5645548954695931,0.095594606435282,-1106.0,287.0,38.0,513.14,30.0,333043.0,-819.0,,0,0,0,448.0,362149.73,456426.16,77.79,3.64,31.21,4.17,-0.3053985433041742,REC Ltd,Financials,Speciality Finance,Large Cap,43.585,Caution,0,Avoid
1040,RECLTD,2023,39486,1858,37628.0,95.0,28,23733,24,13898,20.0,11167,42.0,30.0,1171.0,2633.0,55487.0,380790.0,26592.0,465503.0,641.0,3.0,3170.0,461689.0,465503.0,964.0,-37360.0,-943.0,38123.0,-180.0,28.28090968951021,95.29453477181788,19.2136958017894,6.551789401238816,1.5866514979142965,0.084824372775256,-38303.0,943.0,42.0,581.2,30.0,380790.0,-37360.0,,0,0,0,449.0,324371.96,345653.82,74.2,3.44,37.68,2.37,-11.80835729450844,REC Ltd,Financials,Speciality Finance,Large Cap,43.585,Caution,0,Avoid
1041,RECLTD,2024,47517,-366,47883.0,101.0,48,29948,24,17960,21.0,14145,54.0,30.0,1172.0,2633.0,66717.0,445568.0,33273.0,548191.0,632.0,24.0,5352.0,542184.0,548191.0,965.0,-57723.0,-1831.0,59588.0,34.0,29.7682934528695,100.7702506471368,20.39653929343908,6.4249170872386445,1.6004741552023507,0.0866796426792851,-59554.0,1831.0,54.0,693.5,30.0,445568.0,-57723.0,10.69,0,0,0,450.0,291917.42,315256.49,31.49,4.59,23.95,2.18,-20.40097504287343,REC Ltd,Financials,Speciality Finance,Large Cap,43.585,Fair,0,Avoid
1049,RELIANCE,2019,568337,484087,84250.0,15.0,8406,16495,20934,55227,28.0,39837,29.0,10.0,1180.0,5926.0,381186.0,307714.0,302804.0,997630.0,398374.0,179463.0,235635.0,184158.0,997630.0,972.0,42346.0,-94507.0,55906.0,3745.0,7.00939759332931,14.823951282425742,10.290820227737708,0.7948965674016822,5.617217338587451,0.569687158565801,-52161.0,94507.0,29.0,3871.12,10.0,307714.0,42346.0,,0,0,0,451.0,648684.98,791997.19,42.66,12.4,33.86,1.43,-8.041037114810337,"Reliance Industries Ltd
",Energy,Conglomerates,Large Cap,41.495,Fair,0,Avoid
1050,RELIANCE,2020,596679,507413,89266.0,15.0,8570,22027,22203,53606,26.0,39880,29.0,10.0,1181.0,6339.0,442827.0,355133.0,358716.0,1163015.0,532658.0,109106.0,276767.0,244484.0,1163015.0,973.0,94877.0,-72497.0,-2541.0,19839.0,6.683660728800578,14.960472884080051,8.878677370949715,0.7906497820404929,4.441639805693013,0.5130449736245878,22380.0,72497.0,29.0,4491.66,10.0,355133.0,94877.0,,0,0,0,452.0,552791.93,699004.44,62.77,2.06,29.56,0.09,4.048539565329761,"Reliance Industries Ltd
",Energy,Conglomerates,Large Cap,41.495,Caution,40,Hold
1051,RELIANCE,2021,466307,385517,80790.0,17.0,22432,21189,26572,55461,3.0,53739,39.0,9.0,1182.0,6445.0,693727.0,278962.0,340931.0,1320065.0,541258.0,125953.0,364828.0,288026.0,1320065.0,974.0,26958.0,-142385.0,101904.0,-13523.0,11.524382005845936,17.32549586431257,7.675114114817502,0.398419245556806,4.871489924017179,0.3532454841238878,-115427.0,142385.0,39.0,7001.72,9.0,278962.0,26958.0,,0,0,0,453.0,477545.63,530232.91,14.91,14.48,36.28,2.92,-24.17088394254597,"Reliance Industries Ltd
",Energy,Conglomerates,Large Cap,41.495,Discount,0,Avoid
1052,RELIANCE,2022,694673,586092,108581.0,16.0,19600,14584,29782,83815,19.0,67845,45.0,9.0,1183.0,6765.0,772720.0,319158.0,399979.0,1498622.0,627798.0,172506.0,394264.0,304054.0,1498622.0,975.0,110654.0,-109162.0,17289.0,18781.0,9.76646566082171,15.630519683361811,8.703823678454365,0.4094472632571505,8.789152495885903,0.4635411731577409,1492.0,109162.0,45.0,7794.85,9.0,319158.0,110654.0,,0,0,0,454.0,421125.76,433731.78,34.76,7.47,10.91,2.6,0.35428846717902035,"Reliance Industries Ltd
",Energy,Conglomerates,Large Cap,41.495,Fair,20,Avoid
1053,RELIANCE,2023,876396,734078,142318.0,16.0,12020,19571,40303,94464,22.0,74088,49.0,9.0,1184.0,6766.0,709106.0,451664.0,438346.0,1605882.0,724805.0,293752.0,235560.0,351765.0,1605882.0,976.0,115032.0,-93001.0,10455.0,32486.0,8.45371270521545,16.239006111392566,10.349336194179966,0.6309284341334763,7.886055899034285,0.5457412188442239,22031.0,93001.0,49.0,7158.72,9.0,451664.0,115032.0,,0,0,0,455.0,449714.02,575147.7,75.41,8.7,27.55,0.62,4.898891077489646,"Reliance Industries Ltd
",Energy,Conglomerates,Large Cap,41.495,Caution,20,Avoid
1054,RELIANCE,2024,899041,736543,162498.0,18.0,16179,23118,50832,104727,25.0,79020,51.0,10.0,1185.0,6766.0,786715.0,458991.0,502576.0,1755048.0,779985.0,338855.0,225672.0,410536.0,1755048.0,977.0,158788.0,-113581.0,-16646.0,28561.0,8.789365557299389,18.07459281612296,9.958650553699458,0.5784524141094746,7.728912535686478,0.5122600635424216,45207.0,113581.0,51.0,7934.81,10.0,458991.0,158788.0,-0.26,0,0,0,456.0,432472.71,545039.37,58.34,3.25,24.96,4.21,10.453145124463461,"Reliance Industries Ltd
",Energy,Conglomerates,Large Cap,41.495,Fair,20,Avoid
1062,SBILIFE,2019,44604,43130,1474.0,3.0,266,8,92,1642,19.0,1327,13.0,15.0,1193.0,1000.0,6576.0,0.0,139157.0,146734.0,563.0,32.0,139325.0,6814.0,146734.0,984.0,13473.0,-13552.0,-241.0,-321.0,2.975069500493229,3.304636355483813,17.51583949313622,0.0,217.5,0.303978627993512,-79.0,13552.0,13.0,75.76,15.0,0.0,13473.0,,0,0,0,457.0,491285.25,627277.98,41.21,6.55,14.36,4.01,-0.01608027108487381,SBI Life Insurance Company Ltd,Financials,Life Insurance,Large Cap,43.585,Fair,20,Avoid
1063,SBILIFE,2020,43798,42447,1351.0,3.0,529,0,89,1790,21.0,1422,14.0,0.0,1194.0,1000.0,7743.0,0.0,156837.0,165580.0,568.0,13.0,158813.0,6186.0,165580.0,985.0,19299.0,-16986.0,-198.0,2114.0,3.246723594684689,3.0846157358783506,16.264440123527393,0.0,inf,0.2645126222973789,2313.0,16986.0,14.0,87.43,0.0,0.0,19299.0,,0,0,0,458.0,625311.99,663578.68,10.2,6.98,11.33,0.64,0.3698953541575302,SBI Life Insurance Company Ltd,Financials,Life Insurance,Large Cap,43.585,Discount,20,Avoid
1064,SBILIFE,2021,81913,81040,872.0,1.0,867,0,99,1640,11.0,1456,15.0,17.0,1195.0,1000.0,9400.0,0.0,216430.0,226830.0,564.0,1.0,218756.0,7509.0,226830.0,986.0,23878.0,-19203.0,3.0,4677.0,1.7774956356133946,1.0645440894607694,14.000000000000002,0.0,inf,0.3611206630516245,4675.0,19203.0,15.0,104.0,17.0,0.0,23878.0,,0,0,0,459.0,654418.26,614911.54,76.94,1.19,19.05,0.73,0.7143749320197759,SBI Life Insurance Company Ltd,Financials,Life Insurance,Large Cap,43.585,Caution,20,Avoid
1065,SBILIFE,2022,82983,82254,730.0,1.0,1032,0,75,1687,11.0,1506,15.0,13.0,1196.0,1000.0,10622.0,0.0,261715.0,273337.0,919.0,3.0,264437.0,7978.0,273337.0,987.0,21852.0,-21611.0,-231.0,10.0,1.8148295434004555,0.8796982514490921,12.958182756840475,0.0,inf,0.3035922688841979,241.0,21611.0,15.0,116.22,13.0,0.0,21852.0,,0,0,0,460.0,781640.88,728117.69,47.37,11.71,38.25,3.14,0.03083257364942325,SBI Life Insurance Company Ltd,Financials,Life Insurance,Large Cap,43.585,Fair,0,Avoid
1066,SBILIFE,2023,80636,80514,122.0,0.0,1862,10,68,1906,10.0,1721,17.0,15.0,1197.0,1001.0,12017.0,0.0,301582.0,314599.0,867.0,1.0,303988.0,9743.0,314599.0,988.0,28656.0,-30203.0,-415.0,-1962.0,2.1342824544868297,0.1512971873604841,13.220156706099248,0.0,198.4,0.2563135928594814,-1547.0,30203.0,17.0,130.18,15.0,0.0,28656.0,,0,0,0,461.0,703278.16,657852.17,60.68,3.62,20.65,4.39,-0.21996986228038132,SBI Life Insurance Company Ltd,Financials,Life Insurance,Large Cap,43.585,Fair,0,Avoid
1067,SBILIFE,2024,131988,131742,246.0,0.0,1917,9,76,2078,9.0,1894,19.0,14.0,1198.0,1001.0,13907.0,0.0,383390.0,398299.0,1198.0,6.0,384943.0,12152.0,398299.0,989.0,29122.0,-31221.0,-227.0,-2327.0,1.4349789374791648,0.186380580052732,12.704588140595655,0.0,240.33333333333331,0.3313791900054983,-2099.0,31221.0,19.0,149.08,14.0,0.0,29122.0,18.03,0,0,0,462.0,886097.71,1097553.71,69.98,9.48,31.04,1.62,-0.23688132542403253,SBI Life Insurance Company Ltd,Financials,Life Insurance,Large Cap,43.585,Caution,0,Avoid
1075,SBIN,2019,253322,166104,-68649.0,-27.0,77365,155867,3496,5220,41.0,3351,3.0,0.0,,,,,,,,,,,,996.0,29556.0,220.0,448.0,30223.0,1.322822336788751,-27.09950181981825,,,0.0559194698043845,,29776.0,220.0,3.0,,0.0,,29556.0,,0,0,0,463.0,1482417.4,1684030.56,28.31,2.13,24.87,1.59,2.008611069999583,State Bank of India,Financials,Public Sector Banks,Large Cap,43.585,Discount,20,Avoid
1076,SBIN,2020,269852,172909,-64181.0,-24.0,98159,161124,3662,30317,40.0,21140,22.0,0.0,,,,,,,,,,,,997.0,23929.0,-555.0,5430.0,28803.0,7.833923780442613,-23.78377777448379,,,0.2108810605496388,,23374.0,555.0,22.0,,0.0,,23929.0,,0,0,0,464.0,1692341.99,1901297.81,47.04,2.29,20.41,3.65,1.3811629173131845,State Bank of India,Financials,Public Sector Banks,Large Cap,43.585,Fair,20,Avoid
1077,SBIN,2021,278115,192821,-70715.0,-25.0,107222,156010,3711,32796,26.0,23888,25.0,16.0,,,,,,,,,,,,998.0,89919.0,-3670.0,7143.0,93392.0,8.589252647286195,-25.426532189921435,,,0.234004230498045,,86249.0,3670.0,25.0,,16.0,,89919.0,,0,0,0,465.0,1705155.98,1837361.16,43.56,13.01,27.95,0.45,5.058129638087419,State Bank of India,Financials,Public Sector Banks,Large Cap,43.585,Fair,20,Avoid
1078,SBIN,2022,289973,197349,-63570.0,-22.0,117000,156194,3691,49739,27.0,37183,40.0,18.0,,,,,,,,,,,,999.0,57695.0,-2652.0,-3845.0,51198.0,12.822917995813404,-21.92273073699965,,,0.3420745995364738,,55043.0,2652.0,40.0,,18.0,,57695.0,,0,0,0,466.0,2187008.32,2696201.57,62.26,7.26,31.51,2.15,2.516817128523773,State Bank of India,Financials,Public Sector Banks,Large Cap,43.585,Fair,0,Avoid
1079,SBIN,2023,350845,204303,-43439.0,-12.0,122534,189981,3696,75399,25.0,57750,62.0,18.0,,,,,,,,,,,,1000.0,-86014.0,-966.0,6386.0,-80593.0,16.460260228876,-12.381250979777397,,,0.41633110679489,,-86980.0,966.0,62.0,,18.0,,-86014.0,,0,0,0,467.0,2664457.97,3336018.79,72.12,7.09,35.08,0.46,-3.264453820602019,State Bank of India,Financials,Public Sector Banks,Large Cap,43.585,Caution,0,Avoid
1080,SBIN,2024,439189,239750,-60297.0,-14.0,155386,259736,3849,91240,25.0,69543,75.0,18.0,,,,,,,,,,,,1001.0,21632.0,-3476.0,-9896.0,8260.0,15.83441297482405,-13.729168991026642,,,0.3660986540179259,,18156.0,3476.0,75.0,,18.0,,21632.0,6.39,0,0,0,468.0,2400436.05,2686824.35,54.93,2.72,21.53,0.42,0.7563625783740417,State Bank of India,Financials,Public Sector Banks,Large Cap,43.585,Fair,20,Avoid
1088,SHREECEM,2019,12555,9758,2797.0,22.0,69,248,1472,1146,11.0,1015,289.0,21.0,1219.0,35.0,9636.0,2803.0,3019.0,15493.0,6182.0,1129.0,2286.0,5896.0,15493.0,1008.0,2080.0,-720.0,-1276.0,84.0,8.084428514536041,22.27797690163281,10.495295212490952,0.2898355909419915,11.556451612903226,0.810365971729168,1360.0,720.0,289.0,96.71,21.0,2803.0,2080.0,,0,0,0,469.0,1156357.29,1381911.24,35.24,14.91,28.2,3.67,0.11761070836505903,Shree Cement Ltd,Materials,Cement,Large Cap,40.61,Fair,0,Avoid
1089,SHREECEM,2020,12868,9098,3771.0,29.0,263,291,1808,1934,20.0,1544,426.0,26.0,1220.0,36.0,13133.0,3146.0,3629.0,19944.0,6163.0,1197.0,6358.0,6227.0,19944.0,1009.0,3973.0,-5590.0,1581.0,-36.0,11.998756605533105,29.305253341622628,11.72450451818665,0.2388943731490622,13.86254295532646,0.6452065784195748,-1617.0,5590.0,426.0,131.69,26.0,3146.0,3973.0,,0,0,0,470.0,1370108.42,1775340.62,67.14,8.03,17.84,3.07,-0.1180198571438602,Shree Cement Ltd,Materials,Cement,Large Cap,40.61,Caution,0,Avoid
1090,SHREECEM,2021,13560,9468,4091.0,30.0,426,251,1262,3004,24.0,2337,646.0,9.0,1221.0,36.0,15361.0,2230.0,3886.0,21513.0,6216.0,997.0,8500.0,5800.0,21513.0,1010.0,4254.0,-2651.0,-1233.0,370.0,17.234513274336283,30.16961651917404,15.17828148340586,0.1448334091056699,17.99601593625498,0.6303165527820388,1603.0,2651.0,646.0,153.97,9.0,2230.0,4254.0,,0,0,0,471.0,1568926.09,1806995.31,32.7,6.72,24.53,3.78,0.10217179829038346,Shree Cement Ltd,Materials,Cement,Large Cap,40.61,Fair,0,Avoid
1091,SHREECEM,2022,15010,11300,3710.0,25.0,544,263,1146,2892,19.0,1269,352.0,14.0,1222.0,36.0,17424.0,2129.0,4159.0,23749.0,7282.0,1054.0,9033.0,6380.0,23749.0,1011.0,2668.0,-2143.0,-849.0,-324.0,8.454363757495004,24.71685542971353,7.268041237113403,0.1219358533791523,16.174904942965778,0.6320266116468062,525.0,2143.0,352.0,174.6,14.0,2129.0,2668.0,,0,0,0,472.0,1932061.03,1830555.08,25.68,0.89,5.28,1.01,0.027173054673122823,Shree Cement Ltd,Materials,Cement,Large Cap,40.61,Discount,40,Hold
1092,SHREECEM,2023,17852,14893,2960.0,17.0,459,263,1661,1495,15.0,2369,664.0,28.0,1223.0,36.0,18600.0,2725.0,4973.0,26334.0,7481.0,2797.0,8683.0,7373.0,26334.0,1012.0,2569.0,-2405.0,-277.0,-113.0,13.270221823885278,16.580775263275825,12.711955355226442,0.1462223653144451,13.0,0.6779068884332042,164.0,2405.0,664.0,186.36,28.0,2725.0,2569.0,,0,0,0,473.0,2414420.31,3046754.72,36.21,8.67,29.71,4.29,0.006792520727263099,Shree Cement Ltd,Materials,Cement,Large Cap,40.61,Fair,0,Avoid
1093,SHREECEM,2024,20521,16003,4518.0,22.0,597,258,1897,2959,19.0,1733,480.0,16.0,1224.0,36.0,20667.0,1656.0,5566.0,27925.0,9591.0,1930.0,7556.0,8848.0,27925.0,1013.0,3347.0,-1418.0,-1710.0,220.0,8.445007553238145,22.01647093221578,8.370767521615225,0.0799884074771772,19.82558139534884,0.7348612354521038,1929.0,1418.0,480.0,207.03,16.0,1656.0,3347.0,12.66,0,0,0,474.0,3154358.33,2911084.5,25.87,1.21,26.58,3.2,0.06115348347250073,Shree Cement Ltd,Materials,Cement,Large Cap,40.61,Discount,20,Avoid
1101,SHRIRAMFIN,2019,15536,4171,3801.0,24.0,20,7564,43,3778,32.0,2576,20.0,11.0,1266.0,227.0,15736.0,87914.0,1542.0,105419.0,147.0,0.0,4126.0,101146.0,105419.0,1020.0,-5535.0,-76.0,5550.0,-62.0,16.580844490216272,24.46575695159629,16.13731754682704,5.507360771784752,0.5051560021152829,0.1473738130697502,-5611.0,76.0,20.0,159.63,11.0,87914.0,-5535.0,,0,0,0,475.0,594898.99,643160.23,79.88,0.51,8.83,1.36,-0.9431853296641165,"Shriram Finance Ltd
",Financials,Consumer Finance,Large Cap,43.585,Caution,40,Hold
1102,SHRIRAMFIN,2020,16561,4683,3565.0,22.0,14,8313,141,3439,27.0,2512,20.0,5.0,1267.0,227.0,17915.0,94735.0,1389.0,114266.0,489.0,0.0,2936.0,110841.0,114266.0,1021.0,-2464.0,-55.0,4579.0,2060.0,15.168166173540246,21.526477869693856,13.84632344835189,5.221860875316944,0.4305304944063515,0.1449337510720599,-2519.0,55.0,20.0,181.42,5.0,94735.0,-2464.0,,0,0,0,476.0,513251.36,622540.94,11.8,11.36,6.84,1.14,-0.49079265956548074,"Shriram Finance Ltd
",Financials,Consumer Finance,Large Cap,43.585,Discount,20,Avoid
1103,SHRIRAMFIN,2021,17422,4932,3402.0,20.0,14,9089,137,3278,24.0,2499,18.0,18.0,1268.0,253.0,21464.0,106546.0,1647.0,129910.0,437.0,0.0,3347.0,126126.0,129910.0,1022.0,-4239.0,-25.0,12226.0,7962.0,14.343932958328551,19.527034783606933,11.50711424229866,4.906110420407975,0.3758389261744966,0.1341082287737664,-4264.0,25.0,18.0,217.17,18.0,106546.0,-4239.0,,0,0,0,477.0,652156.9,835046.55,37.85,14.56,26.94,1.87,-0.653830389588763,"Shriram Finance Ltd
",Financials,Consumer Finance,Large Cap,43.585,Fair,0,Avoid
1104,SHRIRAMFIN,2022,19255,5816,3666.0,19.0,18,9773,135,3549,24.0,2721,20.0,20.0,1269.0,271.0,25824.0,114846.0,1328.0,142268.0,418.0,0.0,6971.0,134879.0,142268.0,1023.0,-8859.0,-34.0,8505.0,-388.0,14.13139444300182,19.03921059465074,10.427284920482853,4.401073002490898,0.3769569221324056,0.135343155171929,-8893.0,34.0,20.0,260.95,20.0,114846.0,-8859.0,,0,0,0,478.0,816109.58,830906.79,27.14,10.02,18.67,0.61,-1.0896820988181515,"Shriram Finance Ltd
",Financials,Consumer Finance,Large Cap,43.585,Discount,0,Avoid
1105,SHRIRAMFIN,2023,30492,8706,8799.0,29.0,16,12987,601,8214,27.0,6020,32.0,22.0,1270.0,374.0,43138.0,164202.0,2858.0,210573.0,3714.0,66.0,7430.0,199363.0,210573.0,1024.0,-17625.0,5076.0,11820.0,-730.0,19.74288337924701,28.856749311294767,13.835263835263836,3.773717595146167,0.6787556787556788,0.1448048895157498,-12549.0,5076.0,32.0,435.12,22.0,164202.0,-17625.0,,0,0,0,479.0,721018.22,876135.94,56.67,6.47,36.37,1.85,-1.7404553244160736,"Shriram Finance Ltd
",Financials,Consumer Finance,Large Cap,43.585,Fair,0,Avoid
1106,SHRIRAMFIN,2024,36388,10278,10523.0,29.0,25,15588,588,9960,26.0,7399,39.0,23.0,1271.0,376.0,48571.0,195496.0,3823.0,248266.0,3718.0,0.0,9472.0,235076.0,248266.0,1025.0,-31101.0,-258.0,27609.0,-3750.0,20.333626470264925,28.918874354182694,15.116350338120824,3.994034363699512,0.6766743648960739,0.1465685998082701,-31359.0,258.0,39.0,489.47,23.0,195496.0,-31101.0,14.01,0,0,0,480.0,868933.47,1098024.4,68.53,7.91,28.82,1.86,-3.608906905151208,"Shriram Finance Ltd
",Financials,Consumer Finance,Large Cap,43.585,Caution,0,Avoid
1114,SIEMENS,2019,13084,11594,1490.0,11.0,398,12,199,1678,34.0,1099,31.0,23.0,1279.0,71.0,8978.0,0.0,6309.0,15358.0,1219.0,58.0,0.0,14081.0,15358.0,1032.0,1273.0,-1135.0,-312.0,-174.0,8.399571996331396,11.38795475389789,12.144988396507902,0.0,157.33333333333334,0.8519338455528064,138.0,1135.0,31.0,90.49,23.0,0.0,1273.0,,0,0,0,481.0,951918.38,1022262.14,23.09,1.05,25.6,3.89,0.014497041227421199,Siemens Ltd,Industrials,Capital Goods,Large Cap,48.83,Discount,20,Avoid
1115,SIEMENS,2020,9946,8944,1003.0,10.0,315,30,252,1036,26.0,769,22.0,32.0,1280.0,71.0,9421.0,0.0,6368.0,15860.0,1196.0,88.0,0.0,14576.0,15860.0,1033.0,720.0,871.0,-386.0,1205.0,7.731751457872511,10.08445606273879,8.1015592077539,0.0,43.93333333333333,0.6271122320302648,1591.0,871.0,22.0,94.92,32.0,0.0,720.0,,0,0,0,482.0,821304.84,803574.42,41.13,10.16,10.99,0.26,0.1937161358990652,Siemens Ltd,Industrials,Capital Goods,Large Cap,48.83,Fair,20,Avoid
1116,SIEMENS,2021,13198,11746,1452.0,11.0,321,24,297,1452,25.0,1089,31.0,26.0,1281.0,71.0,10276.0,4.0,7664.0,18015.0,3264.0,35.0,3.0,14713.0,18015.0,1034.0,1422.0,-2389.0,-502.0,-1469.0,8.25125018942264,11.001666919230187,10.52478979414323,0.000386585483715,73.875,0.7326117124618373,-967.0,2389.0,31.0,103.47,26.0,4.0,1422.0,,0,0,0,483.0,911257.72,1118554.17,10.54,5.57,28.22,0.59,-0.10611707081065937,Siemens Ltd,Industrials,Capital Goods,Large Cap,48.83,Discount,0,Avoid
1117,SIEMENS,2022,16138,14278,1860.0,12.0,487,36,317,1993,23.0,1543,43.0,23.0,1282.0,71.0,11539.0,182.0,8317.0,20109.0,3107.0,52.0,1.0,16949.0,20109.0,1035.0,978.0,-34.0,-392.0,552.0,9.561283926137069,11.525591770975335,13.290267011197244,0.0156761412575366,65.19444444444444,0.8025262320354071,944.0,34.0,43.0,116.1,23.0,182.0,978.0,,0,0,0,484.0,882073.22,982803.39,76.63,4.67,22.06,1.8,0.10702059405000414,Siemens Ltd,Industrials,Capital Goods,Large Cap,48.83,Caution,0,Avoid
1118,SIEMENS,2023,19554,17067,2487.0,13.0,496,23,321,2640,26.0,1962,55.0,18.0,1283.0,71.0,13016.0,175.0,8384.0,21646.0,3038.0,50.0,1.0,18556.0,21646.0,1036.0,1400.0,-759.0,-450.0,191.0,10.03375268487266,12.718625345197914,14.991976770841292,0.0133720485978451,129.69565217391303,0.9033539684006284,641.0,759.0,55.0,130.87,18.0,175.0,1400.0,,0,0,0,485.0,1145547.03,1063933.61,48.76,12.77,39.58,3.14,0.05595579956241517,Siemens Ltd,Industrials,Capital Goods,Large Cap,48.83,Fair,0,Avoid
1119,SIEMENS,2024,22240,19136,3104.0,14.0,925,60,330,3639,25.0,2718,76.0,16.0,1284.0,71.0,15286.0,279.0,9663.0,25299.0,3112.0,103.0,1.0,22082.0,25299.0,1037.0,1670.0,-502.0,-523.0,644.0,12.221223021582734,13.9568345323741,17.698769290877124,0.0181676108614963,67.15,0.8790861298865568,1168.0,502.0,76.0,153.57,16.0,279.0,1670.0,1.37,0,0,0,486.0,1191331.95,1268446.56,33.32,9.25,30.88,3.69,0.09804152402695152,Siemens Ltd,Industrials,Capital Goods,Large Cap,48.83,Discount,0,Avoid
1126,SUNPHARMA,2019,29066,22689,6377.0,22.0,-258,555,1753,3810,16.0,3208,11.0,25.0,1316.0,240.0,41169.0,10514.0,12666.0,64590.0,21837.0,1411.0,7903.0,33439.0,64590.0,1044.0,2196.0,-310.0,-2731.0,-844.0,11.036950388770386,21.939723388151105,7.747108116593012,0.2539061556666425,11.025225225225226,0.4500077411363988,1886.0,310.0,11.0,414.09,25.0,10514.0,2196.0,,0,0,0,487.0,758612.89,960774.91,74.3,10.71,27.29,2.39,0.2486116469758377,Sun Pharmaceuticals Industries Ltd,Healthcare,Pharmaceuticals,Large Cap,37.955,Caution,0,Avoid
1127,SUNPHARMA,2020,32838,25855,6983.0,21.0,382,303,2053,5010,16.0,4172,16.0,25.0,1317.0,240.0,45025.0,8315.0,14615.0,68194.0,22847.0,1220.0,10143.0,33984.0,68194.0,1045.0,6555.0,-2225.0,-5715.0,-1386.0,12.704793227358548,21.264997868323285,9.216834198608195,0.1836960123715895,24.306930693069308,0.4815379652168812,4330.0,2225.0,16.0,452.65,25.0,8315.0,6555.0,,0,0,0,488.0,714309.02,678202.02,42.97,2.81,25.19,2.91,0.6061802215517312,Sun Pharmaceuticals Industries Ltd,Healthcare,Pharmaceuticals,Large Cap,37.955,Fair,20,Avoid
1128,SUNPHARMA,2021,33498,25028,8470.0,25.0,-3449,141,2080,2799,18.0,2272,12.0,62.0,1318.0,240.0,46223.0,3869.0,17291.0,67622.0,21553.0,1567.0,9612.0,34890.0,67622.0,1046.0,6170.0,407.0,-5980.0,596.0,6.782494477282226,25.28509164726253,4.889912403417773,0.0832705593698211,35.60992907801418,0.4953713288574724,6577.0,407.0,12.0,464.63,62.0,3869.0,6170.0,,0,0,0,489.0,794888.64,726981.85,12.16,2.14,10.38,4.45,0.827411497540083,Sun Pharmaceuticals Industries Ltd,Healthcare,Pharmaceuticals,Large Cap,37.955,Discount,40,Hold
1129,SUNPHARMA,2022,38654,28397,10258.0,27.0,-3505,127,2144,4481,24.0,3389,14.0,73.0,1319.0,240.0,47771.0,1290.0,20474.0,69776.0,22665.0,1287.0,12849.0,32975.0,69776.0,1047.0,8985.0,-5556.0,-5193.0,-1765.0,8.767527293423708,26.538003828840484,7.0587990252233865,0.026868842556914,53.173228346456696,0.5539727126805778,3429.0,5556.0,14.0,480.11,73.0,1290.0,8985.0,,0,0,0,490.0,812572.94,826215.51,11.76,9.71,27.83,0.79,0.4219928859555673,Sun Pharmaceuticals Industries Ltd,Healthcare,Pharmaceuticals,Large Cap,37.955,Discount,0,Avoid
1130,SUNPHARMA,2023,43886,32235,11650.0,27.0,459,172,2529,9408,9.0,8513,35.0,33.0,1320.0,240.0,55755.0,6886.0,17831.0,80712.0,24065.0,4973.0,14824.0,36849.0,80712.0,1048.0,4959.0,-7220.0,2376.0,115.0,19.39798569019733,26.546051132479608,15.20314313778016,0.1229752656487186,70.40116279069767,0.5437357518089008,-2261.0,7220.0,35.0,559.95,33.0,6886.0,4959.0,,0,0,0,491.0,1064162.39,1298488.21,24.58,7.54,21.04,1.57,-0.21246757273577394,Sun Pharmaceuticals Industries Ltd,Healthcare,Pharmaceuticals,Large Cap,37.955,Discount,0,Avoid
1131,SUNPHARMA,2024,48497,35479,13018.0,28.0,865,238,2557,11088,13.0,9610,40.0,34.0,1321.0,240.0,63427.0,3274.0,18367.0,85308.0,23211.0,5354.0,15026.0,41717.0,85308.0,1049.0,12135.0,-763.0,-6710.0,4662.0,19.815658700538176,26.84289749881436,15.094161810671148,0.0514238145350024,58.33193277310925,0.5684929901064378,11372.0,763.0,40.0,636.67,34.0,3274.0,12135.0,18.93,0,0,0,492.0,1339586.09,1264175.16,37.9,6.71,21.41,3.88,0.8489189373413096,Sun Pharmaceuticals Industries Ltd,Healthcare,Pharmaceuticals,Large Cap,37.955,Fair,0,Avoid
1139,TATACONSUM,2019,7252,6466,786.0,11.0,124,78,123,735,36.0,457,6.0,39.0,1407.0,63.0,7269.0,1141.0,2408.0,10881.0,4913.0,424.0,1188.0,4355.0,10881.0,1056.0,210.0,53.0,-224.0,39.0,6.301709873138445,10.83838940981798,6.232951445717403,0.1556192034915439,11.666666666666666,0.6664828600312471,263.0,53.0,6.0,73.32,39.0,1141.0,210.0,,0,0,0,493.0,298527.54,342447.92,20.52,1.59,19.93,0.99,0.08809907454434523,Tata Consumer Products Ltd,Consumer Staples,Food & Beverages,Large Cap,37.735,Discount,20,Avoid
1140,TATACONSUM,2020,9637,8345,1292.0,13.0,-163,69,242,809,34.0,460,5.0,54.0,1408.0,92.0,13723.0,1586.0,3072.0,18473.0,11656.0,95.0,1323.0,5399.0,18473.0,1057.0,1082.0,-622.0,-308.0,152.0,4.77326968973747,13.406661824219157,3.329714078899747,0.1148027506333695,16.36231884057971,0.5216802901531965,460.0,622.0,5.0,138.15,54.0,1586.0,1082.0,,0,0,0,494.0,307664.97,308860.07,14.67,8.63,5.95,4.35,0.14951328388148968,Tata Consumer Products Ltd,Consumer Staples,Food & Beverages,Large Cap,37.735,Discount,20,Avoid
1141,TATACONSUM,2021,11602,10058,1544.0,13.0,91,73,255,1311,24.0,930,9.0,44.0,1409.0,92.0,14442.0,1634.0,4050.0,20218.0,12023.0,113.0,806.0,7276.0,20218.0,1058.0,1656.0,-346.0,-426.0,884.0,8.015859334597483,13.30805033614894,6.398789046374019,0.1124260355029585,22.3972602739726,0.5738450885349689,1310.0,346.0,9.0,145.34,44.0,1634.0,1656.0,,0,0,0,495.0,314022.94,369938.81,66.35,4.55,31.21,3.75,0.4171669751260847,Tata Consumer Products Ltd,Consumer Staples,Food & Beverages,Large Cap,37.735,Caution,0,Avoid
1142,TATACONSUM,2022,12425,10707,1719.0,14.0,88,87,278,1456,26.0,1015,10.0,60.0,1410.0,92.0,15050.0,1412.0,4521.0,21075.0,12599.0,247.0,797.0,7431.0,21075.0,1059.0,1516.0,-1317.0,-995.0,-796.0,8.169014084507042,13.835010060362174,6.703209615638621,0.0932505613525293,20.770114942528732,0.5895610913404508,199.0,1317.0,10.0,151.42,60.0,1412.0,1516.0,,0,0,0,496.0,304809.07,395336.72,9.49,3.65,32.3,0.87,0.06528677115808922,Tata Consumer Products Ltd,Consumer Staples,Food & Beverages,Large Cap,37.735,Discount,0,Avoid
1143,TATACONSUM,2023,13783,11927,1856.0,13.0,328,130,304,1794,25.0,1320,12.0,65.0,1411.0,93.0,16184.0,1600.0,4886.0,22762.0,13070.0,295.0,1433.0,7965.0,22762.0,1060.0,1461.0,-834.0,-714.0,-87.0,9.577015163607342,13.465863745193356,8.109602506604412,0.0982982122012655,16.8,0.6055267551181794,627.0,834.0,12.0,162.77,65.0,1600.0,1461.0,,0,0,0,497.0,365505.69,454035.61,77.06,7.38,38.99,1.85,0.1715431570983204,Tata Consumer Products Ltd,Consumer Staples,Food & Beverages,Large Cap,37.735,Caution,0,Avoid
1144,TATACONSUM,2024,15206,12922,2284.0,15.0,-81,87,377,1696,23.0,1215,12.0,64.0,1412.0,95.0,15962.0,3477.0,8345.0,27879.0,19358.0,190.0,871.0,7461.0,27879.0,1061.0,1937.0,-1911.0,256.0,281.0,7.990266999868472,15.020386689464685,7.566793298872766,0.21654107242947,25.32183908045977,0.5454284586965099,26.0,1911.0,12.0,160.57,64.0,3477.0,1937.0,-1.5,0,0,0,498.0,350543.35,387549.77,54.79,7.14,24.84,1.87,0.007417056977403794,Tata Consumer Products Ltd,Consumer Staples,Food & Beverages,Large Cap,37.735,Fair,0,Avoid
1152,TATAMOTORS,2019,301938,277274,24664.0,8.0,-26686,5759,23591,-31371,-8.0,-28724,-100.0,0.0,1472.0,679.0,59500.0,106175.0,139349.0,305703.0,111234.0,31884.0,15771.0,146814.0,305703.0,1068.0,18891.0,-20878.0,8830.0,6843.0,-9.513211321529583,8.16856440726242,-47.73093604081158,1.7643197793250136,-0.3511026219829831,0.9876841247877842,-1987.0,20878.0,-100.0,601.79,0.0,106175.0,18891.0,,0,0,0,499.0,1047137.5,1151780.53,26.23,11.5,16.82,3.67,-0.1897554046149622,Tata Motors Ltd,Consumer Discretionary,Automobiles,Large Cap,42.5,Discount,0,Avoid
1153,TATAMOTORS,2020,261068,243081,17987.0,7.0,102,7243,21425,-10580,4.0,-11975,-39.0,0.0,1473.0,720.0,62359.0,124788.0,132313.0,320179.0,127107.0,35622.0,16308.0,141141.0,320179.0,1069.0,26633.0,-33115.0,3390.0,-3092.0,-4.586927543781696,6.889775843841452,-18.984131010320397,1.9782812029360008,2.4974458097473424,0.8153813960315949,-6482.0,33115.0,-39.0,630.79,0.0,124788.0,26633.0,,0,0,0,500.0,919827.57,950063.39,14.79,1.74,28.04,1.73,-0.7046972945157537,Tata Motors Ltd,Consumer Discretionary,Automobiles,Large Cap,42.5,Discount,20,Avoid
1154,TATAMOTORS,2021,249795,217507,32287.0,13.0,-11118,8097,23547,-10474,24.0,-13395,-41.0,0.0,1474.0,766.0,54481.0,142131.0,144193.0,341570.0,138708.0,20964.0,24620.0,157278.0,341570.0,1070.0,29001.0,-25672.0,9904.0,13232.0,-5.362397165675854,12.92539882703817,-24.245660397849655,2.572646478541821,2.6144250957144624,0.7313142254881869,3329.0,25672.0,-41.0,552.47,0.0,142131.0,29001.0,,0,0,0,501.0,1182658.61,1308685.14,29.26,10.95,26.84,3.6,0.2814844429196689,Tata Motors Ltd,Consumer Discretionary,Automobiles,Large Cap,42.5,Discount,0,Avoid
1155,TATAMOTORS,2022,278454,253734,24720.0,9.0,2424,9312,24836,-7003,60.0,-11309,-34.0,0.0,1475.0,766.0,43795.0,146449.0,138051.0,329061.0,138855.0,10251.0,29380.0,150575.0,329061.0,1071.0,14283.0,-4444.0,-3380.0,6459.0,-4.061353042154179,8.877588398801956,-25.378694374004173,3.286483696505913,2.9149484536082477,0.846207845961691,9839.0,4444.0,-34.0,445.61,0.0,146449.0,14283.0,,0,0,0,502.0,1385832.42,1339830.23,56.26,6.18,21.21,4.15,0.7099704017604092,Tata Motors Ltd,Consumer Discretionary,Automobiles,Large Cap,42.5,Fair,0,Avoid
1156,TATAMOTORS,2023,345967,314151,31816.0,9.0,6664,10225,24860,3394,21.0,2690,7.0,32.0,1476.0,766.0,44556.0,134113.0,155239.0,334674.0,132080.0,14274.0,26379.0,161941.0,334674.0,1072.0,35388.0,-15417.0,-26243.0,-6272.0,0.7775308049611668,9.196252821800924,5.935307356250828,2.9591147786946737,3.763325183374083,1.033743284509702,19971.0,15417.0,7.0,453.22,32.0,134113.0,35388.0,,0,0,0,503.0,1427382.48,1634044.14,34.17,1.87,20.87,2.69,1.3991344492332567,Tata Motors Ltd,Consumer Discretionary,Automobiles,Large Cap,42.5,Fair,20,Avoid
1157,TATAMOTORS,2024,437928,378389,59538.0,14.0,5673,9986,27270,27955,-14.0,31807,94.0,7.0,1477.0,766.0,84152.0,107262.0,177340.0,369521.0,121285.0,35698.0,22971.0,189566.0,369521.0,1073.0,67915.0,-22782.0,-37006.0,8128.0,7.263066074788551,13.59538554282896,37.45613415294755,1.2631244259167669,6.530242339274985,1.1851234435931923,45133.0,22782.0,94.0,849.18,7.0,107262.0,67915.0,9.08,0,0,0,504.0,1504106.64,1588737.42,67.07,0.93,15.35,3.65,3.000651602734764,Tata Motors Ltd,Consumer Discretionary,Automobiles,Large Cap,42.5,Caution,40,Hold
1165,TATAPOWER,2019,29881,26811,3070.0,10.0,7186,4170,2393,3693,29.0,2606,9.0,15.0,1459.0,270.0,18035.0,48506.0,17262.0,84073.0,44305.0,2576.0,13542.0,23651.0,84073.0,1080.0,4574.0,-272.0,-5184.0,-883.0,8.721261001974499,10.27408721261002,14.236547391423109,2.649877082764272,2.4594724220623503,0.3554173159040358,4302.0,272.0,9.0,183.05,15.0,48506.0,4574.0,,0,0,0,505.0,1458746.25,1831481.73,22.32,3.71,34.62,4.06,0.29491078383234914,"Tata Power Company Ltd
",Energy,Power & Utilities,Mid Cap,41.495,Discount,0,Avoid
1166,TATAPOWER,2020,29136,22331,6805.0,23.0,2280,4494,2634,1958,33.0,1316,4.0,41.0,1460.0,270.0,19296.0,51936.0,18172.0,89674.0,47666.0,1612.0,14535.0,25861.0,89674.0,1081.0,7375.0,-493.0,-5110.0,1773.0,4.516749038989566,23.355985722130697,6.725953184094859,2.6544004906470406,2.021584334668447,0.3249102303900796,6882.0,493.0,4.0,195.66,41.0,51936.0,7375.0,,0,0,0,506.0,1402442.85,1295478.08,14.5,4.29,31.65,2.29,0.4907151831534525,"Tata Power Company Ltd
",Energy,Power & Utilities,Mid Cap,41.495,Discount,0,Avoid
1167,TATAPOWER,2021,32703,25782,6921.0,21.0,1775,4010,2745,1941,26.0,1439,4.0,44.0,1461.0,320.0,22003.0,46708.0,29625.0,98655.0,52179.0,3270.0,13149.0,30056.0,98655.0,1082.0,8345.0,993.0,-7603.0,1736.0,4.400207931994006,21.163196037060818,6.446266182860727,2.092371097074766,2.1685785536159603,0.3314885206020982,9338.0,993.0,4.0,223.23,44.0,46708.0,8345.0,,0,0,0,507.0,1511545.08,1713572.11,72.1,1.81,29.32,4.17,0.6177784654626377,"Tata Power Company Ltd
",Energy,Power & Utilities,Mid Cap,41.495,Caution,20,Avoid
1168,TATAPOWER,2022,42816,35785,7031.0,16.0,2486,3859,3122,2535,15.0,2156,5.0,32.0,1462.0,320.0,22122.0,51195.0,38913.0,112550.0,57389.0,4635.0,14160.0,36365.0,112550.0,1083.0,6693.0,-6250.0,-1183.0,-741.0,5.035500747384155,16.421431240657697,9.60698689956332,2.281213795561893,2.466182948950505,0.3804175921812527,443.0,6250.0,5.0,224.42,32.0,51195.0,6693.0,,0,0,0,508.0,1446057.42,1786038.43,58.26,0.71,13.11,2.73,0.030635021394931888,"Tata Power Company Ltd
",Energy,Power & Utilities,Mid Cap,41.495,Fair,40,Hold
1169,TATAPOWER,2023,55109,47381,7728.0,14.0,5540,4372,3439,5457,30.0,3810,10.0,19.0,1463.0,320.0,28468.0,52923.0,46386.0,128096.0,61747.0,5376.0,16670.0,44303.0,128096.0,1084.0,7166.0,-7263.0,1341.0,1243.0,6.913571285996843,14.023117821045563,13.23468111713214,1.8383701542309296,3.034766697163769,0.4302164001998501,-97.0,7263.0,10.0,287.88,19.0,52923.0,7166.0,,0,0,0,509.0,1592398.68,1769432.81,24.7,10.29,14.32,1.75,-0.006091439362408917,"Tata Power Company Ltd
",Energy,Power & Utilities,Mid Cap,41.495,Discount,20,Avoid
1170,TATAPOWER,2024,61449,50714,10735.0,17.0,3416,4633,3786,5732,25.0,4280,12.0,17.0,1464.0,320.0,32036.0,53689.0,53010.0,139054.0,67210.0,11561.0,16316.0,43968.0,139054.0,1085.0,12596.0,-9027.0,-4497.0,-928.0,6.965125551270159,17.469771680580646,13.227840276919272,1.659321300531586,3.054392402331103,0.4419074604110633,3569.0,9027.0,12.0,323.56,17.0,53689.0,12596.0,-4.15,0,0,0,510.0,1647269.48,1925345.06,14.5,3.48,12.02,0.49,0.2166615750083587,"Tata Power Company Ltd
",Energy,Power & Utilities,Mid Cap,41.495,Discount,20,Avoid
1178,TATASTEEL,2019,157669,128351,29318.0,19.0,1524,7660,7342,15841,42.0,9122,9.0,15.0,1433.0,1145.0,67780.0,100816.0,63032.0,232773.0,124442.0,18641.0,5738.0,83952.0,232773.0,1092.0,25336.0,-29176.0,-673.0,-4513.0,5.785538057576315,18.59465081912107,13.234675371780922,1.4626913311570549,4.026370757180157,0.6773508955076405,-3840.0,29176.0,9.0,689.25,15.0,100816.0,25336.0,,0,0,0,511.0,363770.91,433930.41,55.54,7.39,6.84,4.32,-1.0556094218748828,"Tata Steel Ltd
",Materials,Steel,Mid Cap,40.61,Fair,20,Avoid
1179,TATASTEEL,2020,139817,122354,17463.0,12.0,-2884,7533,8441,-1395,-99.0,1174,1.0,74.0,1434.0,1145.0,72431.0,116328.0,59245.0,249149.0,134551.0,19497.0,6285.0,88816.0,249149.0,1093.0,20169.0,-14012.0,-1695.0,4462.0,0.8396689959017859,12.489897508886616,1.5956290094596066,1.5810590409916276,1.93535112173105,0.5611782507656061,6157.0,14012.0,1.0,735.76,74.0,116328.0,20169.0,,0,0,0,512.0,339775.94,396643.74,73.73,10.62,12.63,1.42,1.812076511362164,"Tata Steel Ltd
",Materials,Steel,Mid Cap,40.61,Caution,20,Avoid
1180,TATASTEEL,2021,156294,125790,30504.0,20.0,180,7607,9234,13844,41.0,8190,6.0,40.0,1435.0,1198.0,73041.0,88501.0,81169.0,243909.0,135775.0,19007.0,10682.0,78445.0,243909.0,1094.0,44327.0,-9437.0,-37090.0,-2200.0,5.240124380974318,19.517063994779072,11.031937391398053,1.19210926871321,4.033653214144866,0.6407881627984208,34890.0,9437.0,6.0,742.39,40.0,88501.0,44327.0,,0,0,0,513.0,293941.16,336592.99,52.14,11.02,5.38,3.68,11.869722498203384,"Tata Steel Ltd
",Materials,Steel,Mid Cap,40.61,Fair,40,Hold
1181,TATASTEEL,2022,243959,180469,63490.0,26.0,1300,5462,9101,50227,17.0,41749,33.0,16.0,1436.0,1221.0,113222.0,75561.0,92417.0,282422.0,133288.0,22046.0,13140.0,113948.0,282422.0,1095.0,44381.0,-10905.0,-23401.0,10075.0,17.113121467131773,26.02486483384503,36.48016916718366,0.6602500808262629,11.861955327718784,0.8638101847589778,33476.0,10905.0,33.0,1144.43,16.0,75561.0,44381.0,,0,0,0,514.0,358418.76,342775.45,33.03,9.76,22.35,0.52,9.339912899648445,"Tata Steel Ltd
",Materials,Steel,Mid Cap,40.61,Fair,20,Avoid
1182,TATASTEEL,2023,243353,211053,32300.0,13.0,1569,6299,9335,18235,56.0,8075,7.0,50.0,1437.0,1221.0,101861.0,84893.0,97421.0,285396.0,146621.0,31213.0,8410.0,99151.0,285396.0,1096.0,21683.0,-18179.0,-6981.0,-3477.0,3.3182249653795104,13.272899861518042,7.833569391358336,0.8235482431462331,5.376885219876171,0.8526853915261602,3504.0,18179.0,7.0,1030.82,50.0,84893.0,21683.0,,0,0,0,515.0,320309.06,388401.17,19.23,3.0,34.08,2.75,1.0939434557361567,"Tata Steel Ltd
",Materials,Steel,Mid Cap,40.61,Discount,0,Avoid
1183,TATASTEEL,2024,229171,206923,22248.0,10.0,-6005,7508,9882,-1147,99.0,-4910,-4.0,-101.0,1438.0,1247.0,90788.0,87082.0,90195.0,269312.0,148814.0,34356.0,6258.0,79885.0,269312.0,1097.0,20301.0,-14253.0,-11097.0,-5049.0,-2.1425049417247384,9.70803461170916,-5.334926929972293,0.9461835171402184,2.16342567927544,0.8509498277091255,6048.0,14253.0,-4.0,920.35,-101.0,87082.0,20301.0,-1.76,0,0,0,516.0,369110.65,402972.23,48.97,9.23,38.87,1.0,1.6385330523516455,"Tata Steel Ltd
",Materials,Steel,Mid Cap,40.61,Fair,0,Avoid
1191,TCS,2019,146463,106957,39506.0,27.0,4311,198,2056,41563,24.0,31562,84.0,36.0,1420.0,375.0,89071.0,62.0,24393.0,113901.0,12290.0,963.0,29330.0,71318.0,113901.0,1104.0,28593.0,1645.0,-27897.0,2341.0,21.549469831971216,26.973365286795985,35.28609440332715,0.0006931556469825,221.2979797979798,1.2858798430215714,30238.0,1645.0,84.0,894.46,36.0,62.0,28593.0,,0,0,0,517.0,286225.25,332959.97,47.53,2.11,17.76,0.8,10.56440687884804,Tata Consultancy Services Ltd,Information Technology,IT Services,Large Cap,49.555,Fair,40,Hold
1192,TCS,2020,156949,114840,42109.0,27.0,4592,924,3529,42248,23.0,32447,86.0,85.0,1421.0,375.0,83751.0,8174.0,27827.0,120127.0,20928.0,906.0,26356.0,71937.0,120127.0,1105.0,32369.0,8968.0,-39915.0,1422.0,20.673594607165384,26.829734499741956,38.56952666238737,0.0971637781423103,50.54220779220779,1.3065255937466185,41337.0,8968.0,86.0,841.26,85.0,8174.0,32369.0,,0,0,0,518.0,290730.69,372282.29,57.2,0.61,13.84,0.05,14.218313174986788,Tata Consultancy Services Ltd,Information Technology,IT Services,Large Cap,49.555,Fair,60,Buy
1193,TCS,2021,164177,117631,46546.0,28.0,1916,637,4065,43760,26.0,32562,88.0,43.0,1422.0,370.0,86063.0,7795.0,35764.0,129992.0,21021.0,926.0,29373.0,78672.0,129992.0,1106.0,38802.0,-7956.0,-32634.0,-1788.0,19.833472410873632,28.351108864213625,37.67311096456215,0.0901854615713905,76.0784929356358,1.2629777217059512,30846.0,7956.0,88.0,864.33,43.0,7795.0,38802.0,,0,0,0,519.0,351038.19,381848.36,79.57,11.14,23.13,3.62,8.787078123893016,Tata Consultancy Services Ltd,Information Technology,IT Services,Large Cap,49.555,Caution,20,Avoid
1194,TCS,2022,191754,138697,53057.0,28.0,4018,784,4604,51687,26.0,38449,105.0,41.0,1423.0,366.0,88773.0,7818.0,43967.0,140924.0,21298.0,1205.0,30485.0,87936.0,140924.0,1107.0,39949.0,-738.0,-33581.0,5630.0,20.051211448001087,27.669305464292798,43.13375739014349,0.0877057180358765,72.79974489795919,1.3606908688371038,39211.0,738.0,105.0,891.39,41.0,7818.0,39949.0,,0,0,0,520.0,422088.96,421038.16,46.18,8.56,20.79,0.81,9.289747829462302,Tata Consultancy Services Ltd,Information Technology,IT Services,Large Cap,49.555,Fair,20,Avoid
1195,TCS,2023,225458,166199,59259.0,26.0,3449,779,5022,56907,26.0,42303,115.0,100.0,1424.0,366.0,90058.0,7688.0,44747.0,142859.0,20515.0,1234.0,37163.0,83947.0,142859.0,1108.0,41965.0,548.0,-47878.0,-5365.0,18.763139919630262,26.283831134845517,46.7829337344068,0.0850216756613288,80.49807445442876,1.5781854835887132,42513.0,548.0,115.0,904.24,100.0,7688.0,41965.0,,0,0,0,521.0,405916.42,410957.48,8.74,13.8,29.01,3.1,10.473338329107259,Tata Consultancy Services Ltd,Information Technology,IT Services,Large Cap,49.555,Discount,20,Avoid
1196,TCS,2024,240893,176597,64296.0,27.0,3464,778,4985,61997,26.0,46099,127.0,58.0,1425.0,362.0,90127.0,8021.0,46962.0,145472.0,19604.0,1564.0,31762.0,92542.0,145472.0,1109.0,44338.0,6091.0,-48536.0,1893.0,19.136712150207767,26.69068839692312,50.944313673485176,0.0886406082507266,87.09511568123393,1.6559406621205457,50429.0,6091.0,127.0,904.89,58.0,8021.0,44338.0,14.34,0,0,0,522.0,461188.15,542230.13,78.69,6.08,29.94,1.62,10.934582772779395,Tata Consultancy Services Ltd,Information Technology,IT Services,Large Cap,49.555,Caution,20,Avoid
1204,TECHM,2019,34742,28471,6271.0,18.0,534,133,1129,5543,23.0,4289,44.0,29.0,1394.0,444.0,19841.0,1996.0,11166.0,33446.0,7061.0,276.0,7342.0,18766.0,33446.0,1116.0,4432.0,-2104.0,-2251.0,77.0,12.345288123884636,18.05019860687353,21.143702243036728,0.098397830909539,51.16541353383459,1.0387490282843987,2328.0,2104.0,44.0,202.85,29.0,1996.0,4432.0,,0,0,0,523.0,1639903.22,2067764.75,8.39,4.82,9.69,2.04,0.14195959685962442,Tech Mahindra Ltd,Information Technology,IT Services,Large Cap,49.555,Discount,20,Avoid
1205,TECHM,2020,36868,31365,5503.0,15.0,1192,192,1446,5058,23.0,3897,42.0,32.0,1395.0,436.0,21377.0,3670.0,11834.0,37318.0,8872.0,50.0,5848.0,22548.0,37318.0,1117.0,4358.0,1081.0,-4466.0,974.0,10.570142128675274,14.926223283063903,17.865493054600467,0.1682482923027552,34.869791666666664,0.987941475963342,5439.0,1081.0,42.0,218.13,32.0,3670.0,4358.0,,0,0,0,524.0,1800162.47,1804413.77,60.09,4.41,34.89,0.8,0.30213939522914285,Tech Mahindra Ltd,Information Technology,IT Services,Large Cap,49.555,Fair,0,Avoid
1206,TECHM,2021,37855,31059,6796.0,18.0,788,174,1458,5953,27.0,4353,46.0,89.0,1396.0,437.0,24428.0,2901.0,11836.0,39602.0,9018.0,118.0,10238.0,20228.0,39602.0,1118.0,8094.0,-5433.0,-2987.0,-326.0,11.499141460837404,17.952714304583278,17.506535290569072,0.1166700180977277,43.58620689655172,0.9558860663602848,2661.0,5433.0,46.0,248.65,89.0,2901.0,8094.0,,0,0,0,525.0,1860679.7,2137725.8,51.58,1.63,34.62,2.69,0.14301225514525687,Tech Mahindra Ltd,Information Technology,IT Services,Large Cap,49.555,Fair,20,Avoid
1207,TECHM,2022,44646,36626,8020.0,18.0,1115,163,1520,7452,24.0,5630,57.0,47.0,1397.0,439.0,26447.0,2618.0,14911.0,44416.0,14784.0,165.0,4884.0,24583.0,44416.0,1119.0,5285.0,480.0,-4667.0,1098.0,12.610312234018725,17.963535367110158,20.940266309603512,0.0973740980435914,56.04294478527607,1.0051783141210375,5765.0,480.0,57.0,268.86,47.0,2618.0,5285.0,,0,0,0,526.0,2390842.75,2981510.56,47.31,13.71,34.69,4.31,0.24112836362826456,Tech Mahindra Ltd,Information Technology,IT Services,Large Cap,49.555,Fair,0,Avoid
1208,TECHM,2023,53290,45527,7763.0,15.0,965,326,1957,6446,25.0,4857,50.0,91.0,1398.0,440.0,27484.0,2740.0,15162.0,45827.0,14932.0,120.0,3388.0,27388.0,45827.0,1120.0,5572.0,-226.0,-5078.0,267.0,9.11428035278664,14.567461062112963,17.3936398796734,0.0981234780117461,26.773006134969325,1.162851594038449,5346.0,226.0,50.0,279.24,91.0,2740.0,5572.0,,0,0,0,527.0,3048920.3,3745542.3,41.79,3.57,36.87,3.25,0.17534075915333044,Tech Mahindra Ltd,Information Technology,IT Services,Large Cap,49.555,Fair,0,Avoid
1209,TECHM,2024,51996,47489,4506.0,9.0,927,392,1817,3224,26.0,2397,24.0,150.0,1399.0,441.0,26228.0,2537.0,13943.0,43149.0,13903.0,133.0,3238.0,25875.0,43149.0,1121.0,6376.0,-1318.0,-4767.0,291.0,4.60996999769213,8.666051234710363,8.987963553189097,0.0951291761970827,13.85969387755102,1.2050337203643189,5058.0,1318.0,24.0,266.69,150.0,2537.0,6376.0,34.96,0,0,0,528.0,3021095.64,3131058.36,57.4,7.43,7.85,0.64,0.16742270363873682,Tech Mahindra Ltd,Information Technology,IT Services,Large Cap,49.555,Fair,20,Avoid
1217,TITAN,2019,19779,17785,1994.0,10.0,178,53,163,1957,29.0,1389,16.0,32.0,1381.0,89.0,5981.0,2393.0,3247.0,11710.0,1567.0,32.0,108.0,10003.0,11710.0,1128.0,1243.0,-797.0,-489.0,-43.0,7.022599726983164,10.081399464078062,22.8830313014827,0.3942339373970346,40.9811320754717,1.689069171648164,446.0,797.0,16.0,60.7,32.0,2393.0,1243.0,,0,0,0,529.0,1135740.07,1252789.18,63.2,11.39,10.85,0.44,0.03926954870932747,"Titan Company Ltd
",Consumer Discretionary,Gems & Jewellery,Large Cap,42.5,Fair,20,Avoid
1218,TITAN,2020,21052,18589,2463.0,12.0,153,166,348,2102,29.0,1493,17.0,24.0,1382.0,89.0,6580.0,3562.0,3313.0,13544.0,2633.0,18.0,158.0,10735.0,13544.0,1129.0,-348.0,235.0,-242.0,-355.0,7.091962758882767,11.69960098802964,22.38716449242765,0.5341130604288499,15.759036144578314,1.554341405788541,-113.0,235.0,17.0,66.69,24.0,3562.0,-348.0,,0,0,0,530.0,1301076.74,1556937.57,18.73,5.89,35.46,4.25,-0.008685114146303161,"Titan Company Ltd
",Consumer Discretionary,Gems & Jewellery,Large Cap,42.5,Discount,0,Avoid
1219,TITAN,2021,21644,19919,1725.0,8.0,180,203,375,1327,27.0,974,11.0,37.0,1383.0,89.0,7408.0,5638.0,3309.0,16444.0,2523.0,32.0,2824.0,11065.0,16444.0,1130.0,4139.0,-2799.0,-1234.0,106.0,4.500092404361486,7.969876178155609,12.99186341203148,0.7520341469921302,9.38423645320197,1.316224762831428,1340.0,2799.0,11.0,74.97,37.0,5638.0,4139.0,,0,0,0,531.0,1401305.03,1305744.95,26.55,3.88,13.36,2.22,0.09562514736709395,"Titan Company Ltd
",Consumer Discretionary,Gems & Jewellery,Large Cap,42.5,Discount,20,Avoid
1220,TITAN,2022,28799,25455,3344.0,12.0,177,218,399,2904,24.0,2198,24.0,31.0,1384.0,89.0,9214.0,7275.0,4610.0,21188.0,2544.0,85.0,294.0,18265.0,21188.0,1131.0,-724.0,1165.0,-403.0,38.0,7.632209451717073,11.61151428869058,23.6267870579383,0.782005804579168,16.15137614678899,1.3592127619407213,441.0,1165.0,24.0,93.03,31.0,7275.0,-724.0,,0,0,0,532.0,1599747.79,1518166.79,72.03,9.49,25.9,4.44,0.027566845396298376,"Titan Company Ltd
",Consumer Discretionary,Gems & Jewellery,Large Cap,42.5,Caution,0,Avoid
1221,TITAN,2023,40575,35693,4882.0,12.0,306,300,441,4447,26.0,3274,37.0,27.0,1385.0,89.0,11762.0,9367.0,5802.0,27020.0,2998.0,144.0,2515.0,21363.0,27020.0,1132.0,1370.0,-1814.0,457.0,13.0,8.069008009858287,12.03203943314849,27.626360644671337,0.7903974348156274,17.293333333333333,1.5016654330125834,-444.0,1814.0,37.0,118.51,27.0,9367.0,1370.0,,0,0,0,533.0,1862221.59,2367970.55,28.61,3.98,23.08,2.29,-0.02384249019473563,"Titan Company Ltd
",Consumer Discretionary,Gems & Jewellery,Large Cap,42.5,Discount,0,Avoid
1222,TITAN,2024,51084,45792,5292.0,10.0,534,619,584,4623,24.0,3496,39.0,28.0,1386.0,89.0,9304.0,15528.0,6626.0,31547.0,3709.0,97.0,2345.0,25396.0,31547.0,1133.0,1695.0,-189.0,-1329.0,177.0,6.843630099444054,10.359408033826638,37.2192057915469,1.653145959757266,9.411954765751211,1.619298190002219,1506.0,189.0,39.0,93.93,28.0,15528.0,1695.0,9.75,0,0,0,534.0,1793769.72,2116401.21,10.13,10.51,21.0,3.1,0.0839572651499547,"Titan Company Ltd
",Consumer Discretionary,Gems & Jewellery,Large Cap,42.5,Discount,0,Avoid
1230,TORNTPHARM,2019,7673,5690,1983.0,26.0,-300,504,618,562,22.0,436,13.0,66.0,1368.0,85.0,4640.0,6038.0,3351.0,14113.0,7748.0,617.0,353.0,5395.0,14113.0,1140.0,1798.0,-246.0,-1314.0,238.0,5.682262478821843,25.843868108953476,9.227513227513228,1.2778835978835978,3.3392857142857144,0.5436831290299724,1552.0,246.0,13.0,47.25,66.0,6038.0,1798.0,,0,0,0,535.0,961478.14,994047.23,78.75,1.44,28.93,2.04,0.16141812646931317,Torrent Pharmaceuticals Ltd,Healthcare,Pharmaceuticals,Large Cap,37.955,Caution,20,Avoid
1231,TORNTPHARM,2020,7939,5769,2170.0,27.0,121,451,654,1187,14.0,1025,30.0,53.0,1369.0,85.0,4739.0,5784.0,3402.0,14010.0,7533.0,712.0,2.0,5763.0,14010.0,1141.0,1393.0,229.0,-1549.0,73.0,12.910945962967627,27.33341730696561,21.24792703150912,1.199004975124378,5.079822616407983,0.5666666666666667,1622.0,229.0,30.0,48.24,53.0,5784.0,1393.0,,0,0,0,536.0,1212490.1,1474201.75,65.62,1.87,33.78,0.96,0.1337742881364557,Torrent Pharmaceuticals Ltd,Healthcare,Pharmaceuticals,Large Cap,37.955,Caution,20,Avoid
1232,TORNTPHARM,2021,8005,5524,2480.0,31.0,57,353,658,1526,18.0,1252,37.0,47.0,1370.0,85.0,5753.0,4874.0,3363.0,14075.0,7065.0,889.0,181.0,5940.0,14075.0,1142.0,2005.0,-444.0,-1651.0,-89.0,15.640224859462837,30.98063710181137,21.44570058239123,0.8348749571771155,7.186968838526912,0.5687388987566607,1561.0,444.0,37.0,58.38,47.0,4874.0,2005.0,,0,0,0,537.0,1046185.12,1032684.61,42.51,11.26,12.65,0.51,0.14920877482944894,Torrent Pharmaceuticals Ltd,Healthcare,Pharmaceuticals,Large Cap,37.955,Fair,20,Avoid
1233,TORNTPHARM,2022,8508,6077,2431.0,29.0,-288,255,662,1226,37.0,777,23.0,105.0,1371.0,85.0,5868.0,4070.0,2884.0,12906.0,6423.0,630.0,226.0,5628.0,12906.0,1143.0,1803.0,-196.0,-1781.0,-174.0,9.132581100141044,28.573107663375648,13.052242566773057,0.6836888963547791,8.403921568627451,0.6592282659228266,1607.0,196.0,23.0,59.53,105.0,4070.0,1803.0,,0,0,0,538.0,1227158.01,1587401.56,51.26,10.52,24.64,3.52,0.13095298135241767,Torrent Pharmaceuticals Ltd,Healthcare,Pharmaceuticals,Large Cap,37.955,Fair,0,Avoid
1234,TORNTPHARM,2023,9620,6778,2842.0,30.0,45,333,707,1847,33.0,1245,37.0,60.0,1372.0,169.0,6029.0,5369.0,3043.0,14610.0,8121.0,765.0,199.0,5524.0,14610.0,1144.0,2368.0,-2335.0,77.0,110.0,12.941787941787942,29.54261954261954,20.087124878993222,0.8662471765085511,8.66966966966967,0.6584531143052703,33.0,2335.0,37.0,61.98,60.0,5369.0,2368.0,,0,0,0,539.0,1641817.42,1834980.01,38.01,12.97,38.94,0.58,0.0020099677100514626,Torrent Pharmaceuticals Ltd,Healthcare,Pharmaceuticals,Large Cap,37.955,Fair,0,Avoid
1235,TORNTPHARM,2024,10728,7360,3368.0,31.0,146,354,808,2352,30.0,1656,49.0,57.0,1373.0,169.0,6687.0,4022.0,3627.0,14505.0,8138.0,361.0,173.0,5834.0,14505.0,1145.0,3266.0,-160.0,-2780.0,327.0,15.436241610738255,31.3944817300522,24.15402567094516,0.5866394399066511,9.926553672316384,0.7396070320579111,3106.0,160.0,49.0,68.56,57.0,4022.0,3266.0,13.19,0,0,0,540.0,1870170.39,2275967.43,46.4,6.43,27.93,1.22,0.1660811237632738,Torrent Pharmaceuticals Ltd,Healthcare,Pharmaceuticals,Large Cap,37.955,Fair,0,Avoid
1243,TRENT,2019,2630,2390,241.0,9.0,30,51,52,165,44.0,95,3.0,45.0,1355.0,33.0,1613.0,494.0,418.0,2559.0,662.0,87.0,883.0,927.0,2559.0,1152.0,21.0,-37.0,37.0,21.0,3.612167300380228,9.163498098859316,5.771567436208992,0.3001215066828676,5.313725490196078,1.0277452129738178,-16.0,37.0,3.0,16.46,45.0,494.0,21.0,,0,0,0,541.0,709354.25,819010.58,70.85,12.21,27.83,3.78,-0.002255572585911764,Trent Ltd,Consumer Discretionary,Retail,Large Cap,42.5,Caution,0,Avoid
1244,TRENT,2020,3486,2957,529.0,15.0,147,263,247,165,36.0,106,3.0,29.0,1356.0,36.0,2352.0,300.0,2819.0,5507.0,2738.0,23.0,1515.0,1230.0,5507.0,1153.0,361.0,-809.0,452.0,5.0,3.040734366035571,15.174985656913368,4.438860971524288,0.1256281407035175,2.570342205323194,0.633012529507899,-448.0,809.0,3.0,23.88,29.0,300.0,361.0,,0,0,0,542.0,704799.66,813935.48,50.52,9.53,10.9,1.25,-0.0635641623323144,Trent Ltd,Consumer Discretionary,Retail,Large Cap,42.5,Fair,20,Avoid
1245,TRENT,2021,2593,2479,114.0,4.0,199,261,257,-205,-12.0,-181,-4.0,-15.0,1357.0,36.0,2277.0,300.0,3111.0,5724.0,3054.0,108.0,1487.0,1075.0,5724.0,1154.0,285.0,18.0,-283.0,20.0,-6.980331662167373,4.396451986116468,-7.825335062689148,0.1297016861219196,1.1992337164750957,0.453004891684137,303.0,18.0,-4.0,23.13,-15.0,300.0,285.0,,0,0,0,543.0,700098.06,798656.79,78.02,14.33,12.95,1.37,0.043279651424830395,Trent Ltd,Consumer Discretionary,Retail,Large Cap,42.5,Caution,20,Avoid
1246,TRENT,2022,4498,3903,595.0,13.0,152,325,311,111,69.0,35,3.0,57.0,1358.0,36.0,2328.0,4725.0,637.0,7726.0,4687.0,105.0,1284.0,1651.0,7726.0,1155.0,58.0,56.0,-108.0,6.0,0.7781236104935527,13.228101378390395,1.4805414551607443,1.998730964467005,2.2984615384615386,0.582190007765985,114.0,56.0,3.0,23.64,57.0,4725.0,58.0,,0,0,0,544.0,607706.78,643881.28,68.1,13.78,13.28,1.2,0.018759046920621816,Trent Ltd,Consumer Discretionary,Retail,Large Cap,42.5,Caution,20,Avoid
1247,TRENT,2023,8242,7128,1114.0,14.0,341,409,494,552,29.0,394,13.0,18.0,1359.0,36.0,2560.0,4464.0,1022.0,8082.0,4527.0,102.0,1110.0,2343.0,8082.0,1156.0,595.0,-103.0,-491.0,1.0,4.780393108468818,13.51613685998544,15.17719568567026,1.7195685670261942,3.557457212713937,1.01979707993071,492.0,103.0,13.0,25.96,18.0,4464.0,595.0,,0,0,0,545.0,583656.73,607027.17,65.94,9.88,32.51,2.62,0.08429612385348491,Trent Ltd,Consumer Discretionary,Retail,Large Cap,42.5,Caution,0,Avoid
1248,TRENT,2024,12375,10404,1971.0,16.0,989,368,671,1921,23.0,1477,42.0,8.0,1360.0,36.0,4032.0,1753.0,1341.0,7162.0,2450.0,224.0,1416.0,3072.0,7162.0,1157.0,1349.0,-508.0,-629.0,211.0,11.935353535353537,15.927272727272726,36.30776794493609,0.4309242871189774,8.043478260869565,1.727869310248534,841.0,508.0,42.0,40.68,8.0,1753.0,1349.0,0.23,0,0,0,546.0,571322.04,566293.08,8.65,11.82,34.65,3.46,0.14720244295143942,Trent Ltd,Consumer Discretionary,Retail,Large Cap,42.5,Discount,0,Avoid
1256,TVSMOTOR,2019,20160,17997,2163.0,11.0,25,663,442,1083,33.0,725,15.0,24.0,1342.0,48.0,3123.0,9298.0,4228.0,16696.0,3367.0,745.0,440.0,12145.0,16696.0,1164.0,-918.0,-1104.0,2210.0,188.0,3.5962301587301586,10.729166666666666,22.863450015767896,2.9321980447808262,3.300150829562594,1.2074748442740777,-2022.0,1104.0,15.0,31.71,24.0,9298.0,-918.0,,0,0,0,547.0,143093.33,131403.61,15.6,6.89,21.67,3.67,-1.4130637675424844,TVS Motor Company Ltd,Consumer Discretionary,Two Wheelers,Large Cap,42.5,Discount,0,Avoid
1257,TVSMOTOR,2020,18849,16585,2264.0,12.0,12,855,556,865,25.0,647,13.0,27.0,1343.0,48.0,3235.0,11591.0,4399.0,19272.0,3811.0,1006.0,371.0,14085.0,19272.0,1165.0,373.0,-1090.0,1619.0,902.0,3.4325428404689906,12.011247281022866,19.70758452634785,3.5306122448979598,2.6619883040935672,0.9780510585305106,-717.0,1090.0,13.0,32.83,27.0,11591.0,373.0,,0,0,0,548.0,170247.22,163663.43,24.28,4.64,9.33,1.29,-0.42115225141414936,TVS Motor Company Ltd,Consumer Discretionary,Two Wheelers,Large Cap,42.5,Discount,20,Avoid
1258,TVSMOTOR,2021,19421,17189,2232.0,11.0,36,881,565,822,26.0,608,13.0,28.0,1344.0,48.0,3779.0,12179.0,5859.0,21865.0,4221.0,1041.0,468.0,16135.0,21865.0,1166.0,1151.0,-882.0,264.0,532.0,3.130631790330056,11.49271407239586,15.88711784687745,3.182388293702639,2.5743473325766173,0.8882231877429683,269.0,882.0,13.0,38.27,28.0,12179.0,1151.0,,0,0,0,549.0,206731.04,206020.01,68.15,7.31,16.3,1.86,0.13012075980462343,TVS Motor Company Ltd,Consumer Discretionary,Two Wheelers,Large Cap,42.5,Caution,0,Avoid
1259,TVSMOTOR,2022,24355,21601,2755.0,11.0,-5,940,743,1067,31.0,731,16.0,24.0,1345.0,48.0,4352.0,15827.0,6692.0,26919.0,5975.0,552.0,605.0,19788.0,26919.0,1167.0,-1575.0,-1471.0,2918.0,532.0,3.001437076575652,11.311845616916443,16.613636363636363,3.5970454545454547,2.925531914893617,0.9047512909097664,-3046.0,1471.0,16.0,44.0,24.0,15827.0,-1575.0,,0,0,0,550.0,249058.89,275637.72,8.52,13.87,7.31,4.22,-1.223003924895032,TVS Motor Company Ltd,Consumer Discretionary,Two Wheelers,Large Cap,42.5,Discount,20,Avoid
1260,TVSMOTOR,2023,31974,27947,4027.0,13.0,136,1368,859,1936,32.0,1309,28.0,18.0,1346.0,48.0,5457.0,22376.0,7144.0,35025.0,5748.0,743.0,967.0,27566.0,35025.0,1168.0,-4405.0,-1308.0,6118.0,406.0,4.093951335460061,12.594608119096767,23.77838328792007,4.064668483197093,3.04312865497076,0.9128907922912206,-5713.0,1308.0,28.0,55.05,18.0,22376.0,-4405.0,,0,0,0,551.0,215205.91,260053.04,46.5,7.83,7.55,1.07,-2.654666872299185,TVS Motor Company Ltd,Consumer Discretionary,Two Wheelers,Large Cap,42.5,Fair,20,Avoid
1261,TVSMOTOR,2024,39145,33645,5500.0,14.0,106,1928,975,2703,34.0,1779,36.0,23.0,1347.0,48.0,6736.0,26006.0,9235.0,42024.0,5891.0,1033.0,1123.0,33977.0,42024.0,1169.0,-1253.0,-1001.0,2759.0,505.0,4.544641716694342,14.050325712096054,26.22346698113208,3.833431603773585,2.9076763485477177,0.931491528650295,-2254.0,1001.0,36.0,67.84,23.0,26006.0,-1253.0,16.82,0,0,0,552.0,266591.41,334973.15,46.1,5.62,7.1,3.07,-0.8454886074536311,TVS Motor Company Ltd,Consumer Discretionary,Two Wheelers,Large Cap,42.5,Fair,20,Avoid
