id_pnl,company_id,year,sales,expenses,operating_profit,opm_percentage,other_income,interest,depreciation,profit_before_tax,tax_percentage,net_profit,eps,dividend_payout,id_bal,equity_capital,reserves,borrowings,other_liabilities,total_liabilities,fixed_assets,cwip,investments,other_asset,total_assets,id_x,operating_activity,investing_activity,financing_activity,net_cash_flow,net_profit_margin_pct,operating_profit_margin_pct,return_on_equity_pct,debt_to_equity,interest_coverage,asset_turnover,free_cash_flow_cr,capex_cr,earnings_per_share,book_value_per_share,dividend_payout_ratio_pct,total_debt_cr,cash_from_operations_cr,revenue_cagr_5yr,pat_cagr_5yr,eps_cagr_5yr,composite_quality_score,id_y,market_cap_crore,enterprise_value_crore,pe_ratio,pb_ratio,ev_ebitda,dividend_yield_pct,fcf_yield_pct,company_name,broad_sector,sub_sector,market_cap_category,sector_median_pe,valuation_status,valuation_score,investment_rating
67,ABB,2019,3679,3074,605.0,16.0,113,2,17,699,36.0,450,212.0,31.0,142.0,21.0,1987.0,0.0,932.0,2941.0,105.0,1.0,0.0,2835.0,2941.0,67.0,499.0,-257.0,-143.0,99.0,12.231584669747214,16.444686055993476,22.41035856573705,0.0,359.0,1.2509350561033663,242.0,257.0,212.0,20.08,31.0,0.0,499.0,,0,0,0,1.0,844312.98,814410.48,19.29,14.26,22.84,0.84,0.028662356937826542,Abbott India Ltd,Industrials,Capital Goods,Large Cap,48.83,Discount,40,Hold
70,ABB,2022,4913,3832,1082.0,22.0,83,19,66,1080,26.0,799,376.0,73.0,145.0,21.0,2799.0,152.0,1253.0,4224.0,271.0,1.0,0.0,3952.0,4224.0,70.0,948.0,-396.0,-637.0,-86.0,16.26297577854671,22.023203745165887,28.33333333333333,0.0539007092198581,61.31578947368421,1.1631155303030305,552.0,396.0,376.0,28.2,73.0,152.0,948.0,,0,0,0,4.0,1185994.82,1158637.42,18.68,4.75,6.12,3.35,0.0465432049694787,Abbott India Ltd,Industrials,Capital Goods,Large Cap,48.83,Discount,60,Buy
72,ABB,2024,5849,4396,1453.0,25.0,248,12,71,1618,26.0,1201,565.0,73.0,147.0,21.0,3678.0,83.0,1411.0,5193.0,225.0,10.0,0.0,4958.0,5193.0,72.0,1213.0,-416.0,-745.0,52.0,20.53342451701145,24.84185330825782,32.46823465801568,0.0224384968910516,141.75,1.1263238975544,797.0,416.0,565.0,36.99,73.0,83.0,1213.0,14.81,0,0,0,6.0,1536236.24,1619349.16,75.58,4.48,12.63,0.96,0.051880041574855706,Abbott India Ltd,Industrials,Capital Goods,Large Cap,48.83,Caution,20,Avoid
91,ADANIENSOL,2019,7305,4528,2778.0,38.0,336,1391,882,840,33.0,559,5.0,0.0,154.0,1100.0,6943.0,20137.0,4379.0,32558.0,24412.0,694.0,336.0,7117.0,32558.0,89.0,2591.0,-3050.0,38.0,-421.0,7.652292950034223,38.02874743326489,6.950142981474575,2.50366778565212,2.2386772106398274,0.2243688187235088,-459.0,3050.0,5.0,80.43,0.0,20137.0,2591.0,,0,0,0,7.0,171905.69,222090.81,76.72,12.85,34.64,2.97,-0.26700686870806895,Adani Energy Solutions Ltd,Energy,Power & Utilities,Large Cap,41.495,Caution,0,Avoid
94,ADANIENSOL,2022,11258,7051,4206.0,37.0,1286,2365,1427,1700,27.0,1236,11.0,0.0,157.0,1100.0,8813.0,29902.0,7650.0,47464.0,30272.0,5060.0,561.0,11572.0,47464.0,92.0,4097.0,-3936.0,-235.0,-75.0,10.978859477704743,37.3600994848108,12.46847573892868,3.016443054574801,2.3221987315010573,0.2371902915894151,161.0,3936.0,11.0,99.13,0.0,29902.0,4097.0,,0,0,0,10.0,306303.52,354481.15,71.21,6.44,19.65,2.37,0.052562242836778364,Adani Energy Solutions Ltd,Energy,Power & Utilities,Large Cap,41.495,Caution,0,Avoid
95,ADANIENSOL,2023,13293,8775,4518.0,34.0,1583,2781,1608,1712,25.0,1281,11.0,0.0,158.0,1115.0,10634.0,34270.0,7913.0,53932.0,32645.0,6200.0,1370.0,13716.0,53932.0,93.0,3777.0,-4699.0,923.0,2.0,9.636650868878355,33.98781313473256,10.90305557919823,2.916843986722274,2.193815174397699,0.2464770451679893,-922.0,4699.0,11.0,117.49,0.0,34270.0,3777.0,,0,0,0,11.0,263283.51,289260.77,28.96,13.96,8.07,2.07,-0.350192839650307,Adani Energy Solutions Ltd,Energy,Power & Utilities,Large Cap,41.495,Discount,60,Buy
114,ADANIGREEN,2020,2549,1098,1450.0,57.0,-111,995,394,-50,23.0,-68,0.0,0.0,195.0,1564.0,793.0,14866.0,1201.0,18424.0,12554.0,1208.0,476.0,4186.0,18424.0,110.0,1965.0,-3743.0,2161.0,383.0,-2.6677128285602194,56.88505296194586,-2.88502333474756,6.307170131523122,1.3457286432160804,0.1383521493703864,-1778.0,3743.0,0.0,23.57,0.0,14866.0,1965.0,,0,0,0,20.0,517543.72,664150.23,72.14,14.91,19.59,0.21,-0.3435458554110173,Adani Green Energy Ltd,Energy,Renewable Energy,Large Cap,41.495,Caution,0,Avoid
115,ADANIGREEN,2021,3124,883,2241.0,72.0,391,1953,486,193,6.0,182,1.0,0.0,196.0,1564.0,636.0,24209.0,2283.0,28692.0,16429.0,4452.0,502.0,7309.0,28692.0,111.0,1601.0,-9137.0,7083.0,-453.0,5.825864276568503,71.73495518565942,8.272727272727273,11.004090909090907,1.3476702508960574,0.1088805241879269,-7536.0,9137.0,1.0,22.0,0.0,24209.0,1601.0,,0,0,0,21.0,519085.0,607489.51,17.73,4.85,6.97,2.14,-1.4517853530731961,Adani Green Energy Ltd,Energy,Renewable Energy,Large Cap,41.495,Discount,60,Buy
117,ADANIGREEN,2023,7776,2806,4970.0,64.0,667,2911,1300,1426,32.0,973,6.0,0.0,198.0,1584.0,5720.0,54223.0,5382.0,66909.0,48336.0,5291.0,1149.0,12133.0,66909.0,113.0,7265.0,-3857.0,-2973.0,435.0,12.512860082304528,63.91460905349794,13.321467688937568,7.423740416210296,1.936447956028856,0.1162175492086266,3408.0,3857.0,6.0,73.04,0.0,54223.0,7265.0,,0,0,0,23.0,449015.01,546204.41,9.89,6.92,25.56,4.31,0.7589946714698914,Adani Green Energy Ltd,Energy,Renewable Energy,Large Cap,41.495,Discount,40,Hold
128,ADANIPORTS,2021,12550,3862,8688.0,69.0,1967,2255,2107,6292,20.0,5049,25.0,20.0,209.0,406.0,30035.0,35855.0,8285.0,74582.0,48291.0,3697.0,2236.0,20358.0,74582.0,123.0,7556.0,-14064.0,3514.0,-2994.0,40.23107569721115,69.22709163346613,16.586183108307875,1.1778522387569397,4.725055432372505,0.168271164624172,-6508.0,14064.0,25.0,304.41,20.0,35855.0,7556.0,,0,0,0,27.0,611152.14,782103.44,77.47,0.9,30.06,1.0,-1.064873960843858,"Adani Ports & Special Economic Zone Ltd
",Industrials,Infrastructure,Large Cap,48.83,Caution,20,Avoid
129,ADANIPORTS,2022,17119,7591,9528.0,56.0,1832,2544,3099,5717,13.0,4953,23.0,22.0,210.0,422.0,41399.0,47935.0,8572.0,98328.0,62553.0,4023.0,3161.0,28591.0,98328.0,124.0,10420.0,-5493.0,-586.0,4341.0,28.93276476429698,55.65745662713943,11.843332297171278,1.1461944955883407,4.465408805031447,0.1741009681881051,4927.0,5493.0,23.0,418.21,22.0,47935.0,10420.0,,0,0,0,28.0,733808.16,915420.63,15.26,3.96,5.84,0.2,0.6714288922597972,"Adani Ports & Special Economic Zone Ltd
",Industrials,Infrastructure,Large Cap,48.83,Discount,60,Buy
130,ADANIPORTS,2023,20852,9905,10947.0,52.0,327,2363,3425,5487,2.0,5391,25.0,20.0,211.0,432.0,44957.0,53434.0,13740.0,112563.0,72224.0,6637.0,7432.0,26271.0,112563.0,125.0,11900.0,-16716.0,-2734.0,-7550.0,25.85363514291195,52.498561289084975,11.8773271056864,1.1772455881380952,4.771053745239103,0.1852473725824649,-4816.0,16716.0,25.0,453.89,20.0,53434.0,11900.0,,0,0,0,29.0,634603.85,774389.91,29.48,7.65,32.57,2.23,-0.7588986420425908,"Adani Ports & Special Economic Zone Ltd
",Industrials,Infrastructure,Large Cap,48.83,Discount,40,Hold
152,ADANIPOWER,2019,23884,18901,4983.0,21.0,2448,5657,2751,-976,1.0,-984,-3.0,0.0,220.0,3857.0,3855.0,46980.0,13293.0,67985.0,50419.0,350.0,3.0,17213.0,67985.0,133.0,5610.0,-984.0,-4663.0,-37.0,-4.119912912409982,20.86333947412494,-12.75933609958506,6.091804979253112,1.313593777620647,0.3513127895859381,4626.0,984.0,-3.0,77.12,0.0,46980.0,5610.0,,0,0,0,31.0,1188256.85,1362538.77,27.22,4.37,35.21,0.06,0.38930976917995463,Adani Power Ltd,Energy,Power & Utilities,Large Cap,41.495,Discount,40,Hold
153,ADANIPOWER,2020,26468,20734,5734.0,22.0,323,5315,3006,-2265,0.0,-2275,-6.0,0.0,221.0,3857.0,2624.0,55199.0,13346.0,75025.0,55846.0,2347.0,3.0,16830.0,75025.0,134.0,5598.0,-2304.0,-2377.0,917.0,-8.595284872298626,21.66389602538915,-35.10260762228052,8.517049837987965,1.139604891815616,0.3527890703098967,3294.0,2304.0,-6.0,64.81,0.0,55199.0,5598.0,,0,0,0,32.0,1117866.08,1278915.22,66.83,5.7,27.87,2.51,0.2946685706752995,Adani Power Ltd,Energy,Power & Utilities,Large Cap,41.495,Caution,0,Avoid
154,ADANIPOWER,2021,26221,17533,8688.0,33.0,1909,5106,3202,2289,45.0,1270,3.0,0.0,222.0,3857.0,9256.0,52519.0,13175.0,78806.0,52851.0,6439.0,20.0,19495.0,78806.0,135.0,7014.0,-2188.0,-5655.0,-828.0,4.84344609282636,33.13374775942947,9.685045374818882,4.005109433386716,2.0754014884449665,0.3327284724513362,4826.0,2188.0,3.0,131.13,0.0,52519.0,7014.0,,0,0,0,33.0,986259.76,1132916.67,66.6,14.89,6.04,2.97,0.48932342124553474,Adani Power Ltd,Energy,Power & Utilities,Large Cap,41.495,Caution,20,Avoid
167,AMBUJACEM,2020,24516,19511,5006.0,20.0,288,140,1162,3992,22.0,3107,12.0,151.0,235.0,397.0,22360.0,471.0,16490.0,39718.0,20486.0,2422.0,167.0,16643.0,39718.0,147.0,4832.0,-1317.0,-3956.0,-441.0,12.67335617555882,20.41931799641051,13.65294195192688,0.0206969284176297,37.81428571428572,0.6172516239488394,3515.0,1317.0,12.0,227.57,151.0,471.0,4832.0,,0,0,0,38.0,1025434.68,969394.29,79.32,9.29,17.71,1.12,0.3427814631742316,Ambuja Cements Ltd,Materials,Cement,Large Cap,40.61,Caution,0,Avoid
169,AMBUJACEM,2023,38937,33815,5122.0,13.0,447,195,1645,3729,19.0,3024,13.0,19.0,,,,,,,,,,,,,,,,,7.766391863779952,13.154583044405063,,,28.55897435897436,,,,13.0,,19.0,,,,0,0,0,41.0,1410892.33,1458659.98,73.29,1.59,6.74,0.57,,Ambuja Cements Ltd,Materials,Cement,Large Cap,40.61,Caution,40,Hold
180,APOLLOHOSP,2021,10560,9420,1140.0,11.0,103,449,573,221,38.0,137,10.0,29.0,248.0,72.0,4531.0,4160.0,2629.0,11392.0,6778.0,234.0,1343.0,3037.0,11392.0,159.0,1265.0,-880.0,-340.0,44.0,1.2973484848484849,10.795454545454543,2.976319791440365,0.9037584184227676,2.7683741648106905,0.9269662921348316,385.0,880.0,10.0,46.03,29.0,4160.0,1265.0,,0,0,0,45.0,1154138.06,1069918.55,11.18,6.7,8.4,3.35,0.033358227524357006,"Apollo Hospitals
Chain of Indian private hospitals",Healthcare,Healthcare,Large Cap,37.955,Discount,60,Buy
182,APOLLOHOSP,2023,16612,14548,2065.0,12.0,75,381,615,1144,22.0,844,57.0,26.0,250.0,72.0,6126.0,4332.0,3886.0,14416.0,8520.0,610.0,574.0,4712.0,14416.0,161.0,1377.0,-857.0,-633.0,-113.0,5.080664579821816,12.430772935227546,13.61729590190384,0.6989351403678606,5.616797900262467,1.152330743618202,520.0,857.0,57.0,61.98,26.0,4332.0,1377.0,,0,0,0,47.0,1446203.76,1674544.0,17.38,12.98,28.27,3.2,0.035956205783893136,"Apollo Hospitals
Chain of Indian private hospitals",Healthcare,Healthcare,Large Cap,37.955,Discount,40,Hold
192,ASIANPAINT,2020,20211,16054,4157.0,21.0,355,102,780,3629,24.0,2774,28.0,43.0,260.0,96.0,10034.0,1118.0,4889.0,16138.0,6272.0,140.0,2019.0,7707.0,16138.0,170.0,3038.0,-518.0,-2871.0,-351.0,13.72519914897828,20.568007520657066,27.38400789733465,0.1103652517275419,44.23529411764706,1.2523856735654977,2520.0,518.0,28.0,101.3,43.0,1118.0,3038.0,,0,0,0,50.0,1148763.92,1230363.26,13.27,6.46,22.97,0.29,0.21936622104217895,"Asian Paints
Indian Multi-National Paint and Coating Manufacturing Company",Materials,Paints & Coatings,Large Cap,40.61,Discount,40,Hold
193,ASIANPAINT,2021,21713,16857,4856.0,22.0,332,92,791,4304,26.0,3207,33.0,55.0,261.0,96.0,12710.0,1093.0,6456.0,20355.0,5859.0,183.0,4737.0,9577.0,20355.0,171.0,3683.0,-541.0,-650.0,2492.0,14.769953484087877,22.36448210749321,25.042948617835396,0.0853506168983289,56.391304347826086,1.0667157946450505,3142.0,541.0,33.0,128.06,55.0,1093.0,3683.0,,0,0,0,51.0,1269304.94,1629400.62,78.48,8.21,23.03,1.28,0.24753704968642132,"Asian Paints
Indian Multi-National Paint and Coating Manufacturing Company",Materials,Paints & Coatings,Large Cap,40.61,Caution,0,Avoid
196,ASIANPAINT,2024,35495,27910,7585.0,21.0,821,205,853,7348,24.0,5558,57.0,58.0,264.0,96.0,18632.0,2474.0,8698.0,29901.0,7147.0,2698.0,4588.0,15468.0,29901.0,174.0,6104.0,-2548.0,-2982.0,573.0,15.658543456824903,21.3692069305536,29.677488252883386,0.1321016659547202,41.00487804878049,1.187084044011906,3556.0,2548.0,57.0,187.28,58.0,2474.0,6104.0,9.88,0,0,0,54.0,2126725.18,2475080.63,73.37,3.9,23.94,2.42,0.16720543083991699,"Asian Paints
Indian Multi-National Paint and Coating Manufacturing Company",Materials,Paints & Coatings,Large Cap,40.61,Caution,0,Avoid
199,ATGL,2019,1719,1264,455.0,26.0,59,90,67,357,36.0,229,2.0,12.0,280.0,110.0,992.0,394.0,552.0,2048.0,980.0,190.0,176.0,701.0,2048.0,,,,,,13.321698662012798,26.46887725421757,20.780399274047188,0.3575317604355716,5.711111111111111,0.83935546875,,,2.0,11.02,12.0,394.0,,,0,0,0,55.0,1148243.4,1228379.56,21.14,0.81,10.15,4.39,,Adani Total Gas Ltd,Energy,Gas Distribution,Large Cap,41.495,Discount,80,Strong Buy
200,ATGL,2020,1875,1280,595.0,32.0,44,41,51,547,20.0,436,4.0,6.0,281.0,110.0,1361.0,428.0,577.0,2476.0,1198.0,342.0,282.0,655.0,2476.0,,,,,,23.25333333333333,31.73333333333333,29.63970088375255,0.2909585316111489,15.585365853658535,0.7572697899838449,,,4.0,14.71,6.0,428.0,,,0,0,0,56.0,1099356.08,1400593.18,22.78,14.0,27.91,0.51,,Adani Total Gas Ltd,Energy,Gas Distribution,Large Cap,41.495,Discount,40,Hold
202,ATGL,2022,3038,2265,773.0,25.0,46,53,83,684,26.0,509,5.0,5.0,283.0,110.0,2306.0,1035.0,964.0,4415.0,1733.0,1171.0,634.0,878.0,4415.0,,,,,,16.754443712969056,25.44437129690586,21.06788079470199,0.4283940397350993,15.452830188679243,0.6881087202718007,,,5.0,24.16,5.0,1035.0,,,0,0,0,58.0,1548060.05,1597088.78,74.55,14.11,6.42,0.07,,Adani Total Gas Ltd,Energy,Gas Distribution,Large Cap,41.495,Caution,20,Avoid
203,ATGL,2023,4378,3508,870.0,20.0,54,78,113,733,25.0,546,5.0,5.0,284.0,110.0,2831.0,1422.0,1282.0,5645.0,2335.0,1619.0,682.0,1010.0,5645.0,,,,,,12.47144814984011,19.87208771128369,18.56511390683441,0.4835090105406324,11.846153846153848,0.7755535872453498,,,5.0,29.41,5.0,1422.0,,,0,0,0,59.0,1644865.15,1868991.35,28.01,4.26,28.74,2.71,,Adani Total Gas Ltd,Energy,Gas Distribution,Large Cap,41.495,Discount,40,Hold
213,BAJAJ-AUTO,2020,29919,24809,5109.0,17.0,1832,3,246,6692,22.0,5212,180.0,67.0,306.0,289.0,21373.0,126.0,4722.0,26510.0,1699.0,60.0,19914.0,4837.0,26510.0,215.0,3850.0,1766.0,-6247.0,-630.0,17.42036832781844,17.076105484808984,24.06056689133044,0.0058166374296002,2313.6666666666665,1.1285929837797055,5616.0,1766.0,180.0,216.62,67.0,126.0,3850.0,,0,0,0,68.0,351288.98,435411.55,79.31,9.65,32.77,0.07,1.5986837958879327,Bajaj Auto Ltd,Consumer Discretionary,Two Wheelers,Large Cap,42.5,Caution,0,Avoid
216,BAJAJ-AUTO,2023,36455,29991,6465.0,18.0,1703,40,286,7842,23.0,6060,214.0,65.0,309.0,283.0,29079.0,124.0,5651.0,35136.0,2842.0,85.0,26183.0,6026.0,35136.0,218.0,5277.0,1211.0,-7181.0,-692.0,16.62323412426279,17.734192840488273,20.638921054424088,0.0042231455622913,204.2,1.037539845173042,6488.0,1211.0,214.0,293.62,65.0,124.0,5277.0,,0,0,0,71.0,552671.87,600604.78,78.58,8.54,37.84,3.66,1.173933458925637,Bajaj Auto Ltd,Consumer Discretionary,Two Wheelers,Large Cap,42.5,Caution,0,Avoid
242,BAJAJFINSV,2023,82072,52204,29868.0,36.0,1,12380,678,16811,27.0,12210,40.0,2.0,322.0,159.0,46248.0,212265.0,146729.0,405401.0,4336.0,191.0,136176.0,264698.0,405401.0,242.0,-39480.0,-13945.0,51016.0,-2409.0,14.87718101179452,36.39243590993274,26.31068588790485,4.573986683043507,2.4126817447495963,0.2024464665849369,-53425.0,13945.0,40.0,464.07,2.0,212265.0,-39480.0,,0,0,0,77.0,1845750.3,2241384.41,76.89,13.57,9.02,1.66,-2.8944868653143385,Bajaj Finserv Ltd,Financials,Diversified Financials,Large Cap,43.585,Caution,20,Avoid
243,BAJAJFINSV,2024,110382,69497,40886.0,37.0,-4,18607,900,21375,27.0,15595,51.0,2.0,323.0,159.0,60169.0,288933.0,188154.0,537415.0,5455.0,220.0,168385.0,363355.0,537415.0,243.0,-68674.0,-10960.0,82709.0,3075.0,14.128209309488865,37.04045949520755,25.850351412279537,4.789368120938867,2.197130112323319,0.2053943414307379,-79634.0,10960.0,51.0,603.28,2.0,288933.0,-68674.0,32.47,0,0,0,78.0,1905112.17,1807796.2,15.07,6.08,39.72,2.56,-4.180016339930263,Bajaj Finserv Ltd,Financials,Diversified Financials,Large Cap,43.585,Discount,40,Hold
251,BAJAJHLDNG,2019,431,85,347.0,80.0,2827,0,4,3170,4.0,3048,274.0,12.0,331.0,111.0,26841.0,0.0,56.0,27008.0,193.0,0.0,26257.0,558.0,27008.0,250.0,628.0,-163.0,-536.0,-72.0,707.1925754060325,80.51044083526682,11.308993766696348,0.0,inf,0.0159582345971564,465.0,163.0,274.0,269.52,12.0,0.0,628.0,,0,0,0,79.0,1014477.55,1181797.59,76.88,9.04,7.28,2.22,0.045836401209666984,Bajaj Holdings & Investment Ltd,Financials,Holding Companies,Large Cap,43.585,Caution,20,Avoid
254,BAJAJHLDNG,2022,484,117,367.0,76.0,3896,3,34,4226,2.0,4126,364.0,32.0,334.0,111.0,42731.0,114.0,10632.0,53588.0,310.0,0.0,52964.0,314.0,53588.0,253.0,1610.0,-151.0,-1460.0,-1.0,852.4793388429752,75.82644628099173,9.630736193455022,0.0026609401988702,1421.0,0.0090318728073449,1459.0,151.0,364.0,428.42,32.0,114.0,1610.0,,0,0,0,82.0,1394489.39,1728870.12,79.41,5.56,9.53,0.65,0.10462610977628162,Bajaj Holdings & Investment Ltd,Financials,Holding Companies,Large Cap,43.585,Caution,20,Avoid
255,BAJAJHLDNG,2023,522,142,380.0,73.0,4673,7,34,5012,1.0,4946,436.0,28.0,335.0,111.0,44071.0,93.0,8913.0,53188.0,278.0,0.0,52555.0,355.0,53188.0,254.0,1728.0,-137.0,-1587.0,4.0,947.5095785440614,72.79693486590038,11.194604137431536,0.0021049296093431,721.8571428571429,0.0098142438143942,1591.0,137.0,436.0,441.82,28.0,93.0,1728.0,,0,0,0,83.0,1714344.05,1642287.8,26.75,3.46,17.45,0.33,0.0928051752505572,Bajaj Holdings & Investment Ltd,Financials,Holding Companies,Large Cap,43.585,Discount,40,Hold
266,BAJFINANCE,2023,41411,12701,12693.0,16018.0,39,-5,485,15528,26.0,11508,190.0,16.0,346.0,121.0,54251.0,216690.0,4164.0,275226.0,2308.0,80.0,22752.0,250087.0,275226.0,264.0,-42112.0,-10394.0,50675.0,-1831.0,27.7897177078554,30.65127623095313,21.16530567203708,3.985323328183624,-2546.4,0.1504618023006547,-52506.0,10394.0,190.0,543.72,16.0,216690.0,-42112.0,,0,0,0,89.0,1896088.83,1920855.51,19.1,4.67,26.51,0.83,-2.769174058158446,Bajaj Finance Ltd,Financials,Consumer Finance,Large Cap,43.585,Discount,40,Hold
267,BAJFINANCE,2024,54972,18886,16099.0,19987.0,36,6,683,19310,25.0,14451,233.0,15.0,347.0,124.0,76572.0,293346.0,5700.0,375742.0,3250.0,43.0,30881.0,341568.0,375742.0,265.0,-72760.0,-7171.0,82415.0,2484.0,26.287928399912687,29.28581823473769,18.841921351830603,3.824788776468134,2689.1666666666665,0.1463025160881668,-79931.0,7171.0,233.0,766.96,15.0,293346.0,-72760.0,37.37,0,0,0,90.0,2473271.58,2632574.41,69.2,4.11,15.96,0.27,-3.2317922805711454,Bajaj Finance Ltd,Financials,Consumer Finance,Large Cap,43.585,Caution,0,Avoid
276,BANKBARODA,2020,78895,50040,40583.0,-11728.0,-15,12191,1697,-1234,-99.0,981,2.0,0.0,356.0,925.0,75179.0,1068981.0,54850.0,1199935.0,9268.0,0.0,289727.0,900941.0,1199935.0,273.0,18531.0,-139.0,14729.0,33120.0,1.2434248051207302,51.439254705621394,1.2890255439924314,14.046318196152631,3.327700762857846,0.0657493947588827,18392.0,139.0,2.0,761.04,0.0,1068981.0,18531.0,,0,0,0,92.0,471014.36,436331.44,71.63,11.42,18.25,2.88,3.904764177465842,Bank of Baroda,Financials,Public Sector Banks,Large Cap,43.585,Caution,20,Avoid
277,BANKBARODA,2021,74314,43201,38070.0,-6957.0,-9,14687,1357,6373,77.0,1620,3.0,0.0,357.0,1036.0,81354.0,1067173.0,53104.0,1202667.0,8441.0,0.0,281859.0,912367.0,1202667.0,274.0,-887.0,-471.0,-986.0,-2344.0,2.179939177005678,51.22857065963344,1.966258041024396,12.95270057045758,2.591475454483557,0.0617910028295446,-1358.0,471.0,3.0,823.9,0.0,1067173.0,-887.0,,0,0,0,93.0,426745.64,503995.99,67.24,12.42,14.95,1.19,-0.31822234903208385,Bank of Baroda,Financials,Public Sector Banks,Large Cap,43.585,Caution,20,Avoid
278,BANKBARODA,2022,73385,38815,37518.0,-2948.0,-4,14395,1438,10008,23.0,7933,15.0,19.0,358.0,1036.0,90833.0,1185331.0,62922.0,1340121.0,11098.0,1.0,347587.0,981435.0,1340121.0,275.0,6210.0,-3645.0,-998.0,1567.0,10.810111058118144,51.12488928255093,8.635121749447583,12.902404510770772,2.6060437651962487,0.0547599806286148,2565.0,3645.0,15.0,918.69,19.0,1185331.0,6210.0,,0,0,0,94.0,473985.89,610071.44,74.28,5.71,32.29,4.15,0.5411553495822418,Bank of Baroda,Financials,Public Sector Banks,Large Cap,43.585,Caution,0,Avoid
279,BANKBARODA,2023,94503,49942,38231.0,6329.0,7,16275,2040,20565,29.0,15005,29.0,19.0,359.0,1036.0,104019.0,1342592.0,78224.0,1525871.0,9865.0,3.0,397487.0,1118516.0,1525871.0,276.0,-21354.0,-1096.0,-5405.0,-27855.0,15.877802821074464,40.45480037670762,14.282994621864736,12.77989624482414,2.349493087557604,0.0619338069863048,-22450.0,1096.0,29.0,1050.55,19.0,1342592.0,-21354.0,,0,0,0,95.0,464725.74,572597.07,27.29,5.48,11.96,2.28,-4.830806229928215,Bank of Baroda,Financials,Public Sector Banks,Large Cap,43.585,Discount,60,Buy
280,BANKBARODA,2024,118379,69899,44379.0,4102.0,3,23399,1702,25799,29.0,18869,36.0,21.0,360.0,1036.0,118677.0,1453761.0,81302.0,1654775.0,9054.0,6.0,407136.0,1238579.0,1654775.0,277.0,-6274.0,-1285.0,5476.0,-2084.0,15.93948250956673,37.4889127294537,15.761863790899902,12.143718727289434,1.8967477242617208,0.0715378223625568,-7559.0,1285.0,36.0,1197.13,21.0,1453761.0,-6274.0,4.79,0,0,0,96.0,590971.02,656699.32,16.89,4.15,24.7,2.62,-1.279081332956056,Bank of Baroda,Financials,Public Sector Banks,Large Cap,43.585,Discount,40,Hold
301,BEL,2019,12164,9255,2909.0,24.0,73,16,338,2628,30.0,1887,3.0,44.0,367.0,11.0,38.0,47.0,30.0,126.0,11.0,0.0,0.0,114.0,126.0,284.0,1514.0,-896.0,-663.0,-45.0,15.512989148306476,23.914830647813226,3851.020408163265,0.9591836734693876,186.375,96.53968253968254,618.0,896.0,3.0,0.49,44.0,47.0,1514.0,,0,0,0,97.0,770752.45,926042.39,73.48,7.9,30.16,4.11,0.08018138638417563,Bharat Electronics Ltd,Industrials,Defence Electronics,Large Cap,48.83,Caution,0,Avoid
305,BEL,2023,17734,13645,4090.0,23.0,281,19,429,3923,25.0,2986,4.0,44.0,371.0,11.0,64.0,39.0,29.0,144.0,17.0,0.0,0.0,126.0,144.0,288.0,1199.0,2708.0,-1262.0,2645.0,16.837712867937295,23.063042742754032,3981.333333333333,0.52,230.05263157894737,123.15277777777776,3907.0,2708.0,4.0,0.75,44.0,39.0,1199.0,,0,0,0,101.0,1055965.69,1261553.4,18.0,12.66,25.88,4.22,0.3699930818774993,Bharat Electronics Ltd,Industrials,Defence Electronics,Large Cap,48.83,Discount,40,Hold
306,BEL,2024,20268,15217,5051.0,25.0,670,12,443,5266,25.0,3985,5.0,40.0,372.0,11.0,73.0,43.0,33.0,161.0,18.0,0.0,1.0,142.0,161.0,289.0,4659.0,-5924.0,-1475.0,-2739.0,19.661535425300965,24.921057825143084,4744.047619047619,0.5119047619047619,476.75,125.88819875776396,-1265.0,5924.0,5.0,0.84,40.0,43.0,4659.0,10.64,0,0,0,102.0,1354781.06,1259877.04,17.89,9.22,23.14,0.76,-0.09337302073000636,Bharat Electronics Ltd,Industrials,Defence Electronics,Large Cap,48.83,Discount,40,Hold
289,BHARTIARTL,2020,87539,50930,36610.0,42.0,-37775,13992,27690,-42846,-28.0,-30664,-55.0,-3.0,381.0,2728.0,74417.0,148228.0,133718.0,359091.0,229256.0,4282.0,25476.0,100077.0,359091.0,297.0,18129.0,-29598.0,19144.0,7675.0,-35.02895852134477,41.821359622568224,-39.74852550392119,1.9214207012768163,-0.0832618639222412,0.2437794319545742,-11469.0,29598.0,-55.0,771.45,-3.0,148228.0,18129.0,,0,0,0,104.0,196241.62,219777.99,79.6,5.46,17.05,0.6,-5.8443259895632735,Bharti Airtel Ltd,Communication Services,Telecommunications,Large Cap,48.23,Caution,0,Avoid
290,BHARTIARTL,2021,100616,55337,45279.0,45.0,-4215,15091,29404,-3432,99.0,-12364,-26.0,0.0,382.0,2746.0,56207.0,162785.0,122679.0,344417.0,223480.0,5726.0,27550.0,87661.0,344417.0,298.0,48205.0,-27286.0,-24910.0,-3991.0,-12.28830404707005,45.00178897988392,-20.972639221074417,2.7612674503417978,2.7210920416142077,0.2921342442446221,20919.0,27286.0,-26.0,589.53,0.0,162785.0,48205.0,,0,0,0,105.0,232971.76,269937.54,15.3,7.28,28.35,2.22,8.979199882423519,Bharti Airtel Ltd,Communication Services,Telecommunications,Large Cap,48.23,Discount,60,Buy
317,BHEL,2022,21211,20383,828.0,4.0,405,448,314,470,5.0,445,1.0,31.0,396.0,696.0,25810.0,4830.0,25654.0,56991.0,2398.0,431.0,205.0,53956.0,56991.0,311.0,660.0,-1118.0,-329.0,-787.0,2.0979680354533023,3.9036349064164817,1.678865162604693,0.1822228929299026,2.752232142857143,0.3721815725289958,-458.0,1118.0,1.0,265.06,31.0,4830.0,660.0,,0,0,0,112.0,452493.05,503418.0,23.85,9.42,38.85,0.56,-0.10121702421727803,"Bharat Heavy Electricals Limited
",Industrials,Capital Goods,Large Cap,48.83,Discount,40,Hold
318,BHEL,2023,23365,22321,1044.0,4.0,544,612,260,716,9.0,654,2.0,21.0,397.0,696.0,23682.0,5454.0,27832.0,57664.0,2476.0,354.0,235.0,54599.0,57664.0,312.0,-741.0,1480.0,89.0,829.0,2.7990584207147444,4.468221699122619,2.682746738862909,0.2237263106079251,2.594771241830065,0.4051921476137625,739.0,1480.0,2.0,243.78,21.0,5454.0,-741.0,,0,0,0,113.0,499389.38,459759.51,31.13,9.5,34.44,3.29,0.1479807199744616,"Bharat Heavy Electricals Limited
",Industrials,Capital Goods,Large Cap,48.83,Discount,40,Hold
319,BHEL,2024,23893,23182,711.0,3.0,608,828,249,243,-16.0,282,1.0,31.0,398.0,696.0,23742.0,8856.0,26493.0,59788.0,2574.0,308.0,256.0,56650.0,59788.0,313.0,-3713.0,1331.0,2656.0,274.0,1.180262001423011,2.9757669610346125,1.1539405843358703,0.3623864473361158,1.5929951690821256,0.399628688031043,-2382.0,1331.0,1.0,244.38,31.0,8856.0,-3713.0,-10.03,0,0,0,114.0,540053.85,682460.17,29.8,11.43,21.59,4.04,-0.4410671269170658,"Bharat Heavy Electricals Limited
",Industrials,Capital Goods,Large Cap,48.83,Discount,40,Hold
330,BOSCHLTD,2022,11782,10319,1462.0,12.0,391,29,324,1500,19.0,1217,413.0,51.0,409.0,30.0,10658.0,73.0,4650.0,15410.0,1211.0,606.0,5528.0,8066.0,15410.0,323.0,271.0,-33.0,-383.0,-146.0,10.329315905618742,12.408759124087592,11.386601796407184,0.0068300898203592,63.89655172413793,0.764568462037638,238.0,33.0,413.0,106.88,51.0,73.0,271.0,,0,0,0,118.0,1812529.57,2125646.68,21.27,6.04,18.2,1.07,0.013130820260217878,Bosch Ltd,Consumer Discretionary,Auto Ancillaries,Large Cap,42.5,Discount,40,Hold
331,BOSCHLTD,2023,14929,13120,1810.0,13.0,471,12,386,1882,24.0,1424,483.0,99.0,410.0,30.0,10983.0,53.0,5194.0,16259.0,1731.0,366.0,5023.0,9140.0,16259.0,324.0,1214.0,262.0,-1239.0,236.0,9.538482148837833,12.124053854913257,12.930173431399256,0.0048124943248887,190.08333333333331,0.9181991512393136,1476.0,262.0,483.0,110.13,99.0,53.0,1214.0,,0,0,0,119.0,2334820.89,2735332.08,28.16,4.01,5.63,1.56,0.06321684058600315,Bosch Ltd,Consumer Discretionary,Auto Ancillaries,Large Cap,42.5,Discount,60,Buy
340,BPCL,2019,298226,283113,15112.0,5.0,2975,1764,3418,12905,34.0,8528,18.0,48.0,419.0,1967.0,36798.0,44839.0,53322.0,136926.0,49315.0,13654.0,24907.0,49050.0,136926.0,332.0,10157.0,-10451.0,207.0,-87.0,2.859576294488073,5.067297955241997,21.999226106023475,1.1566877337804722,10.253401360544215,2.1780085593678336,-294.0,10451.0,18.0,387.65,48.0,44839.0,10157.0,,0,0,0,121.0,417435.04,439524.17,25.37,3.65,15.58,3.89,-0.07043012009724914,Bharat Petroleum Corporation Ltd,Energy,Oil & Gas Refining,Large Cap,41.495,Discount,40,Hold
342,BPCL,2021,230171,209170,21001.0,9.0,7489,1723,4334,22432,23.0,17320,37.0,102.0,421.0,2093.0,51462.0,54532.0,52891.0,160978.0,64098.0,17037.0,26768.0,53075.0,160978.0,334.0,23455.0,-2474.0,-13981.0,7000.0,7.524840227483046,9.124086005621908,32.340584445896745,1.0182429278312015,16.535113174695297,1.4298289207220862,20981.0,2474.0,37.0,535.55,102.0,54532.0,23455.0,,0,0,0,123.0,522915.18,574282.97,12.13,1.78,14.21,1.65,4.012314195965778,Bharat Petroleum Corporation Ltd,Energy,Oil & Gas Refining,Large Cap,41.495,Discount,100,Strong Buy
343,BPCL,2022,346791,327654,19137.0,6.0,4939,2606,5434,16037,27.0,11682,27.0,29.0,422.0,2129.0,49776.0,64534.0,71089.0,187529.0,83901.0,15433.0,23616.0,64578.0,187529.0,335.0,20336.0,-8138.0,-17672.0,-5474.0,3.3685995311297003,5.518309298684223,22.50650226375108,1.243309893073885,9.23867996930161,1.849265980195063,12198.0,8138.0,27.0,519.05,29.0,64534.0,20336.0,,0,0,0,124.0,547313.57,518390.47,24.26,4.29,7.37,1.47,2.2287041046689198,Bharat Petroleum Corporation Ltd,Energy,Oil & Gas Refining,Large Cap,41.495,Discount,60,Buy
345,BPCL,2024,448083,404001,44082.0,10.0,3032,4149,6771,36194,26.0,26859,62.0,33.0,424.0,2136.0,73499.0,54599.0,72184.0,202418.0,86798.0,20204.0,26631.0,68785.0,202418.0,337.0,35936.0,-10521.0,-25427.0,-12.0,5.994201967046283,9.83790949444634,35.511337343822305,0.7218747934157467,11.355507351168956,2.213651947949293,25415.0,10521.0,62.0,756.35,33.0,54599.0,35936.0,-0.52,0,0,0,126.0,468662.13,606487.07,68.15,0.72,26.59,1.15,5.422883218663305,Bharat Petroleum Corporation Ltd,Energy,Oil & Gas Refining,Large Cap,41.495,Caution,40,Hold
355,BRITANNIA,2021,13136,10627,2509.0,19.0,313,111,198,2514,26.0,1851,77.0,204.0,434.0,24.0,3524.0,2122.0,2331.0,8000.0,1793.0,117.0,2781.0,3310.0,8000.0,346.0,1876.0,433.0,-2242.0,66.0,14.091047503045068,19.10018270401949,52.17023675310034,0.5980834272829764,25.423423423423426,1.642,2309.0,433.0,77.0,35.48,204.0,2122.0,1876.0,,0,0,0,129.0,253493.14,328072.69,18.2,4.8,10.98,2.14,0.9108727754920705,Britannia Industries Ltd,Consumer Staples,Food Products,Large Cap,37.735,Discount,60,Buy
356,BRITANNIA,2022,14136,11935,2201.0,16.0,222,144,201,2078,27.0,1516,63.0,89.0,435.0,24.0,2534.0,2481.0,2487.0,7527.0,1753.0,536.0,1762.0,3475.0,7527.0,347.0,1300.0,914.0,-2246.0,-32.0,10.724391624221845,15.570175438596491,59.26505082095387,0.9698983580922595,16.82638888888889,1.8780390593862095,2214.0,914.0,63.0,25.58,89.0,2481.0,1300.0,,0,0,0,130.0,316483.82,327961.01,73.25,8.4,21.29,3.54,0.6995618291007737,Britannia Industries Ltd,Consumer Staples,Food Products,Large Cap,37.735,Caution,0,Avoid
357,BRITANNIA,2023,16301,13470,2831.0,17.0,597,169,226,3033,24.0,2316,96.0,75.0,436.0,24.0,3510.0,2997.0,2819.0,9351.0,2655.0,105.0,3324.0,3266.0,9351.0,348.0,2526.0,-1507.0,-1028.0,-9.0,14.207717317955954,17.36703269738053,65.53480475382003,0.8480475382003395,20.28402366863905,1.743236017538231,1019.0,1507.0,96.0,35.34,75.0,2997.0,2526.0,,0,0,0,131.0,285063.86,344785.02,25.49,4.57,25.98,4.06,0.3574637626811059,Britannia Industries Ltd,Consumer Staples,Food Products,Large Cap,37.735,Discount,40,Hold
358,BRITANNIA,2024,16769,13603,3167.0,19.0,211,164,300,2913,27.0,2134,89.0,83.0,437.0,24.0,3917.0,2065.0,3065.0,9072.0,2771.0,188.0,2767.0,3346.0,9072.0,349.0,2573.0,477.0,-2830.0,219.0,12.725863199952292,18.88603971614288,54.14869322506978,0.5239786856127886,20.59756097560976,1.8484347442680773,3050.0,477.0,89.0,39.41,83.0,2065.0,2573.0,9.9,0,0,0,132.0,324745.74,376568.58,63.91,4.26,33.95,1.88,0.9391963078561093,Britannia Industries Ltd,Consumer Staples,Food Products,Large Cap,37.735,Caution,0,Avoid
366,CANBK,2019,47951,32339,27202.0,-11590.0,-24,9907,429,-2111,-99.0,696,2.0,0.0,445.0,753.0,36936.0,640166.0,33928.0,711783.0,8433.0,0.0,168678.0,534672.0,711783.0,356.0,18237.0,-745.0,-1185.0,16307.0,1.4514817209234423,56.72874392609122,1.8466926689484997,16.98548648146674,2.7433128091248613,0.0673674420434317,17492.0,745.0,2.0,376.89,0.0,640166.0,18237.0,,0,0,0,133.0,274311.19,273886.68,24.47,4.6,11.33,3.0,6.376699397498148,Canara Bank,Financials,Public Sector Banks,Large Cap,43.585,Discount,80,Strong Buy
369,CANBK,2022,70614,43035,41235.0,-13657.0,-19,23643,841,9145,37.0,6158,7.0,19.0,448.0,1814.0,68147.0,1132626.0,56202.0,1258789.0,11447.0,2.0,311347.0,935992.0,1258789.0,359.0,919.0,-1429.0,4035.0,3525.0,8.720650295975302,58.39493584841533,8.802046854676176,16.18939123225797,1.7432643911517152,0.0560967723740833,-510.0,1429.0,7.0,699.61,19.0,1132626.0,919.0,,0,0,0,136.0,289660.96,292542.15,74.19,6.84,37.94,1.77,-0.1760679105668917,Canara Bank,Financials,Public Sector Banks,Large Cap,43.585,Caution,0,Avoid
379,CHOLAFIN,2019,7108,3588,1632.0,1888.0,27,1,57,1832,35.0,1197,15.0,8.0,457.0,156.0,6052.0,50567.0,715.0,57490.0,167.0,14.0,42.0,57267.0,57490.0,368.0,-9317.0,-11.0,12191.0,2862.0,16.840180078784467,22.96004501969612,19.281572164948454,8.145457474226804,1659.0,0.123638893720647,-9328.0,11.0,15.0,62.08,8.0,50567.0,-9317.0,,0,0,0,139.0,1617575.24,1531662.97,18.46,1.7,37.73,2.14,-0.5766656022751684,Cholamandalam Investment & Finance Company Ltd,Financials,Consumer Finance,Large Cap,43.585,Discount,60,Buy
381,CHOLAFIN,2021,9583,4576,2913.0,2094.0,22,56,102,2048,26.0,1521,19.0,11.0,459.0,164.0,9436.0,63730.0,1314.0,74644.0,228.0,10.0,1583.0,72823.0,74644.0,370.0,-8848.0,-1746.0,8707.0,-1888.0,15.871856412396951,30.397579046227698,15.84375,6.638541666666667,52.410714285714285,0.1283827233267241,-10594.0,1746.0,19.0,96.0,11.0,63730.0,-8848.0,,0,0,0,141.0,1228519.04,1553189.98,23.52,9.62,7.16,0.37,-0.862339097324857,Cholamandalam Investment & Finance Company Ltd,Financials,Consumer Finance,Large Cap,43.585,Discount,60,Buy
384,CHOLAFIN,2024,19163,9231,5385.0,4548.0,24,255,198,4605,26.0,3420,41.0,5.0,462.0,168.0,19425.0,134475.0,2618.0,156686.0,1563.0,13.0,4036.0,151075.0,156686.0,373.0,-35683.0,-2855.0,38471.0,-66.0,17.846892448990243,28.10102802275218,17.455213596692694,6.863420609401317,21.211764705882352,0.1223019286981606,-38538.0,2855.0,41.0,195.93,5.0,134475.0,-35683.0,16.68,0,0,0,144.0,971931.96,1024979.49,16.79,10.36,13.52,2.83,-3.9650923712808046,Cholamandalam Investment & Finance Company Ltd,Financials,Consumer Finance,Large Cap,43.585,Discount,60,Buy
392,CIPLA,2019,16362,168,13265.0,3097.0,19,477,1326,2079,27.0,1492,19.0,16.0,470.0,161.0,14851.0,4316.0,4433.0,23762.0,9608.0,676.0,2554.0,10923.0,23762.0,380.0,1691.0,-1688.0,-349.0,-345.0,9.118689646742451,81.07199608849774,9.938715694111377,0.2875033306687983,27.849056603773583,0.6885784024913728,3.0,1688.0,19.0,150.12,16.0,4316.0,1691.0,,0,0,0,145.0,353498.49,439281.56,61.2,2.74,26.27,2.83,0.0008486599193111121,"Cipla Ltd
",Healthcare,Pharmaceuticals,Large Cap,37.955,Caution,20,Avoid
394,CIPLA,2021,19160,161,14907.0,4252.0,22,266,1068,3290,27.0,2389,30.0,17.0,472.0,161.0,18165.0,2014.0,4514.0,24855.0,9516.0,969.0,2710.0,11661.0,24855.0,382.0,3755.0,-2374.0,-1240.0,141.0,12.468684759916492,77.80271398747391,13.03612354032522,0.109898504856488,56.12406015037594,0.7708710521021928,1381.0,2374.0,30.0,183.26,17.0,2014.0,3755.0,,0,0,0,147.0,288521.14,290750.43,76.56,11.34,5.68,1.8,0.47864776910281165,"Cipla Ltd
",Healthcare,Pharmaceuticals,Large Cap,37.955,Caution,20,Avoid
397,CIPLA,2024,25774,90,19483.0,6291.0,24,552,1051,5702,27.0,4154,51.0,25.0,475.0,161.0,26545.0,559.0,5267.0,32533.0,9607.0,1153.0,5449.0,16323.0,32533.0,385.0,4134.0,-2982.0,-1200.0,-49.0,16.11701714906495,75.59168153953597,15.554557028383137,0.0209316258518684,35.33876811594203,0.7922417237881536,1152.0,2982.0,51.0,267.06,25.0,559.0,4134.0,12.86,0,0,0,150.0,439803.15,562931.78,59.75,5.93,33.7,0.12,0.26193536813003726,"Cipla Ltd
",Healthcare,Pharmaceuticals,Large Cap,37.955,Caution,0,Avoid
405,COALINDIA,2019,99586,264,74579.0,25007.0,25,5834,3450,27127,36.0,17464,28.0,46.0,483.0,6163.0,20292.0,2210.0,104356.0,133021.0,32618.0,9658.0,3170.0,87576.0,133021.0,392.0,16356.0,-7896.0,-10885.0,-2426.0,17.536601530335588,74.88904062820076,66.01398601398601,0.0835380835380835,12.787795680493655,0.7486487096022433,8460.0,7896.0,28.0,264.55,46.0,2210.0,16356.0,,0,0,0,151.0,187263.0,190352.73,76.5,6.82,20.03,3.05,4.517710385927813,Coal India Ltd,Materials,Mining & Metals,Large Cap,40.61,Caution,20,Avoid
406,COALINDIA,2020,96080,503,74500.0,21581.0,22,6444,3451,24071,31.0,16700,27.0,44.0,484.0,6163.0,25994.0,6434.0,111430.0,150020.0,36784.0,8328.0,1973.0,102936.0,150020.0,393.0,4977.0,1033.0,-4791.0,1219.0,17.38134887593672,77.53955037468776,51.93270516528283,0.2000808533134309,11.56455617628802,0.64044794027463,6010.0,1033.0,27.0,321.57,44.0,6434.0,4977.0,,0,0,0,152.0,231042.15,251887.58,23.41,11.71,16.21,0.79,2.6012569567933816,Coal India Ltd,Materials,Mining & Metals,Large Cap,40.61,Discount,40,Hold
407,COALINDIA,2021,90026,642,71398.0,18628.0,21,3742,3718,18009,29.0,12702,21.0,78.0,485.0,6163.0,30355.0,5884.0,118649.0,161051.0,42405.0,10490.0,5950.0,102206.0,161051.0,394.0,10592.0,182.0,-8453.0,2321.0,14.109257325661476,79.3081998533757,34.78284681526918,0.1611260200449093,19.08578300374132,0.5589906302972351,10774.0,182.0,21.0,365.18,78.0,5884.0,10592.0,,0,0,0,153.0,269353.58,252163.83,77.94,9.67,39.51,1.53,3.999946835679704,Coal India Ltd,Materials,Mining & Metals,Large Cap,40.61,Caution,20,Avoid
408,COALINDIA,2022,109715,541,84995.0,24721.0,23,3866,4429,23616,26.0,17378,28.0,60.0,486.0,6163.0,36980.0,3514.0,132780.0,179436.0,46677.0,12897.0,8921.0,110942.0,179436.0,395.0,41107.0,-25715.0,-13441.0,1951.0,15.839219796746114,77.46889668687052,40.27999907285075,0.0814500614236376,21.99120538023797,0.6114436344992086,15392.0,25715.0,28.0,431.43,60.0,3514.0,41107.0,,0,0,0,154.0,359749.33,344720.77,10.93,0.98,21.27,0.37,4.2785347230528545,Coal India Ltd,Materials,Mining & Metals,Large Cap,40.61,Discount,80,Strong Buy
418,DABUR,2019,8515,6775,1740.0,20.0,222,60,177,1725,16.0,1446,8.0,34.0,496.0,177.0,5455.0,699.0,2106.0,8437.0,1969.0,64.0,3359.0,3045.0,8437.0,404.0,1499.0,338.0,-1888.0,-51.0,16.981796829125074,20.434527304756312,25.67471590909091,0.1241122159090909,32.7,1.0092449922958395,1837.0,338.0,8.0,56.32,34.0,699.0,1499.0,,0,0,0,157.0,55182.65,67689.73,11.83,8.9,33.07,2.52,3.3289448766958456,Dabur India Ltd,Consumer Staples,Personal Products,Large Cap,37.735,Discount,60,Buy
419,DABUR,2020,8685,6892,1792.0,21.0,205,50,220,1728,16.0,1448,8.0,37.0,497.0,177.0,6429.0,522.0,2209.0,9337.0,2253.0,147.0,2800.0,4137.0,9337.0,405.0,1614.0,-517.0,-1043.0,54.0,16.672423719055843,20.63327576280944,21.91946715107478,0.0790190735694822,39.94,0.9301702902431188,1097.0,517.0,8.0,66.06,37.0,522.0,1614.0,,0,0,0,158.0,48665.96,57298.27,12.36,12.35,6.51,0.62,2.254142320422735,Dabur India Ltd,Consumer Staples,Personal Products,Large Cap,37.735,Discount,60,Buy
420,DABUR,2021,9562,7560,2002.0,21.0,325,31,240,2056,18.0,1695,10.0,50.0,498.0,177.0,7487.0,509.0,2661.0,10833.0,2243.0,147.0,4160.0,4283.0,10833.0,406.0,2115.0,-1404.0,-613.0,97.0,17.72641706755909,20.937042459736457,22.11638830897704,0.0664144050104384,75.06451612903226,0.8826733130250162,711.0,1404.0,10.0,76.64,50.0,509.0,2115.0,,0,0,0,159.0,48060.25,55430.1,78.3,2.21,9.99,1.66,1.4793930535109576,Dabur India Ltd,Consumer Staples,Personal Products,Large Cap,37.735,Caution,40,Hold
422,DABUR,2023,11530,9367,2162.0,19.0,445,78,311,2219,23.0,1701,10.0,54.0,500.0,177.0,8796.0,1174.0,3505.0,13652.0,3579.0,175.0,6265.0,3633.0,13652.0,408.0,1488.0,-583.0,-1035.0,-130.0,14.752818733738074,18.7510841283608,18.956870611835505,0.1308369553103755,33.42307692307692,0.8445648989159098,905.0,583.0,10.0,89.73,54.0,1174.0,1488.0,,0,0,0,161.0,61939.24,75668.46,74.55,11.51,20.37,2.27,1.4611093064751846,Dabur India Ltd,Consumer Staples,Personal Products,Large Cap,37.735,Caution,0,Avoid
431,DIVISLAB,2019,4946,3072,1874.0,38.0,154,5,169,1855,27.0,1353,51.0,31.0,509.0,53.0,6904.0,106.0,973.0,8036.0,2088.0,492.0,1946.0,3511.0,8036.0,416.0,954.0,-685.0,-246.0,23.0,27.35543873837444,37.88920339668419,19.44803794739112,0.015236452493891,405.6,0.6154803384768541,269.0,685.0,51.0,69.57,31.0,106.0,954.0,,0,0,0,163.0,1011018.76,1179809.82,74.55,13.82,30.19,0.22,0.02660682577245154,Divis Laboratories Ltd,Healthcare,Pharmaceuticals,Large Cap,37.955,Caution,0,Avoid
433,DIVISLAB,2021,6969,4102,2867.0,41.0,57,2,256,2666,26.0,1984,75.0,27.0,511.0,53.0,9242.0,5.0,1471.0,10771.0,3704.0,711.0,0.0,6356.0,10771.0,418.0,1947.0,75.0,-35.0,1987.0,28.46893384990673,41.13933132443679,21.34480903711673,0.0005379236148466,1462.0,0.6470151332281125,2022.0,75.0,75.0,92.95,27.0,5.0,1947.0,,0,0,0,165.0,1595539.83,1586504.61,9.75,6.26,21.89,0.76,0.1267282685133595,Divis Laboratories Ltd,Healthcare,Pharmaceuticals,Large Cap,37.955,Discount,40,Hold
435,DIVISLAB,2023,7767,5397,2370.0,31.0,344,2,343,2369,23.0,1824,69.0,44.0,513.0,53.0,12714.0,4.0,1654.0,14425.0,4722.0,212.0,77.0,9414.0,14425.0,420.0,2459.0,-2707.0,-797.0,-1045.0,23.483970645036692,30.513711857860176,14.286833241951909,0.000313307746534,1357.0,0.5384402079722703,-248.0,2707.0,69.0,127.67,44.0,4.0,2459.0,,0,0,0,167.0,1318782.9,1394258.36,15.26,3.01,17.21,1.48,-0.018805218053706944,Divis Laboratories Ltd,Healthcare,Pharmaceuticals,Large Cap,37.955,Discount,40,Hold
436,DIVISLAB,2024,7845,5635,2210.0,28.0,335,4,378,2163,26.0,1600,60.0,50.0,514.0,53.0,13518.0,3.0,1886.0,15460.0,4739.0,778.0,82.0,9861.0,15460.0,421.0,1261.0,-269.0,-799.0,193.0,20.39515615041428,28.17080943275972,11.78984599513669,0.0002210596124088,636.25,0.5074385510996119,992.0,269.0,60.0,135.71,50.0,3.0,1261.0,12.65,0,0,0,168.0,1615028.67,1501836.03,69.95,12.34,31.81,1.39,0.061423058204904804,Divis Laboratories Ltd,Healthcare,Pharmaceuticals,Large Cap,37.955,Caution,0,Avoid
444,DLF,2019,8366,6218,2148.0,26.0,784,2062,225,646,43.0,1314,6.0,33.0,522.0,441.0,33135.0,17222.0,15684.0,66483.0,6322.0,103.0,21005.0,39053.0,66483.0,428.0,2043.0,3.0,875.0,2921.0,15.706430791298112,25.67535261773847,3.913509649749821,0.5129258994519895,1.4219204655674105,0.1258366800535475,2046.0,3.0,6.0,335.76,33.0,17222.0,2043.0,,0,0,0,169.0,1162826.35,1104410.24,11.24,14.12,15.78,4.13,0.1759506051784946,DLF Ltd,Real Estate,Real Estate,Large Cap,49.505,Discount,40,Hold
447,DLF,2022,5717,3974,1743.0,30.0,195,625,149,1165,28.0,1500,6.0,49.0,525.0,495.0,35867.0,4182.0,10623.0,51167.0,4862.0,81.0,19779.0,26444.0,51167.0,431.0,2832.0,267.0,-3828.0,-729.0,26.237537169844323,30.488018191359107,4.125185633353501,0.1150101754578956,3.1008,0.111732171125921,3099.0,267.0,6.0,363.62,49.0,4182.0,2832.0,,0,0,0,172.0,1348234.63,1495730.62,16.81,4.75,14.05,3.78,0.22985613416560885,DLF Ltd,Real Estate,Real Estate,Large Cap,49.505,Discount,60,Buy
457,DMART,2019,20005,18371,1633.0,8.0,48,47,212,1422,37.0,902,14.0,0.0,535.0,624.0,4963.0,700.0,718.0,7006.0,4400.0,377.0,17.0,2212.0,7006.0,440.0,807.0,-958.0,209.0,57.0,4.508872781804548,8.162959260184955,16.144621442634687,0.1252908537676749,35.765957446808514,2.8554096488723952,-151.0,958.0,14.0,55.87,0.0,700.0,807.0,,0,0,0,175.0,1847236.39,2290853.98,67.17,4.98,36.17,4.24,-0.008174373394625472,Avenue Supermarts Ltd,Consumer Discretionary,Retail,Large Cap,42.5,Caution,0,Avoid
459,DMART,2021,24143,22398,1745.0,7.0,194,42,414,1483,26.0,1099,17.0,0.0,537.0,648.0,11536.0,393.0,1079.0,13655.0,7009.0,1020.0,3.0,5624.0,13655.0,442.0,1375.0,-1110.0,-180.0,86.0,4.552044070745144,7.227767883030278,9.020026263952726,0.0322554169402495,46.16666666666666,1.7680703039179788,265.0,1110.0,17.0,121.84,0.0,393.0,1375.0,,0,0,0,177.0,2294356.77,2489455.16,14.9,12.05,11.12,0.52,0.01155007815109766,Avenue Supermarts Ltd,Consumer Discretionary,Retail,Large Cap,42.5,Discount,60,Buy
460,DMART,2022,30976,28474,2502.0,8.0,114,54,498,2064,28.0,1492,23.0,0.0,538.0,648.0,13030.0,647.0,1146.0,15471.0,9260.0,1129.0,6.0,5076.0,15471.0,443.0,1372.0,-1289.0,-179.0,-96.0,4.816632231404959,8.077221074380166,10.908027489399034,0.0473022371691767,48.44444444444444,2.002197660138324,83.0,1289.0,23.0,136.78,0.0,647.0,1372.0,,0,0,0,178.0,2664977.29,2823430.83,12.31,5.66,32.01,2.77,0.0031144730692995886,Avenue Supermarts Ltd,Consumer Discretionary,Retail,Large Cap,42.5,Discount,40,Hold
462,DMART,2024,50789,46683,4106.0,8.0,145,58,731,3461,27.0,2536,39.0,0.0,540.0,651.0,18047.0,592.0,1882.0,21172.0,13415.0,935.0,107.0,6716.0,21172.0,445.0,2746.0,-2468.0,-148.0,130.0,4.993207190533383,8.084427730414067,13.56294790886726,0.0316611402289014,73.29310344827586,2.398875873795579,278.0,2468.0,39.0,186.98,0.0,592.0,2746.0,35.09,0,0,0,180.0,3053088.97,3624591.94,72.53,11.71,36.84,1.94,0.00910553222430331,Avenue Supermarts Ltd,Consumer Discretionary,Retail,Large Cap,42.5,Caution,0,Avoid
470,DRREDDY,2019,15448,12270,3178.0,21.0,381,89,1135,2336,17.0,1950,23.0,17.0,548.0,83.0,13941.0,3838.0,4557.0,22418.0,7191.0,2934.0,2587.0,9707.0,22418.0,452.0,2870.0,-769.0,-2133.0,-31.0,12.622993267736923,20.572242361470742,13.904734740444953,0.2736737022247575,39.98876404494382,0.6890891248104202,2101.0,769.0,23.0,140.24,17.0,3838.0,2870.0,,0,0,0,181.0,1574961.99,1965583.28,10.84,10.04,34.68,0.78,0.13340004478457287,Dr Reddys Laboratories Ltd,Healthcare,Pharmaceuticals,Mid Cap,37.955,Discount,40,Hold
472,DRREDDY,2021,19048,15173,3874.0,20.0,335,97,1229,2884,32.0,1952,23.0,21.0,550.0,83.0,17558.0,3031.0,5915.0,26588.0,8206.0,1565.0,2212.0,14605.0,26588.0,454.0,3570.0,-2255.0,-30.0,1286.0,10.24779504409912,20.33809323813524,11.06513236211099,0.1718156567088033,43.39175257731959,0.7164134195877839,1315.0,2255.0,23.0,176.41,21.0,3031.0,3570.0,,0,0,0,183.0,1617326.41,1519427.76,15.23,4.3,13.61,3.34,0.08130702571041304,Dr Reddys Laboratories Ltd,Healthcare,Pharmaceuticals,Mid Cap,37.955,Discount,60,Buy
473,DRREDDY,2022,21545,17778,3768.0,17.0,555,96,1165,3061,29.0,2182,26.0,23.0,551.0,83.0,19129.0,3384.0,7149.0,29746.0,8122.0,1293.0,2616.0,17715.0,29746.0,455.0,2811.0,-2565.0,-242.0,3.0,10.127639823624971,17.488976560686933,11.35748490526754,0.1761399125546533,45.03125,0.7242990654205608,246.0,2565.0,26.0,192.12,23.0,3384.0,2811.0,,0,0,0,184.0,1837884.76,2215736.28,13.03,7.54,16.33,3.82,0.01338495238406569,Dr Reddys Laboratories Ltd,Healthcare,Pharmaceuticals,Mid Cap,37.955,Discount,40,Hold
474,DRREDDY,2023,24670,18200,6470.0,26.0,971,143,1250,6048,25.0,4507,54.0,15.0,552.0,83.0,23203.0,1347.0,7576.0,32209.0,9219.0,1030.0,4986.0,16974.0,32209.0,456.0,5888.0,-4109.0,-2686.0,-907.0,18.269152817186868,26.22618565058776,19.35497723954307,0.0578459160010306,52.03496503496503,0.7659349871154025,1779.0,4109.0,54.0,232.86,15.0,1347.0,5888.0,,0,0,0,185.0,2212619.5,2760692.84,11.34,10.95,23.9,3.71,0.0804024370209157,Dr Reddys Laboratories Ltd,Healthcare,Pharmaceuticals,Mid Cap,37.955,Discount,40,Hold
475,DRREDDY,2024,28011,20078,7933.0,28.0,909,171,1470,7201,23.0,5578,67.0,12.0,553.0,83.0,28171.0,2002.0,8523.0,38780.0,10426.0,1419.0,4930.0,22004.0,38780.0,457.0,4543.0,-4034.0,-376.0,133.0,19.9136053693192,28.321016743422227,19.74233736816026,0.0708572237559283,51.707602339181285,0.7223053120165034,509.0,4034.0,67.0,282.54,12.0,2002.0,4543.0,3.83,0,0,0,186.0,2441803.28,2725256.67,11.73,10.19,14.56,0.09,0.020845250072724943,Dr Reddys Laboratories Ltd,Healthcare,Pharmaceuticals,Mid Cap,37.955,Discount,60,Buy
483,EICHERMOT,2019,9797,6893,2904.0,30.0,701,7,300,3297,33.0,2203,81.0,15.0,561.0,27.0,8891.0,187.0,2281.0,11387.0,1875.0,450.0,4923.0,4140.0,11387.0,464.0,1575.0,-660.0,-292.0,623.0,22.48647545166888,29.641727059303868,24.702848172235928,0.020968827091276,515.0,0.8603670852726794,915.0,660.0,81.0,89.18,15.0,187.0,1575.0,,0,0,0,187.0,138608.74,143935.61,70.5,14.42,38.01,3.97,0.6601315328311909,Eicher Motors Ltd,Consumer Discretionary,Two Wheelers,Large Cap,42.5,Caution,0,Avoid
484,EICHERMOT,2020,9154,6971,2183.0,24.0,572,19,382,2355,22.0,1827,67.0,19.0,562.0,27.0,9954.0,249.0,2220.0,12450.0,2378.0,312.0,5749.0,4011.0,12450.0,465.0,1694.0,-1508.0,-858.0,-673.0,19.958488092637097,23.847498361372075,18.30477908025248,0.0249474000601142,145.0,0.7352610441767068,186.0,1508.0,67.0,99.81,19.0,249.0,1694.0,,0,0,0,188.0,179834.03,182640.02,18.91,9.77,22.08,0.44,0.10342870034108674,Eicher Motors Ltd,Consumer Discretionary,Two Wheelers,Large Cap,42.5,Discount,40,Hold
485,EICHERMOT,2021,8720,6937,1783.0,20.0,482,16,451,2203,25.0,1347,49.0,34.0,563.0,27.0,11411.0,219.0,2901.0,14559.0,2433.0,314.0,3902.0,7909.0,14559.0,466.0,1691.0,-1625.0,-15.0,51.0,15.44724770642202,20.44724770642202,11.7765343591537,0.0191467039692253,141.5625,0.5989422350436157,66.0,1625.0,49.0,114.38,34.0,219.0,1691.0,,0,0,0,189.0,213781.42,240534.88,70.14,9.33,25.09,1.98,0.030872654882730218,Eicher Motors Ltd,Consumer Discretionary,Two Wheelers,Large Cap,42.5,Caution,0,Avoid
486,EICHERMOT,2022,10298,8120,2178.0,21.0,496,19,452,2203,24.0,1677,61.0,34.0,564.0,27.0,12581.0,108.0,3424.0,16140.0,2424.0,505.0,7721.0,5490.0,16140.0,467.0,1527.0,-983.0,-593.0,-50.0,16.284715478733737,21.149737813167604,13.301078680203046,0.0085659898477157,140.73684210526315,0.6380421313506816,544.0,983.0,61.0,126.08,34.0,108.0,1527.0,,0,0,0,190.0,231181.84,296317.9,17.97,6.97,27.95,1.95,0.23531260067832316,Eicher Motors Ltd,Consumer Discretionary,Two Wheelers,Large Cap,42.5,Discount,40,Hold
487,EICHERMOT,2023,14442,10996,3446.0,24.0,908,28,526,3800,23.0,2914,107.0,35.0,565.0,27.0,14963.0,288.0,3919.0,19198.0,2690.0,472.0,12321.0,3715.0,19198.0,468.0,2823.0,-2397.0,-417.0,8.0,20.17726076720676,23.8609610857222,19.43962641761174,0.019212808539026,155.5,0.7522658610271903,426.0,2397.0,107.0,149.9,35.0,288.0,2823.0,,0,0,0,191.0,229241.72,232667.27,24.82,5.49,35.51,2.27,0.1858300487363295,Eicher Motors Ltd,Consumer Discretionary,Two Wheelers,Large Cap,42.5,Discount,40,Hold
488,EICHERMOT,2024,16536,12206,4329.0,26.0,1521,51,598,5202,23.0,4001,146.0,35.0,566.0,27.0,18018.0,419.0,4650.0,23115.0,2914.0,555.0,13527.0,6119.0,23115.0,469.0,3724.0,-2834.0,-844.0,45.0,24.19569424286405,26.179245283018872,22.172346910501524,0.0232197284566361,114.70588235294116,0.7153796236210254,890.0,2834.0,146.0,180.45,35.0,419.0,3724.0,7.01,0,0,0,192.0,222391.83,234358.89,15.62,13.61,19.29,4.41,0.4001945575069012,Eicher Motors Ltd,Consumer Discretionary,Two Wheelers,Large Cap,42.5,Discount,40,Hold
496,GAIL,2019,76190,66252,9938.0,13.0,1719,159,1667,9831,33.0,6553,10.0,25.0,574.0,2255.0,43749.0,2224.0,20199.0,68426.0,32700.0,9738.0,10722.0,15267.0,68426.0,476.0,7984.0,-5701.0,-3364.0,-1081.0,8.600866255414097,13.04370652316577,14.244413529258326,0.0483436222937135,73.31446540880503,1.1134656417151376,2283.0,5701.0,10.0,460.04,25.0,2224.0,7984.0,,0,0,0,193.0,665248.74,666947.87,13.48,0.96,26.22,1.4,0.34317990591008113,GAIL (India) Ltd,Energy,Gas Distribution,Large Cap,41.495,Discount,60,Buy
497,GAIL,2020,72518,63495,9022.0,12.0,3796,309,2080,10429,9.0,9515,14.0,31.0,575.0,4510.0,44758.0,6912.0,18754.0,74934.0,38230.0,11666.0,9893.0,15145.0,74934.0,477.0,8345.0,-8299.0,281.0,328.0,13.120880333158665,12.44104911883946,19.31273849151579,0.1402939027360558,41.48220064724919,0.9677582939653562,46.0,8299.0,14.0,492.68,31.0,6912.0,8345.0,,0,0,0,194.0,712986.95,875162.11,25.86,4.98,34.59,2.22,0.006451730988905197,GAIL (India) Ltd,Energy,Gas Distribution,Large Cap,41.495,Discount,40,Hold
499,GAIL,2022,92770,77608,15161.0,16.0,2925,202,2420,15464,20.0,12304,18.0,36.0,577.0,4440.0,59674.0,9216.0,23254.0,96584.0,44572.0,15490.0,16408.0,20114.0,96584.0,479.0,9420.0,-5490.0,-3917.0,13.0,13.262908267758974,16.342567640400993,19.19081635836167,0.1437439560782356,89.53465346534654,0.9605110577321296,3930.0,5490.0,18.0,641.14,36.0,9216.0,9420.0,,0,0,0,196.0,1209368.79,1283114.71,66.94,6.52,20.9,3.73,0.3249629089568286,GAIL (India) Ltd,Energy,Gas Distribution,Large Cap,41.495,Caution,0,Avoid
501,GAIL,2024,133228,118914,14314.0,11.0,2672,719,3672,12595,21.0,9903,15.0,37.0,579.0,6575.0,70422.0,21794.0,25944.0,124735.0,55188.0,23627.0,21910.0,24010.0,124735.0,481.0,12586.0,-8226.0,-3457.0,902.0,7.433122166511544,10.743987750322754,12.86154006000234,0.2830499889606088,23.624478442280942,1.068088347296268,4360.0,8226.0,15.0,769.97,37.0,21794.0,12586.0,1.35,0,0,0,198.0,1531867.57,1613856.89,25.84,9.54,33.07,0.31,0.28461990353382827,GAIL (India) Ltd,Energy,Gas Distribution,Large Cap,41.495,Discount,40,Hold
511,GODREJCP,2021,11029,8629,2399.0,22.0,23,138,204,2080,17.0,1721,17.0,0.0,589.0,102.0,9337.0,1864.0,2941.0,14244.0,8905.0,57.0,679.0,4602.0,14244.0,490.0,2030.0,-292.0,-1816.0,-79.0,15.60431589446006,21.75174539849488,18.23286365081047,0.1974785464561924,17.55072463768116,0.7742909295141814,1738.0,292.0,17.0,94.39,0.0,1864.0,2030.0,,0,0,0,201.0,1140203.87,1473894.68,19.23,4.8,17.68,1.47,0.1524288809859942,Godrej Consumer Products Ltd,Consumer Staples,Personal Products,Large Cap,37.735,Discount,40,Hold
523,GRASIM,2020,68252,57880,10373.0,15.0,7076,6890,4004,6554,-1.0,6639,65.0,6.0,601.0,132.0,56501.0,84777.0,102772.0,244181.0,87736.0,3904.0,66337.0,86204.0,244181.0,501.0,16620.0,-11364.0,-3418.0,1838.0,9.72718748168552,15.19808943327668,11.722847103279006,1.4969540727137889,2.532510885341074,0.2795139670981771,5256.0,11364.0,65.0,566.33,6.0,84777.0,16620.0,,0,0,0,206.0,362884.74,445840.81,23.28,10.84,11.26,0.08,1.4483937792479231,Grasim Industries Ltd,Industrials,Diversified Industrials,Mid Cap,48.83,Discount,60,Buy
524,GRASIM,2021,76404,57769,18635.0,24.0,1130,5723,4033,10009,30.0,6987,63.0,14.0,602.0,132.0,65362.0,79078.0,122777.0,267349.0,85023.0,5769.0,88017.0,88540.0,267349.0,502.0,15075.0,-7146.0,-8003.0,-75.0,9.144809172294645,24.39008428878069,10.6681528078908,1.2074083122118056,3.453608247422681,0.2857837508275699,7929.0,7146.0,63.0,654.94,14.0,79078.0,15075.0,,0,0,0,207.0,337446.27,354587.01,15.68,3.37,31.76,3.46,2.349707406752488,Grasim Industries Ltd,Industrials,Diversified Industrials,Mid Cap,48.83,Discount,40,Hold
527,GRASIM,2024,130978,103783,27195.0,21.0,783,9277,5001,13700,28.0,9926,85.0,12.0,605.0,133.0,88520.0,137155.0,186309.0,412116.0,100494.0,18358.0,129306.0,163959.0,412116.0,505.0,-10719.0,-23114.0,33908.0,75.0,7.578371940325857,20.763028905617738,11.196462612658342,1.547099364939709,3.015845639754231,0.3178182841724175,-33833.0,23114.0,85.0,886.53,12.0,137155.0,-10719.0,14.9,0,0,0,210.0,478951.82,601673.21,79.35,5.68,15.23,0.98,-7.063967310949983,Grasim Industries Ltd,Industrials,Diversified Industrials,Mid Cap,48.83,Caution,0,Avoid
537,HAL,2021,22882,17541,5341.0,23.0,360,267,1157,4277,24.0,3239,48.0,31.0,612.0,5.0,139.0,6.0,36.0,186.0,45.0,0.0,17.0,124.0,186.0,510.0,15124.0,-1190.0,-7070.0,6864.0,14.155231186085132,23.341491128397863,2249.305555555556,0.0416666666666666,21.352059925093634,123.02150537634408,13934.0,1190.0,48.0,1.44,31.0,6.0,15124.0,,0,0,0,213.0,1800174.45,2098463.2,8.56,2.01,35.03,0.38,0.77403609411299,Hindustan Aeronautics Ltd,Industrials,Defence & Aerospace,Large Cap,48.83,Discount,60,Buy
539,HAL,2023,26928,20258,6669.0,25.0,1672,64,1784,6493,10.0,5811,87.0,32.0,614.0,5.0,172.0,47.0,47.0,271.0,57.0,23.0,35.0,156.0,271.0,512.0,8836.0,-5734.0,-1731.0,1370.0,21.57976827094474,24.766042780748663,3283.050847457627,0.2655367231638418,130.328125,99.36531365313652,3102.0,5734.0,87.0,1.77,32.0,47.0,8836.0,,0,0,0,215.0,2122373.86,2704291.55,11.8,2.43,27.48,3.62,0.14615709599815746,Hindustan Aeronautics Ltd,Industrials,Defence & Aerospace,Large Cap,48.83,Discount,60,Buy
549,HAVELLS,2020,9440,8374,1067.0,11.0,107,51,218,904,19.0,735,12.0,34.0,650.0,63.0,4249.0,72.0,2690.0,7073.0,3350.0,86.0,0.0,3638.0,7073.0,521.0,827.0,-548.0,-716.0,-437.0,7.786016949152542,11.302966101694915,17.045454545454543,0.0166975881261595,23.01960784313725,1.3346529054149583,279.0,548.0,12.0,43.12,34.0,72.0,827.0,,0,0,0,218.0,1749780.42,1713551.51,10.08,13.71,36.18,0.98,0.015944857812501982,Havells India Ltd,Industrials,Consumer Electricals,Large Cap,48.83,Discount,40,Hold
550,HAVELLS,2021,10457,8868,1589.0,15.0,187,90,249,1438,27.0,1044,17.0,39.0,651.0,63.0,5114.0,521.0,3155.0,8852.0,3290.0,90.0,306.0,5166.0,8852.0,522.0,660.0,-763.0,190.0,87.0,9.983742947308023,15.195562780912308,20.16611937415492,0.1006374348078037,19.73333333333333,1.1813149570718482,-103.0,763.0,17.0,51.77,39.0,521.0,660.0,,0,0,0,219.0,2169908.17,1994561.94,28.52,9.54,31.71,0.05,-0.004746744651410755,Havells India Ltd,Industrials,Consumer Electricals,Large Cap,48.83,Discount,40,Hold
551,HAVELLS,2022,13938,12163,1775.0,13.0,159,67,261,1607,26.0,1196,19.0,39.0,652.0,63.0,5940.0,616.0,3904.0,10523.0,3434.0,57.0,426.0,6606.0,10523.0,523.0,1728.0,-759.0,-547.0,421.0,8.58085808580858,12.73496914908882,19.923371647509576,0.102615358987173,28.86567164179105,1.324527226076214,969.0,759.0,19.0,60.03,39.0,616.0,1728.0,,0,0,0,220.0,2198343.31,2166991.03,79.91,10.23,19.2,0.34,0.044078647570292374,Havells India Ltd,Industrials,Consumer Electricals,Large Cap,48.83,Caution,0,Avoid
563,HCLTECH,2021,75379,55331,20048.0,27.0,927,511,4611,15853,30.0,11169,41.0,24.0,638.0,543.0,59370.0,6864.0,19270.0,86047.0,37145.0,312.0,6862.0,41728.0,86047.0,534.0,19618.0,-5665.0,-11192.0,2761.0,14.817124132716009,26.596266864776663,18.64203094487006,0.1145661208752691,41.04696673189824,0.8760212442037492,13953.0,5665.0,41.0,599.13,24.0,6864.0,19618.0,,0,0,0,225.0,260125.17,316454.0,77.74,7.77,10.85,3.07,5.363956129274226,HCL Technologies Ltd,Information Technology,IT Services,Large Cap,49.555,Caution,40,Hold
565,HCLTECH,2023,101456,78828,22628.0,22.0,1358,353,4145,19488,24.0,14845,55.0,88.0,640.0,543.0,64862.0,4794.0,23051.0,93250.0,34619.0,40.0,5495.0,53096.0,93250.0,536.0,18009.0,-3573.0,-15881.0,-1445.0,14.631958681595965,22.303264469326606,22.69704151058788,0.0732971485360446,67.94900849858357,1.088,14436.0,3573.0,55.0,654.05,88.0,4794.0,18009.0,,0,0,0,227.0,385586.15,451405.41,9.19,2.28,10.69,3.4,3.7439104075703966,HCL Technologies Ltd,Information Technology,IT Services,Large Cap,49.555,Discount,100,Strong Buy
575,HDFCBANK,2020,122189,62137,45459.0,14593.0,12,24879,1277,38195,29.0,27296,50.0,5.0,663.0,548.0,175810.0,1333041.0,71430.0,1580830.0,4776.0,0.0,389305.0,1186750.0,1580830.0,545.0,-16869.0,-1403.0,24394.0,6122.0,22.339163099788035,37.20383995285992,15.477608047267491,7.558721464294219,1.8276860002411672,0.0772942062081311,-18272.0,1403.0,50.0,1763.58,5.0,1333041.0,-16869.0,,0,0,0,230.0,534671.83,497530.99,30.19,9.55,26.58,1.24,-3.4174233566784324,HDFC Bank Ltd,Financials,Private Banks,Large Cap,43.585,Discount,40,Hold
576,HDFCBANK,2021,128552,59248,52457.0,16848.0,13,27333,1385,42796,26.0,31857,58.0,11.0,664.0,551.0,209259.0,1511418.0,78279.0,1799507.0,5248.0,0.0,438823.0,1355435.0,1799507.0,546.0,42476.0,-1823.0,-7321.0,33332.0,24.78141141328023,40.80605513722074,15.183737667413377,7.20374624660407,1.9196575567994727,0.0714373436724614,40653.0,1823.0,58.0,2098.1,11.0,1511418.0,42476.0,,0,0,0,231.0,573615.98,564871.82,11.64,8.0,17.14,2.44,7.087145654484731,HDFC Bank Ltd,Financials,Private Banks,Large Cap,43.585,Discount,60,Buy
577,HDFCBANK,2022,135936,58584,56557.0,20795.0,15,31759,1681,50873,25.0,38151,69.0,23.0,665.0,555.0,246772.0,1784970.0,90639.0,2122934.0,6432.0,0.0,449264.0,1667238.0,2122934.0,547.0,-11960.0,-2051.0,48124.0,34113.0,28.06541313559322,41.60560852165725,15.425327602728371,7.217044641304831,1.7812903428949274,0.064032136656156,-14011.0,2051.0,69.0,2473.27,23.0,1784970.0,-11960.0,,0,0,0,232.0,759039.45,726665.0,8.14,1.61,21.19,3.18,-1.8458856124013057,HDFC Bank Ltd,Financials,Private Banks,Large Cap,43.585,Discount,60,Buy
588,HDFCLIFE,2020,29380,0,28239.0,1141.0,4,369,47,1463,11.0,1297,6.0,0.0,675.0,2019.0,4788.0,0.0,125417.0,132224.0,322.0,8.0,127256.0,4637.0,132224.0,557.0,7388.0,-7789.0,38.0,-364.0,4.414567733151804,96.11640571817564,19.05391508741002,0.0,76.53929539295393,0.2221986931268151,-401.0,7789.0,6.0,68.07,0.0,0.0,7388.0,,0,0,0,236.0,43616.06,44999.88,67.68,5.98,13.85,4.1,-0.9193861160315718,HDFC Life Insurance Company Ltd,Financials,Life Insurance,Large Cap,43.585,Caution,20,Avoid
599,HEROMOTOCO,2019,33971,37,28946.0,5025.0,15,741,624,5104,32.0,3466,172.0,50.0,686.0,40.0,13080.0,312.0,5072.0,18504.0,4952.0,573.0,6114.0,6865.0,18504.0,567.0,1032.0,1298.0,-2252.0,78.0,10.202820052397634,85.2079715051073,26.417682926829265,0.023780487804878,39.08367071524966,1.8358733246865544,2330.0,1298.0,172.0,131.2,50.0,312.0,1032.0,,0,0,0,241.0,959580.91,1068641.74,64.37,1.86,5.42,3.67,0.24281433443689493,"Hero MotoCorp Ltd
",Consumer Discretionary,Two Wheelers,Large Cap,42.5,Caution,40,Hold
600,HEROMOTOCO,2020,29254,47,25184.0,4070.0,14,1434,846,4611,21.0,3659,182.0,49.0,687.0,40.0,14366.0,453.0,4815.0,19674.0,6473.0,391.0,8359.0,4451.0,19674.0,568.0,5518.0,-2819.0,-2602.0,97.0,12.50769125589663,86.0873726669857,25.39913924753575,0.0314452311536859,17.571827057182706,1.4869370743112738,2699.0,2819.0,182.0,144.06,49.0,453.0,5518.0,,0,0,0,242.0,1157395.82,1232490.63,75.71,11.62,38.88,4.18,0.23319593464576363,"Hero MotoCorp Ltd
",Consumer Discretionary,Two Wheelers,Large Cap,42.5,Caution,0,Avoid
602,HEROMOTOCO,2022,29551,53,26295.0,3256.0,11,545,690,3058,24.0,2329,116.0,82.0,689.0,40.0,15807.0,605.0,6027.0,22478.0,6194.0,517.0,10528.0,5240.0,22478.0,570.0,2104.0,-222.0,-1975.0,-94.0,7.881289973266556,88.98176034651958,14.696788035590332,0.0381775730422161,48.26788990825688,1.314663226265682,1882.0,222.0,116.0,158.47,82.0,605.0,2104.0,,0,0,0,244.0,1220486.89,1228166.97,66.93,12.26,22.34,2.61,0.1542007550773446,"Hero MotoCorp Ltd
",Consumer Discretionary,Two Wheelers,Large Cap,42.5,Caution,0,Avoid
603,HEROMOTOCO,2023,34158,105,30060.0,4099.0,12,567,697,3864,28.0,2800,141.0,71.0,690.0,40.0,16616.0,568.0,6694.0,23917.0,6159.0,454.0,10891.0,6413.0,23917.0,571.0,2614.0,-421.0,-2147.0,45.0,8.197201241290474,88.00281046899701,16.810758885686838,0.0341018251681075,53.03703703703704,1.4281891541581302,2193.0,421.0,141.0,166.56,71.0,568.0,2614.0,,0,0,0,245.0,1542037.68,1580646.36,11.61,7.5,36.98,3.56,0.14221442370980195,"Hero MotoCorp Ltd
",Consumer Discretionary,Two Wheelers,Large Cap,42.5,Discount,40,Hold
612,HINDALCO,2019,130542,3778,115031.0,15511.0,12,1127,4777,8083,32.0,5495,24.0,5.0,699.0,222.0,57279.0,52415.0,42056.0,151972.0,85860.0,4097.0,9012.0,53003.0,151972.0,579.0,11977.0,-5456.0,-5466.0,1055.0,4.209373228539474,88.11800033705627,9.556355541642754,0.9115493643588808,102.07897071872227,0.858987181849288,6521.0,5456.0,24.0,575.01,5.0,52415.0,11977.0,,0,0,0,247.0,247258.14,249825.5,24.15,12.33,39.34,2.97,2.6373247004122895,Hindalco Industries Ltd,Materials,Metals & Mining,Large Cap,40.61,Discount,40,Hold
613,HINDALCO,2020,118144,4197,103838.0,14306.0,12,906,5091,5924,36.0,3767,17.0,6.0,700.0,222.0,58095.0,68399.0,41902.0,168618.0,89195.0,7721.0,9411.0,62291.0,168618.0,580.0,12745.0,-7227.0,6656.0,12174.0,3.188481852654388,87.89104821235102,6.459522952140885,1.172882692868289,114.62472406181016,0.7006606649349417,5518.0,7227.0,17.0,583.17,6.0,68399.0,12745.0,,0,0,0,248.0,287414.16,295396.33,9.47,3.28,25.46,0.68,1.9198775731856774,Hindalco Industries Ltd,Materials,Metals & Mining,Large Cap,40.61,Discount,40,Hold
616,HINDALCO,2023,223202,3646,200536.0,22666.0,10,1307,7086,13241,24.0,10097,45.0,7.0,703.0,222.0,94584.0,60291.0,68392.0,223489.0,110626.0,7700.0,14116.0,91047.0,223489.0,583.0,19208.0,-7559.0,-10450.0,1199.0,4.523704984722359,89.84507307282192,10.650169820475496,0.6359407632428328,153.43993879112472,0.9987158204654368,11649.0,7559.0,45.0,948.06,7.0,60291.0,19208.0,,0,0,0,251.0,537689.01,677187.92,71.42,2.69,7.86,1.33,2.1664939739051015,Hindalco Industries Ltd,Materials,Metals & Mining,Large Cap,40.61,Caution,40,Hold
625,HINDUNILVR,2019,39310,33,30430.0,8880.0,23,322,565,8604,30.0,6060,28.0,78.0,712.0,216.0,7651.0,99.0,10663.0,18629.0,4715.0,406.0,2716.0,10792.0,18629.0,591.0,5800.0,-438.0,-5390.0,-28.0,15.41592470109387,77.41032816077335,77.03063429515699,0.0125842125333672,94.57453416149067,2.1101508400880347,5362.0,438.0,28.0,78.67,78.0,99.0,5800.0,,0,0,0,253.0,366409.11,343817.47,13.37,1.78,25.05,1.79,1.4633915625078209,"Hindustan Unilever Ltd
",Consumer Staples,FMCG,Mid Cap,37.735,Discount,60,Buy
626,HINDUNILVR,2020,39783,118,29922.0,9861.0,25,424,1002,9165,26.0,6756,31.0,80.0,713.0,216.0,8013.0,0.0,11924.0,20153.0,5479.0,597.0,1255.0,12822.0,20153.0,592.0,7623.0,1791.0,-6819.0,2595.0,16.982128044642185,75.21303069150139,82.09989063069631,0.0,70.62971698113208,1.974048528755024,9414.0,1791.0,31.0,82.29,80.0,0.0,7623.0,,0,0,0,254.0,365239.67,374855.61,22.92,6.47,12.11,3.14,2.5774856274511473,"Hindustan Unilever Ltd
",Consumer Staples,FMCG,Mid Cap,37.735,Discount,60,Buy
627,HINDUNILVR,2021,47028,117,35402.0,11626.0,25,170,1074,10605,25.0,7999,34.0,119.0,714.0,235.0,47439.0,0.0,21066.0,68740.0,51443.0,745.0,2709.0,13843.0,68740.0,593.0,9163.0,-1228.0,-9309.0,-1374.0,17.00901590541805,75.27855745513311,16.778537567646936,0.0,208.39411764705883,0.6841431480942682,7935.0,1228.0,34.0,476.74,119.0,0.0,9163.0,,0,0,0,255.0,333086.26,426116.2,14.47,14.18,34.17,3.06,2.3822657830437075,"Hindustan Unilever Ltd
",Consumer Staples,FMCG,Mid Cap,37.735,Discount,40,Hold
628,HINDUNILVR,2022,52446,106,39589.0,12857.0,25,219,1091,11879,25.0,8892,38.0,90.0,715.0,235.0,48826.0,1043.0,20402.0,70506.0,51473.0,1313.0,3521.0,14199.0,70506.0,594.0,9048.0,-1728.0,-8015.0,-695.0,16.954581855622926,75.48526103039318,18.12437577709382,0.0212592486904058,180.8858447488585,0.7438515870989703,7320.0,1728.0,38.0,490.61,90.0,1043.0,9048.0,,0,0,0,256.0,435060.89,415782.26,20.69,4.16,13.57,1.4,1.6825231061334884,"Hindustan Unilever Ltd
",Consumer Staples,FMCG,Mid Cap,37.735,Discount,60,Buy
638,ICICIBANK,2019,71982,39178,83775.0,-50971.0,-71,59325,946,7408,23.0,5689,7.0,15.0,725.0,1289.0,112964.0,891641.0,232899.0,1238794.0,9660.0,0.0,398201.0,830933.0,1238794.0,603.0,48671.0,-30282.0,-19997.0,-1608.0,7.903364730071407,116.38326248228724,4.979300324717951,7.804092671527225,1.4109397387273497,0.0581065132701643,18389.0,30282.0,7.0,1142.53,15.0,891641.0,48671.0,,0,0,0,259.0,634101.51,817754.59,75.38,9.81,5.65,3.37,2.9000088645112987,ICICI Bank Ltd,Financials,Private Banks,Large Cap,43.585,Caution,20,Avoid
639,ICICIBANK,2020,84836,44666,85361.0,-45190.0,-53,64950,1171,18589,40.0,11225,15.0,0.0,726.0,1295.0,121665.0,1014636.0,239696.0,1377292.0,10409.0,0.0,443473.0,923411.0,1377292.0,604.0,79565.0,-42095.0,2992.0,40462.0,13.231411193361309,100.6188410580414,9.128985035783996,8.251756668835394,1.3134411085450346,0.0615962337688739,37470.0,42095.0,15.0,1229.6,0.0,1014636.0,79565.0,,0,0,0,260.0,645375.01,681072.05,19.43,8.09,31.06,1.23,5.805926696789824,ICICI Bank Ltd,Financials,Private Banks,Large Cap,43.585,Discount,60,Buy
640,ICICIBANK,2021,89163,42659,91309.0,-44805.0,-50,72174,1340,26028,22.0,20364,27.0,8.0,727.0,1383.0,156204.0,1103840.0,312385.0,1573812.0,10809.0,0.0,536579.0,1026424.0,1573812.0,605.0,138015.0,-63631.0,-54667.0,19718.0,22.83907001783251,102.40682794432668,12.922385729787356,7.004638707507599,1.2644304043007175,0.0566541619964773,74384.0,63631.0,27.0,1575.87,8.0,1103840.0,138015.0,,0,0,0,261.0,851486.14,832663.82,12.77,9.84,34.73,4.29,8.735785176726422,ICICI Bank Ltd,Financials,Private Banks,Large Cap,43.585,Discount,60,Buy
641,ICICIBANK,2022,95407,41167,80798.0,-26558.0,-28,62129,1330,34241,25.0,26538,36.0,14.0,728.0,1390.0,180663.0,1252968.0,317616.0,1752637.0,10707.0,0.0,567098.0,1174833.0,1752637.0,606.0,58111.0,-39448.0,17451.0,36114.0,27.81556908822204,84.68770635278334,14.577073709304432,6.882435334765151,1.3000370197492317,0.0544362580500126,18663.0,39448.0,36.0,1820.53,14.0,1252968.0,58111.0,,0,0,0,262.0,1050380.96,1029226.29,78.39,13.83,10.71,2.51,1.776783920378755,ICICI Bank Ltd,Financials,Private Banks,Large Cap,43.585,Caution,20,Avoid
642,ICICIBANK,2023,121067,50543,87864.0,-17341.0,-14,65112,1515,46256,26.0,35461,49.0,16.0,729.0,1397.0,213101.0,1399894.0,344099.0,1958490.0,11070.0,0.0,639552.0,1307868.0,1958490.0,607.0,-3771.0,-67689.0,24791.0,-46669.0,29.290392922926973,72.57469004765956,16.53208887728557,6.526373206276982,1.3492136626121145,0.0618165014883915,-71460.0,67689.0,49.0,2144.98,16.0,1399894.0,-3771.0,,0,0,0,263.0,1184576.28,1275805.13,78.87,1.36,26.95,0.92,-6.032536798727727,ICICI Bank Ltd,Financials,Private Banks,Large Cap,43.585,Caution,20,Avoid
643,ICICIBANK,2024,159516,74108,99560.0,-14152.0,-9,76522,1935,60434,26.0,46081,63.0,16.0,730.0,1405.0,254739.0,1651008.0,456911.0,2364063.0,15714.0,0.0,827163.0,1521186.0,2364063.0,608.0,157284.0,-144737.0,13765.0,26312.0,28.8880112339828,62.41380175029464,17.99027109750765,6.445624336310825,1.3009461331381824,0.0674753591592102,12547.0,144737.0,63.0,2561.44,16.0,1651008.0,157284.0,6.73,0,0,0,264.0,1319221.86,1598760.1,25.76,6.2,38.28,3.43,0.9510909711578005,ICICI Bank Ltd,Financials,Private Banks,Large Cap,43.585,Discount,40,Hold
654,ICICIGI,2022,16026,0,15010.0,1016.0,6,809,141,1684,24.0,1271,26.0,35.0,740.0,491.0,8702.0,255.0,41401.0,50848.0,941.0,11.0,38412.0,11485.0,50848.0,618.0,809.0,135.0,-879.0,65.0,7.93086234868339,93.660302009235,13.8257369737844,0.0277384966822582,18.56118665018541,0.3151746381371932,944.0,135.0,26.0,91.93,35.0,255.0,809.0,,0,0,0,268.0,939135.7,920383.85,66.71,8.08,12.94,2.81,0.10051795496646544,ICICI Lombard General Insurance Company Ltd,Financials,General Insurance,Large Cap,43.585,Caution,20,Avoid
655,ICICIGI,2023,17876,0,16612.0,1264.0,7,991,142,2113,18.0,1729,35.0,31.0,741.0,491.0,9953.0,35.0,44607.0,55086.0,883.0,25.0,42836.0,11342.0,55086.0,619.0,2290.0,-1685.0,-695.0,-90.0,9.672186171402998,92.92906690534797,16.554959785522787,0.0033512064343163,16.769929364278507,0.3245107649856588,605.0,1685.0,35.0,104.44,31.0,35.0,2290.0,,0,0,0,269.0,1242023.75,1158606.81,15.87,12.74,8.84,0.18,0.04871082376645374,ICICI Lombard General Insurance Company Ltd,Financials,General Insurance,Large Cap,43.585,Discount,60,Buy
664,ICICIPRULI,2019,41463,23,40922.0,541.0,1,813,57,1274,11.0,1139,8.0,40.0,750.0,1436.0,5435.0,0.0,156215.0,163086.0,463.0,13.0,159003.0,3607.0,163086.0,627.0,11377.0,-7559.0,-843.0,2975.0,2.747027470274703,98.69522224634012,16.57691747926066,0.0,50.33579335793358,0.2542400941834369,3818.0,7559.0,8.0,68.71,40.0,0.0,11377.0,,0,0,0,271.0,1606002.47,1499575.64,76.8,0.56,32.16,0.14,0.23773313374792007,ICICI Prudential Life Insurance Company Ltd,Financials,Life Insurance,Large Cap,43.585,Caution,20,Avoid
667,ICICIPRULI,2022,63564,0,65728.0,-2163.0,-3,3191,67,961,21.0,759,5.0,10.0,753.0,1437.0,7721.0,1200.0,234079.0,244437.0,433.0,54.0,238101.0,5848.0,244437.0,630.0,1831.0,-816.0,-319.0,696.0,1.194072116292241,103.40444276634572,8.287835772002621,0.1310329766324525,20.5969915387026,0.2600424649296137,1015.0,816.0,5.0,91.58,10.0,1200.0,1831.0,,0,0,0,274.0,1702653.91,2014418.94,71.57,4.53,11.31,3.42,0.05961281937795568,ICICI Prudential Life Insurance Company Ltd,Financials,Life Insurance,Large Cap,43.585,Caution,20,Avoid
669,ICICIPRULI,2024,90307,0,92136.0,-1829.0,-2,2970,113,1028,17.0,851,6.0,10.0,755.0,1441.0,9564.0,1200.0,286796.0,299001.0,670.0,49.0,289728.0,8553.0,299001.0,632.0,-7315.0,7420.0,-88.0,17.0,0.942341125272681,102.02531365231933,7.732848705134029,0.109041344843253,31.021548821548823,0.3020290902037117,105.0,7420.0,6.0,110.05,10.0,1200.0,-7315.0,14.16,0,0,0,276.0,1596987.55,2014403.87,20.83,12.38,22.57,0.35,0.006574879059013327,ICICI Prudential Life Insurance Company Ltd,Financials,Life Insurance,Large Cap,43.585,Discount,40,Hold
1371,INDIGO,2022,25931,2386,25373.0,558.0,2,725,5068,-6171,0.0,-317,-160.0,0.0,766.0,48.0,602.0,12.0,258.0,920.0,253.0,51.0,173.0,442.0,920.0,642.0,2064.0,1527.0,-3088.0,503.0,-1.2224750298870075,97.84813543635032,-48.76923076923077,0.0184615384615384,35.0,28.18586956521739,3591.0,1527.0,-160.0,6.5,0.0,12.0,2064.0,,0,0,0,280.0,1034978.53,1343725.41,19.25,10.95,30.38,3.07,0.34696371914111107,Interglobe Aviation Ltd,Consumer Discretionary,Airlines,Large Cap,42.5,Discount,40,Hold
1373,INDIGO,2024,68904,4805,52573.0,16331.0,24,2326,6406,8043,-2.0,8167,212.0,0.0,768.0,48.0,867.0,17.0,290.0,1222.0,548.0,15.0,188.0,471.0,1222.0,644.0,21183.0,-11759.0,-9979.0,-555.0,11.852722628584695,76.29890862649484,892.568306010929,0.0185792349726775,22.61263972484953,56.38625204582652,9424.0,11759.0,212.0,9.15,0.0,17.0,21183.0,20.13,0,0,0,282.0,1040632.92,1061542.29,76.23,7.87,24.64,4.27,0.9056027172386589,Interglobe Aviation Ltd,Consumer Discretionary,Airlines,Large Cap,42.5,Caution,0,Avoid
703,INDUSINDBK,2019,22261,13415,9283.0,-437.0,-2,5647,229,4981,34.0,3301,55.0,14.0,776.0,603.0,26083.0,242189.0,8944.0,277819.0,1688.0,22.0,59266.0,216843.0,277819.0,651.0,-6389.0,-633.0,8590.0,1568.0,14.82862405103095,41.70073222227214,12.369781908116616,9.075507756876265,1.6435275367451745,0.0801277090479772,-7022.0,633.0,55.0,266.86,14.0,242189.0,-6389.0,,0,0,0,283.0,1305732.17,1230713.54,68.96,5.36,33.37,3.85,-0.537782568380773,IndusInd Bank Ltd,Financials,Private Banks,Large Cap,43.585,Caution,0,Avoid
706,INDUSINDBK,2022,30822,15822,15840.0,-839.0,-3,7334,321,6174,25.0,4611,60.0,14.0,779.0,775.0,46923.0,341005.0,13273.0,401975.0,1754.0,95.0,70971.0,329155.0,401975.0,654.0,16600.0,-351.0,-4302.0,11947.0,14.960093439750828,51.39186295503212,9.6670719946329,7.149251540945113,2.1593946004908644,0.0766764102245164,16249.0,351.0,60.0,476.98,14.0,341005.0,16600.0,,0,0,0,286.0,1839916.06,1655974.13,71.98,0.61,32.08,2.12,0.8831381144637652,IndusInd Bank Ltd,Financials,Private Banks,Large Cap,43.585,Caution,20,Avoid
708,INDUSINDBK,2024,45748,25132,17638.0,2978.0,7,9388,425,11942,25.0,8950,115.0,14.0,781.0,778.0,62019.0,432404.0,19734.0,514935.0,2001.0,197.0,106527.0,406211.0,514935.0,656.0,-16843.0,-625.0,-2242.0,-19710.0,19.56369677362945,38.55469091544986,14.252273197764223,6.885742949503957,1.8795270558159352,0.0888422810646003,-17468.0,625.0,115.0,627.97,14.0,432404.0,-16843.0,19.87,0,0,0,288.0,1807433.12,1674611.06,8.99,3.7,28.79,1.42,-0.9664534641259643,IndusInd Bank Ltd,Financials,Private Banks,Large Cap,43.585,Discount,40,Hold
716,INFY,2019,82675,62505,20170.0,24.0,2882,0,2011,21041,27.0,15410,35.0,60.0,788.0,2170.0,62778.0,0.0,19118.0,84066.0,15710.0,1388.0,11261.0,55707.0,84066.0,663.0,14841.0,-632.0,-14512.0,-303.0,18.639250075597214,24.396734200181434,23.726673646609598,0.0,inf,0.9834534770299528,14209.0,632.0,35.0,649.48,60.0,0.0,14841.0,,0,0,0,289.0,473902.69,535599.26,32.63,10.31,30.95,2.63,2.9982948609133238,Infosys Ltd,Information Technology,IT Services,Large Cap,49.555,Discount,40,Hold
717,INFY,2020,90791,68524,22267.0,25.0,2803,170,2893,22007,24.0,16639,39.0,45.0,789.0,2122.0,63328.0,4633.0,21717.0,91800.0,23789.0,954.0,8792.0,58265.0,91800.0,664.0,17003.0,-331.0,-17591.0,-919.0,18.32670639160269,24.52555870075228,25.422459893048128,0.0707868601986249,147.47058823529412,0.98900871459695,16672.0,331.0,39.0,654.5,45.0,4633.0,17003.0,,0,0,0,290.0,468232.33,516667.75,26.14,13.59,31.82,2.22,3.5606255552665487,Infosys Ltd,Information Technology,IT Services,Large Cap,49.555,Discount,60,Buy
718,INFY,2021,100472,72583,27889.0,28.0,2201,195,3267,26628,27.0,19423,45.0,59.0,790.0,2124.0,74227.0,5325.0,25835.0,107511.0,25505.0,922.0,14205.0,66879.0,107511.0,665.0,23224.0,-7373.0,-9786.0,6065.0,19.331754120551,27.7579823234334,25.43909051616875,0.0697436837762439,154.30769230769232,0.9345276297309112,15851.0,7373.0,45.0,763.51,59.0,5325.0,23224.0,,0,0,0,291.0,624026.61,698099.93,31.65,1.88,24.03,3.87,2.5401160376798675,Infosys Ltd,Information Technology,IT Services,Large Cap,49.555,Discount,60,Buy
729,IOC,2019,528158,492896,35262.0,7.0,4097,4925,8506,25927,33.0,17274,12.0,49.0,801.0,9181.0,103288.0,96765.0,126128.0,335363.0,132494.0,28281.0,44112.0,130476.0,335363.0,675.0,12747.0,-22569.0,10436.0,614.0,3.2706122031664764,6.676411225428754,15.358898896584837,0.8603704131805209,7.991675126903553,1.5748845281083483,-9822.0,22569.0,12.0,1124.69,49.0,96765.0,12747.0,,0,0,0,295.0,1122574.59,1338235.9,15.28,13.46,10.22,2.98,-0.8749529953283548,"Indian Oil Corporation
",Energy,Oil & Gas Refining,Mid Cap,41.495,Discount,60,Buy
732,IOC,2022,589321,541563,47758.0,8.0,4332,5454,12348,34289,25.0,25727,18.0,46.0,804.0,9181.0,124354.0,132020.0,145327.0,410882.0,160514.0,47469.0,52352.0,150546.0,410882.0,678.0,25747.0,-21294.0,-4058.0,395.0,4.365532536597202,8.103902626921492,19.26611000861197,0.9886546598270116,9.550788412174551,1.434282835461276,4453.0,21294.0,18.0,1335.35,46.0,132020.0,25747.0,,0,0,0,298.0,1605938.54,1867479.2,79.84,7.17,29.72,3.59,0.277283338626396,"Indian Oil Corporation
",Energy,Oil & Gas Refining,Mid Cap,41.495,Caution,0,Avoid
733,IOC,2023,841756,811073,30683.0,4.0,5124,7588,13181,15038,22.0,11704,7.0,42.0,805.0,13772.0,125949.0,148977.0,153298.0,441995.0,180048.0,51133.0,52190.0,158624.0,441995.0,679.0,29644.0,-28030.0,-1794.0,-180.0,1.3904266794653084,3.645118062716512,8.37669355358178,1.0662463051366653,4.718898260411176,1.9044468828832903,1614.0,28030.0,7.0,1397.21,42.0,148977.0,29644.0,,0,0,0,299.0,1666992.08,1805135.73,77.78,0.97,16.74,2.19,0.09682109587467266,"Indian Oil Corporation
",Energy,Oil & Gas Refining,Mid Cap,41.495,Caution,20,Avoid
734,IOC,2024,776352,700706,75646.0,10.0,5389,7881,15866,57288,25.0,43161,30.0,40.0,806.0,13772.0,169645.0,132628.0,166639.0,482683.0,195998.0,61032.0,65542.0,160111.0,482683.0,680.0,71099.0,-31464.0,-39385.0,250.0,5.559462717942377,9.743776019125344,23.53162465856491,0.7230954600718581,10.282324578099226,1.6084096601703397,39635.0,31464.0,30.0,1834.17,40.0,132628.0,71099.0,-1.81,0,0,0,300.0,1418164.33,1786391.89,28.61,4.24,33.71,1.25,2.794810104975634,"Indian Oil Corporation
",Energy,Oil & Gas Refining,Mid Cap,41.495,Discount,40,Hold
740,IRCTC,2019,1870,1487,383.0,20.0,126,2,29,479,36.0,309,4.0,98.0,812.0,160.0,911.0,0.0,1523.0,2594.0,182.0,40.0,0.0,2372.0,2594.0,685.0,499.0,-353.0,-179.0,-33.0,16.524064171122994,20.48128342245989,28.851540616246496,0.0,254.5,0.7208943716268311,146.0,353.0,4.0,10.71,98.0,0.0,499.0,,0,0,0,301.0,1245806.34,1516134.78,64.3,1.79,7.79,1.38,0.011719317466308606,Indian Railway Catering & Tourism Corporation Ltd,Consumer Discretionary,Travel & Tourism,Mid Cap,42.5,Caution,40,Hold
743,IRCTC,2022,1879,1005,874.0,47.0,72,11,49,885,26.0,660,8.0,42.0,815.0,160.0,1710.0,105.0,1909.0,3884.0,335.0,26.0,0.0,3522.0,3884.0,688.0,524.0,-242.0,-258.0,23.0,35.125066524747204,46.514103246407664,35.294117647058826,0.0561497326203208,86.0,0.4837796086508754,282.0,242.0,8.0,18.7,42.0,105.0,524.0,,0,0,0,304.0,1322589.51,1554041.66,12.08,2.09,33.44,1.05,0.02132180830619169,Indian Railway Catering & Tourism Corporation Ltd,Consumer Discretionary,Travel & Tourism,Mid Cap,42.5,Discount,60,Buy
744,IRCTC,2023,3541,2265,1276.0,36.0,148,16,54,1354,26.0,1006,13.0,44.0,816.0,160.0,2318.0,84.0,2526.0,5089.0,351.0,34.0,0.0,4704.0,5089.0,689.0,812.0,-317.0,-434.0,61.0,28.410053657159,36.0350183563965,40.597255851493145,0.0338983050847457,89.0,0.6958145018667715,495.0,317.0,13.0,24.78,44.0,84.0,812.0,,0,0,0,305.0,1359334.39,1302404.03,22.05,11.74,14.17,2.02,0.03641488096243928,Indian Railway Catering & Tourism Corporation Ltd,Consumer Discretionary,Travel & Tourism,Mid Cap,42.5,Discount,60,Buy
753,IRFC,2019,11134,48,11085.0,100.0,0,8183,0,2902,22.0,2255,2.0,18.0,825.0,9380.0,15648.0,173933.0,7642.0,206604.0,11.0,0.0,13.0,206579.0,206604.0,694.0,-41748.0,1.0,41749.0,3.0,20.25327824681157,99.5599065924196,9.009908902029728,6.94953651909861,1.354637663448613,0.0538905345491858,-41747.0,1.0,2.0,250.28,18.0,173933.0,-41748.0,,0,0,0,307.0,1262848.07,1625870.1,24.73,1.86,14.21,0.55,-3.305781668573956,Indian Railway Finance Corporation Ltd,Financials,Speciality Finance,Large Cap,43.585,Discount,80,Strong Buy
755,IRFC,2021,15771,113,15657.0,99.0,0,11237,4,4416,0.0,4416,3.0,31.0,827.0,13069.0,22845.0,323145.0,21423.0,380482.0,45.0,0.0,12.0,380424.0,380482.0,696.0,-89907.0,0.0,90202.0,296.0,28.000760890241583,99.27715427049648,12.29604054129309,8.997744612128974,1.3933434190620273,0.0414500554559742,-89907.0,0.0,3.0,359.14,31.0,323145.0,-89907.0,,0,0,0,309.0,1481705.69,1855967.59,74.92,11.42,32.61,1.97,-6.0678041939624325,Indian Railway Finance Corporation Ltd,Financials,Speciality Finance,Large Cap,43.585,Caution,0,Avoid
758,IRFC,2024,26645,133,26513.0,100.0,10,20101,9,6412,0.0,6412,5.0,31.0,830.0,13069.0,36110.0,412039.0,23865.0,485082.0,22.0,4.0,54.0,485003.0,485082.0,699.0,7914.0,-8.0,-8046.0,-140.0,24.064552448864703,99.50459748545694,13.038085361638096,8.378352548852153,1.3194865927068304,0.05492885738906,7906.0,8.0,5.0,491.79,31.0,412039.0,7914.0,10.8,0,0,0,312.0,2618348.58,2449260.08,9.81,3.91,16.66,2.82,0.3019460457018293,Indian Railway Finance Corporation Ltd,Financials,Speciality Finance,Large Cap,43.585,Discount,40,Hold
766,ITC,2019,48340,29802,18537.0,38.0,2080,71,1397,19150,33.0,12836,10.0,56.0,838.0,1226.0,57915.0,13.0,12585.0,71739.0,19374.0,4136.0,25043.0,23185.0,71739.0,706.0,12583.0,-5546.0,-6869.0,169.0,26.553578816714936,38.34712453454696,21.70406317106576,0.0002198136656465,290.38028169014086,0.6738315281785361,7037.0,5546.0,10.0,591.41,56.0,13.0,12583.0,,0,0,0,313.0,215793.67,211845.82,69.58,1.15,17.46,2.84,3.260985366252865,"ITC Ltd
",Consumer Staples,Diversified FMCG,Large Cap,37.735,Caution,40,Hold
767,ITC,2020,49388,30044,19344.0,39.0,2417,81,1645,20035,22.0,15593,12.0,82.0,839.0,1229.0,64044.0,277.0,11760.0,77311.0,21713.0,3256.0,28663.0,23678.0,77311.0,707.0,14690.0,-6174.0,-8181.0,334.0,31.57244674819794,39.16740908722767,23.88889740015014,0.0042437148591301,268.6543209876544,0.6388224185432863,8516.0,6174.0,12.0,652.73,82.0,277.0,14690.0,,0,0,0,314.0,281943.95,351639.75,72.45,1.41,34.43,3.51,3.020458498932146,"ITC Ltd
",Consumer Staples,Diversified FMCG,Large Cap,37.735,Caution,40,Hold
768,ITC,2021,49257,32193,17065.0,35.0,2577,58,1646,17938,25.0,13383,11.0,101.0,840.0,1231.0,59116.0,271.0,13143.0,73761.0,23298.0,4011.0,24871.0,21580.0,73761.0,708.0,12527.0,5740.0,-18634.0,-367.0,27.16974237164261,34.64482205574842,22.17674449434106,0.0044906954778199,338.6551724137931,0.6677919225607029,18267.0,5740.0,11.0,603.47,101.0,271.0,12527.0,,0,0,0,315.0,366869.92,375906.12,73.65,6.34,27.19,1.91,4.979149012816314,"ITC Ltd
",Consumer Staples,Diversified FMCG,Large Cap,37.735,Caution,20,Avoid
783,JINDALSTEL,2023,53212,43270,9942.0,19.0,-539,1446,2691,5266,25.0,3974,31.0,6.0,1046.0,100.0,38606.0,13046.0,17674.0,69427.0,43542.0,7870.0,907.0,17108.0,69427.0,722.0,7347.0,-4090.0,-2500.0,757.0,7.468240246560925,18.683755543862286,10.267142045160956,0.3370536867669095,6.502766251728907,0.7664453310671641,3257.0,4090.0,31.0,387.06,6.0,13046.0,7347.0,,0,0,0,323.0,421683.82,460644.47,73.96,8.84,9.73,2.46,0.7723796469117549,Jindal Steel & Power Ltd,Materials,Steel,Large Cap,40.61,Caution,20,Avoid
784,JINDALSTEL,2024,50354,40153,10202.0,20.0,156,1294,2822,6241,5.0,5943,58.0,3.0,1047.0,100.0,44216.0,16472.0,17888.0,78676.0,48384.0,9611.0,819.0,19862.0,78676.0,723.0,6008.0,-8344.0,1381.0,-955.0,11.802438733764944,20.260555268697622,13.410506363390198,0.3716941962270963,8.004636785162287,0.6400172860847018,-2336.0,8344.0,58.0,443.16,3.0,16472.0,6008.0,10.94,0,0,0,324.0,396587.97,478682.44,77.64,5.73,20.22,1.9,-0.5890244225007633,Jindal Steel & Power Ltd,Materials,Steel,Large Cap,40.61,Caution,0,Avoid
786,JIOFIN,2023,45,6,39.0,88.0,10,0,0,49,37.0,31,,0.0,1033.0,2.0,114118.0,743.0,66.0,114930.0,158.0,38.0,108141.0,6593.0,114930.0,724.0,2055.0,-1110.0,-889.0,56.0,68.88888888888889,86.66666666666667,0.0271643883631265,0.0065106905012267,inf,0.0003915426781519,945.0,1110.0,,1141.2,0.0,743.0,2055.0,,0,0,0,329.0,1137314.0,1164967.52,65.98,7.88,14.61,4.29,0.08309050974489016,Jio Financial Services Ltd,Financials,Diversified Financials,Mid Cap,43.585,Caution,20,Avoid
797,JSWENERGY,2021,6922,4009,2913.0,42.0,248,896,1167,1099,25.0,823,5.0,41.0,1028.0,1642.0,12865.0,8371.0,3328.0,26207.0,15637.0,473.0,4052.0,6045.0,26207.0,734.0,3700.0,-1030.0,-2515.0,155.0,11.889627275353943,42.08321294423577,5.67312331977666,0.5770317777624595,3.5279017857142856,0.2641279047582707,2670.0,1030.0,5.0,145.07,41.0,8371.0,3700.0,,0,0,0,333.0,66726.89,76914.23,71.29,3.09,30.82,0.11,4.001385348545392,JSW Energy Ltd,Energy,Power & Utilities,Mid Cap,41.495,Caution,20,Avoid
800,JSWENERGY,2024,11486,6104,5382.0,47.0,472,2053,1633,2167,20.0,1725,10.0,19.0,1031.0,1641.0,19191.0,31573.0,5362.0,57767.0,28946.0,10285.0,7035.0,11501.0,57767.0,737.0,6234.0,-8197.0,1675.0,-289.0,15.018283127285391,46.857043357130415,8.280529953917052,1.5156009984639016,2.8514369215781783,0.1988332438935724,-1963.0,8197.0,10.0,208.32,19.0,31573.0,6234.0,-1.92,0,0,0,336.0,110870.53,124622.6,24.79,9.88,35.95,1.25,-1.7705336124937798,JSW Energy Ltd,Energy,Power & Utilities,Mid Cap,41.495,Discount,40,Hold
812,JSWSTEEL,2023,165960,147490,18470.0,11.0,1561,6902,7474,5655,27.0,4139,17.0,25.0,1017.0,301.0,65394.0,80853.0,63991.0,210539.0,104452.0,22166.0,4806.0,79115.0,210539.0,748.0,23323.0,-10730.0,-5977.0,6616.0,2.4939744516751023,11.129187756085804,6.300327269959662,1.2307329324910572,2.9022022602144304,0.7882625071839422,12593.0,10730.0,17.0,656.95,25.0,80853.0,23323.0,,0,0,0,341.0,2101814.77,2210837.76,8.68,9.24,33.75,2.83,0.5991488964557995,JSW Steel Ltd,Materials,Steel,Large Cap,40.61,Discount,40,Hold
813,JSWSTEEL,2024,175006,146849,28157.0,16.0,1500,8105,8172,13380,33.0,8973,36.0,25.0,1018.0,305.0,77364.0,87984.0,62245.0,227898.0,112461.0,29676.0,7246.0,78515.0,227898.0,749.0,12078.0,-14467.0,-5005.0,-7394.0,5.127252779904689,16.089162657280323,11.5528718021347,1.1328071688833383,3.659099321406539,0.7679137157851319,-2389.0,14467.0,36.0,776.69,25.0,87984.0,12078.0,13.49,0,0,0,342.0,2612646.38,3187328.18,69.27,4.37,35.49,2.94,-0.09143985264473488,JSW Steel Ltd,Materials,Steel,Large Cap,40.61,Caution,0,Avoid
824,KOTAKBANK,2022,33741,11554,30699.0,-8512.0,-25,24941,480,15948,25.0,12089,61.0,2.0,1004.0,992.0,95673.0,365747.0,84086.0,546498.0,2723.0,0.0,164529.0,379245.0,546498.0,759.0,8308.0,-10903.0,7543.0,4949.0,35.82881360955514,90.984262469992,12.50607769099467,3.783654890601562,1.2298624754420433,0.0617403906327196,-2595.0,10903.0,61.0,966.65,2.0,365747.0,8308.0,,0,0,0,346.0,455106.0,483040.86,73.13,3.75,28.96,0.64,-0.5701968332652173,"Kotak Mahindra Bank Ltd
",Financials,Private Banks,Large Cap,43.585,Caution,0,Avoid
825,KOTAKBANK,2023,42151,14411,33485.0,-5746.0,-14,25991,599,19646,25.0,14925,75.0,2.0,1005.0,993.0,110821.0,418807.0,89809.0,620430.0,3075.0,0.0,195338.0,422017.0,620430.0,760.0,-1242.0,-10381.0,1883.0,-9740.0,35.40841261180043,79.44058266707789,13.348060171356002,3.745568533457349,1.2877919279750685,0.067938365327273,-11623.0,10381.0,75.0,1118.14,2.0,418807.0,-1242.0,,0,0,0,347.0,467372.62,480678.67,75.47,6.71,29.17,2.71,-2.4868808104334397,"Kotak Mahindra Bank Ltd
",Financials,Private Banks,Large Cap,43.585,Caution,0,Avoid
829,LICI,2020,628043,634989,-6947.0,-1.0,20870,0,379,13544,80.0,2710,,2.0,989.0,100.0,902.0,253414.0,3245419.0,3499834.0,28216.0,734.0,2976100.0,494784.0,3499834.0,763.0,54367.0,-40415.0,-18664.0,-4712.0,0.43149911709867,-1.1061344525772918,270.45908183632736,252.9081836327345,inf,0.1794493681700332,13952.0,40415.0,,10.02,2.0,253414.0,54367.0,,0,0,0,350.0,196576.3,233201.16,20.36,2.12,10.34,1.11,7.097498528561175,Life Insurance Corporation of India,Financials,Life Insurance,Large Cap,43.585,Discount,100,Strong Buy
831,LICI,2022,723606,720280,3326.0,0.0,9248,0,436,12138,66.0,4125,57.0,23.0,991.0,6325.0,5013.0,1.0,4242719.0,4254059.0,17770.0,199.0,3926212.0,309878.0,4254059.0,765.0,-3783.0,12531.0,0.0,8748.0,0.5700616081127022,0.4596424020806903,36.38207796789557,8.819897689186806e-05,inf,0.1700977819066449,8748.0,12531.0,57.0,113.38,23.0,1.0,-3783.0,,0,0,0,352.0,171741.93,179309.03,13.18,2.48,28.3,3.12,5.093689118318398,Life Insurance Corporation of India,Financials,Life Insurance,Large Cap,43.585,Discount,80,Strong Buy
832,LICI,2023,784628,750420,34207.0,4.0,7800,77,466,41463,13.0,35997,65.0,5.0,992.0,6325.0,39908.0,0.0,4532258.0,4578491.0,20473.0,331.0,4243008.0,314678.0,4578491.0,766.0,54519.0,-52848.0,-949.0,722.0,4.587779176883823,4.359645590012082,77.85997015119071,0.0,545.5454545454545,0.171372620367715,1671.0,52848.0,65.0,462.33,5.0,0.0,54519.0,,0,0,0,353.0,204112.31,228780.25,76.58,7.85,20.73,1.11,0.8186669388044259,Life Insurance Corporation of India,Financials,Life Insurance,Large Cap,43.585,Caution,0,Avoid
844,LODHA,2022,9233,7047,2186.0,24.0,293,688,75,1716,30.0,1208,12.0,20.0,984.0,482.0,11624.0,11537.0,14763.0,38404.0,1923.0,0.0,574.0,35908.0,38404.0,783.0,1998.0,1139.0,-2888.0,250.0,13.08350481966858,23.675944979963177,9.97852304642326,0.9529985131339832,3.6031976744186047,0.2404176648265805,3137.0,1139.0,12.0,121.06,20.0,11537.0,1998.0,,0,0,0,358.0,1322559.29,1261563.26,13.49,1.97,18.41,1.52,0.23719163471302673,Macrotech Developers Ltd,Real Estate,Real Estate,Large Cap,49.505,Discount,60,Buy
855,LT,2020,145452,120899,24553.0,17.0,3015,11021,2462,14086,23.0,10894,68.0,26.0,969.0,17.0,5387.0,912.0,2499.0,8815.0,1920.0,59.0,2219.0,4617.0,8815.0,793.0,6694.0,-8408.0,6372.0,4658.0,7.489756070731238,16.880482908450897,201.59141376757955,0.1687638786084382,2.501406405952273,16.500510493477027,-1714.0,8408.0,68.0,54.04,26.0,912.0,6694.0,,0,0,0,362.0,606183.52,582692.86,18.62,6.6,10.51,3.85,-0.28275265549944345,Larsen & Toubro Ltd,Industrials,Engineering & Construction,Large Cap,48.83,Discount,60,Buy
856,LT,2021,135979,112519,23460.0,17.0,8111,11750,2904,16918,24.0,12921,82.0,44.0,970.0,18.0,7286.0,798.0,2604.0,10706.0,1906.0,66.0,3730.0,5004.0,10706.0,794.0,23074.0,-5750.0,-15274.0,2049.0,9.502202545981364,17.252664014296325,176.90306681270536,0.1092552026286966,2.6868936170212767,12.70119559125724,17324.0,5750.0,82.0,73.04,44.0,798.0,23074.0,,0,0,0,363.0,690472.41,723135.04,13.01,9.07,9.08,3.34,2.509006840693316,Larsen & Toubro Ltd,Industrials,Engineering & Construction,Large Cap,48.83,Discount,60,Buy
857,LT,2022,156521,132207,24314.0,16.0,2364,9235,2948,14495,29.0,10419,62.0,36.0,971.0,30.0,14258.0,258.0,6027.0,20572.0,3473.0,503.0,6048.0,10548.0,20572.0,795.0,19164.0,-3585.0,-15181.0,397.0,6.656614767347513,15.5340177995285,72.92133258678611,0.018057110862262,2.8887926367081755,7.608448376433988,15579.0,3585.0,62.0,142.88,36.0,258.0,19164.0,,0,0,0,364.0,864042.71,965645.93,18.77,11.91,15.77,1.0,1.8030358707615275,Larsen & Toubro Ltd,Industrials,Engineering & Construction,Large Cap,48.83,Discount,40,Hold
858,LT,2023,183341,156175,27166.0,15.0,2891,9445,3502,17109,26.0,12531,75.0,32.0,972.0,30.0,16562.0,1541.0,5348.0,23481.0,3679.0,902.0,5458.0,13442.0,23481.0,796.0,22777.0,-8048.0,-11572.0,3156.0,6.834805089968965,14.817198553515034,75.52434908389586,0.0928760848601735,3.1823186871360507,7.8080575784676975,14729.0,8048.0,75.0,165.92,32.0,1541.0,22777.0,,0,0,0,365.0,937726.82,1190030.19,29.41,13.63,6.88,0.38,1.5707133128601356,Larsen & Toubro Ltd,Industrials,Engineering & Construction,Large Cap,48.83,Discount,60,Buy
859,LT,2024,221113,191248,29865.0,14.0,3847,9512,3682,20517,24.0,15547,95.0,36.0,973.0,30.0,19988.0,2071.0,5456.0,27544.0,4981.0,551.0,8744.0,13269.0,27544.0,797.0,18266.0,2179.0,-25413.0,-4968.0,7.031246466738726,13.506668535997433,77.66510140873214,0.1034568888000799,3.5441547518923464,8.027628521638107,20445.0,2179.0,95.0,200.18,36.0,2071.0,18266.0,9.97,0,0,0,366.0,1124597.5,1097873.76,30.8,2.48,16.63,1.26,1.8179837675257147,Larsen & Toubro Ltd,Industrials,Engineering & Construction,Large Cap,48.83,Discount,60,Buy
869,LTIM,2021,12370,9645,2725.0,22.0,274,79,332,2588,25.0,1938,111.0,36.0,957.0,18.0,7286.0,798.0,2604.0,10706.0,1906.0,66.0,3730.0,5004.0,10706.0,806.0,2400.0,-1657.0,-509.0,234.0,15.666936135812447,22.029102667744542,26.533406352683457,0.1092552026286966,37.962025316455694,1.1554268634410612,743.0,1657.0,111.0,73.04,36.0,798.0,2400.0,,0,0,0,369.0,1325692.27,1604670.91,30.49,14.47,39.4,3.0,0.056046189361879585,LTIMindtree Ltd,Information Technology,IT Services,Large Cap,49.555,Discount,40,Hold
880,M&M,2019,104721,89514,15207.0,15.0,2676,5021,3991,8871,32.0,6017,43.0,17.0,942.0,544.0,39439.0,70848.0,51057.0,161889.0,28983.0,4760.0,18268.0,109878.0,161889.0,816.0,-4347.0,-7174.0,13194.0,1672.0,5.745743451647711,14.52144269057782,15.0488957807068,1.771953080059025,3.5616411073491334,0.6468691510850026,-11521.0,7174.0,43.0,399.83,17.0,70848.0,-4347.0,,0,0,0,373.0,1707695.34,2021410.72,76.49,7.02,9.79,3.01,-0.6746519551900867,"Mahindra & Mahindra Ltd
",Consumer Discretionary,Automobiles,Large Cap,42.5,Caution,20,Avoid
881,M&M,2020,75382,65224,10158.0,13.0,885,6021,3367,1655,99.0,-321,1.0,205.0,943.0,554.0,39415.0,82092.0,43655.0,165716.0,29689.0,6856.0,19210.0,109960.0,165716.0,817.0,-1457.0,-6870.0,6933.0,-1394.0,-0.4258311002626622,13.47536547186331,-0.8031224198754034,2.053891766118742,1.8340807174887888,0.4548866735861353,-8327.0,6870.0,1.0,399.69,205.0,82092.0,-1457.0,,0,0,0,374.0,2271322.15,2677621.8,65.84,6.63,8.38,0.76,-0.3666146609806099,"Mahindra & Mahindra Ltd
",Consumer Discretionary,Automobiles,Large Cap,42.5,Caution,20,Avoid
882,M&M,2021,74278,62791,11487.0,15.0,1152,6102,3378,3158,52.0,1512,15.0,54.0,944.0,555.0,41027.0,80625.0,42762.0,164968.0,21380.0,7873.0,28778.0,106938.0,164968.0,818.0,17909.0,-19686.0,406.0,-1370.0,2.035596004200436,15.464875198578316,3.636188735510557,1.9389399259294888,2.071288102261553,0.4502570195431841,-1777.0,19686.0,15.0,415.82,54.0,80625.0,17909.0,,0,0,0,375.0,3046586.67,3342939.51,8.87,14.35,22.42,3.76,-0.058327570900846885,"Mahindra & Mahindra Ltd
",Consumer Discretionary,Automobiles,Large Cap,42.5,Discount,40,Hold
885,M&M,2024,139078,114186,24892.0,18.0,3298,7488,4724,15978,23.0,12270,91.0,21.0,947.0,557.0,65633.0,108647.0,59884.0,234722.0,28129.0,8039.0,35208.0,163345.0,234722.0,821.0,-5630.0,-5615.0,12281.0,1037.0,8.82238743726542,17.89787025985418,18.537543435564285,1.6414413053331318,3.7646901709401703,0.5925222177725139,-11245.0,5615.0,91.0,661.9,21.0,108647.0,-5630.0,6.04,0,0,0,378.0,4173085.48,3837414.39,14.22,0.81,29.08,2.37,-0.2694648852484086,"Mahindra & Mahindra Ltd
",Consumer Discretionary,Automobiles,Large Cap,42.5,Discount,60,Buy
893,MARUTI,2019,86068,75012,11056.0,13.0,2664,76,3021,10624,28.0,7651,253.0,32.0,929.0,151.0,46941.0,160.0,16717.0,63969.0,15437.0,1607.0,37504.0,9421.0,63969.0,828.0,6601.0,-3540.0,-2948.0,113.0,8.889482734581959,12.845656922433424,16.24692092075087,0.0033976046886944,180.52631578947367,1.345464209226344,3061.0,3540.0,253.0,470.92,32.0,160.0,6601.0,,0,0,0,379.0,1445154.02,1428864.0,65.97,4.77,37.75,1.13,0.2118113334383556,Maruti Suzuki India Ltd,Consumer Discretionary,Automobiles,Mid Cap,42.5,Caution,0,Avoid
894,MARUTI,2020,75660,68305,7355.0,10.0,3410,134,3528,7103,20.0,5678,188.0,32.0,930.0,151.0,49262.0,184.0,14031.0,63628.0,15744.0,1415.0,37488.0,8980.0,63628.0,829.0,3496.0,-557.0,-3104.0,-165.0,7.504625958234206,9.721120803595031,11.490903203610388,0.0037237164308987,80.33582089552239,1.1890991387439491,2939.0,557.0,188.0,494.13,32.0,184.0,3496.0,,0,0,0,380.0,1349572.01,1480925.31,11.64,1.03,22.36,0.97,0.21777274411611428,Maruti Suzuki India Ltd,Consumer Discretionary,Automobiles,Mid Cap,42.5,Discount,60,Buy
897,MARUTI,2023,118410,105288,13122.0,11.0,2415,252,4846,10438,21.0,8264,274.0,34.0,933.0,157.0,74443.0,1248.0,24258.0,100106.0,27941.0,4143.0,49184.0,18837.0,100106.0,832.0,10815.0,-8820.0,-1214.0,780.0,6.9791402753145855,11.081834304535093,11.07774798927614,0.0167292225201072,61.65476190476191,1.1828461830459711,1995.0,8820.0,274.0,746.0,34.0,1248.0,10815.0,,0,0,0,383.0,1507366.44,1474615.02,14.7,14.19,31.01,1.41,0.13235003427567354,Maruti Suzuki India Ltd,Consumer Discretionary,Automobiles,Mid Cap,42.5,Discount,40,Hold
898,MARUTI,2024,141858,123232,18626.0,13.0,4248,194,5256,17424,23.0,13488,429.0,29.0,934.0,157.0,85479.0,119.0,29550.0,115304.0,27865.0,7735.0,57296.0,22408.0,115304.0,833.0,16801.0,-11865.0,-4062.0,874.0,9.50809964894472,13.130031439890594,15.750385351954783,0.0013896025036199,117.90721649484536,1.230295566502463,4936.0,11865.0,429.0,856.36,29.0,119.0,16801.0,12.49,0,0,0,384.0,1503863.63,1891991.87,20.78,8.26,29.97,1.78,0.3282212496887102,Maruti Suzuki India Ltd,Consumer Discretionary,Automobiles,Mid Cap,42.5,Discount,40,Hold
909,MOTHERSON,2022,63774,59060,4714.0,7.0,575,543,2958,1788,31.0,1182,1.0,34.0,919.0,452.0,20136.0,14130.0,21008.0,55726.0,21411.0,1310.0,6462.0,26543.0,55726.0,843.0,2463.0,-2304.0,-1217.0,-1059.0,1.8534198889829712,7.391727036096214,5.741208470953954,0.6863221293957645,9.740331491712707,1.144420916627786,159.0,2304.0,1.0,205.88,34.0,14130.0,2463.0,,0,0,0,388.0,136555.49,157086.66,76.33,10.98,30.36,2.66,0.11643618282941243,Samvardhana Motherson International Ltd,Consumer Discretionary,Auto Ancillaries,Large Cap,42.5,Caution,0,Avoid
910,MOTHERSON,2023,78788,72537,6251.0,8.0,70,781,3136,2405,31.0,1670,2.0,29.0,920.0,678.0,21774.0,13792.0,25086.0,61330.0,23147.0,1478.0,6290.0,30415.0,61330.0,844.0,4643.0,-2248.0,-2734.0,-339.0,2.119612123673656,7.933949332385643,7.438090147871014,0.6142882593978265,8.093469910371319,1.2846567748247186,2395.0,2248.0,2.0,224.52,29.0,13792.0,4643.0,,0,0,0,389.0,125781.85,139351.91,26.19,14.98,14.34,1.04,1.9040902960164763,Samvardhana Motherson International Ltd,Consumer Discretionary,Auto Ancillaries,Large Cap,42.5,Discount,60,Buy
911,MOTHERSON,2024,98692,89370,9322.0,9.0,140,1811,3810,3840,21.0,3020,4.0,20.0,921.0,678.0,25477.0,19922.0,38101.0,84178.0,30122.0,2498.0,6521.0,45037.0,84178.0,845.0,7569.0,-6644.0,1281.0,2205.0,3.060025128683176,9.445547764763102,11.546549416937488,0.7616899254444657,5.224737713970182,1.1724203473591674,925.0,6644.0,4.0,261.55,20.0,19922.0,7569.0,17.35,0,0,0,390.0,146151.16,161406.34,9.54,2.38,33.39,2.18,0.6329063689949501,Samvardhana Motherson International Ltd,Consumer Discretionary,Auto Ancillaries,Large Cap,42.5,Discount,60,Buy
919,NAUKRI,2019,1151,1142,9.0,1.0,737,7,22,716,17.0,592,49.0,12.0,903.0,122.0,2421.0,1.0,646.0,3189.0,88.0,2.0,1204.0,1895.0,3189.0,852.0,276.0,-59.0,-78.0,138.0,51.433536055603824,0.7819287576020852,23.27959103421156,0.0003932363350373,106.57142857142856,0.3609281906553778,217.0,59.0,49.0,25.43,12.0,1.0,276.0,,0,0,0,391.0,241741.48,242045.98,24.1,14.39,17.67,0.21,0.08976531458316545,Info Edge (India) Ltd,Communication Services,Internet & Platforms,Large Cap,48.23,Discount,40,Hold
920,NAUKRI,2020,1312,1662,-350.0,-27.0,286,14,48,-126,95.0,-246,-19.0,-31.0,904.0,122.0,2073.0,77.0,621.0,2893.0,242.0,0.0,1133.0,1518.0,2893.0,853.0,350.0,97.0,-143.0,304.0,-18.75,-26.67682926829269,-11.20728929384966,0.0350797266514806,-4.571428571428571,0.4535084687175942,447.0,97.0,-19.0,21.95,-31.0,77.0,350.0,,0,0,0,392.0,322764.36,393106.28,26.32,6.43,35.18,1.61,0.13849112708726577,Info Edge (India) Ltd,Communication Services,Internet & Platforms,Large Cap,48.23,Discount,40,Hold
924,NAUKRI,2024,2536,1825,711.0,28.0,303,35,101,878,32.0,595,44.0,49.0,908.0,129.0,30133.0,246.0,5581.0,36089.0,810.0,0.0,31203.0,4077.0,36089.0,857.0,702.0,-852.0,120.0,-29.0,23.46214511041009,28.036277602523658,1.9661621835965897,0.008129006675038,28.97142857142857,0.0702707196098534,-150.0,852.0,44.0,302.62,49.0,246.0,702.0,15.92,0,0,0,396.0,563824.44,544283.76,32.88,8.33,11.87,4.29,-0.026604025891463663,Info Edge (India) Ltd,Communication Services,Internet & Platforms,Large Cap,48.23,Discount,60,Buy
932,NESTLEIND,2019,12369,9443,2926.0,24.0,247,129,370,2673,26.0,1968,20.0,168.0,890.0,96.0,1822.0,189.0,5065.0,7173.0,2341.0,143.0,1751.0,2937.0,7173.0,864.0,2295.0,83.0,-3602.0,-1223.0,15.910744603444094,23.655913978494624,102.60688216892598,0.0985401459854014,24.5968992248062,1.7243831033040569,2378.0,83.0,20.0,19.18,168.0,189.0,2295.0,,0,0,0,397.0,1166468.62,1312026.08,64.83,4.06,23.34,1.83,0.20386317807674928,Nestle India Ltd,Consumer Staples,Food Products,Large Cap,37.735,Caution,0,Avoid
933,NESTLEIND,2020,13350,10149,3202.0,24.0,146,164,370,2813,26.0,2082,22.0,93.0,891.0,96.0,1923.0,147.0,5733.0,7900.0,2179.0,639.0,1464.0,3618.0,7900.0,865.0,2454.0,-321.0,-1956.0,177.0,15.595505617977528,23.98501872659176,103.12035661218424,0.0728083209509658,20.414634146341463,1.6898734177215189,2133.0,321.0,22.0,20.19,93.0,147.0,2454.0,,0,0,0,398.0,1106130.85,1267509.76,79.55,5.8,24.33,1.48,0.19283432877764867,Nestle India Ltd,Consumer Staples,Food Products,Large Cap,37.735,Caution,0,Avoid
934,NESTLEIND,2021,14741,11178,3562.0,24.0,-112,202,391,2857,26.0,2118,22.0,91.0,892.0,96.0,1850.0,266.0,6021.0,8234.0,2995.0,246.0,774.0,4219.0,8234.0,866.0,2236.0,-1920.0,-2020.0,-1704.0,14.36808900345974,24.163896614883654,108.83864337101748,0.1366906474820144,17.07920792079208,1.790259897983969,316.0,1920.0,22.0,19.46,91.0,266.0,2236.0,,0,0,0,399.0,1425221.19,1775599.1,20.87,13.55,10.3,0.43,0.02217199703577239,Nestle India Ltd,Consumer Staples,Food Products,Large Cap,37.735,Discount,60,Buy
936,NESTLEIND,2023,19126,14655,4471.0,23.0,116,119,429,4038,26.0,2999,31.0,56.0,894.0,96.0,2363.0,271.0,6249.0,8979.0,3044.0,358.0,778.0,4799.0,8979.0,868.0,3392.0,-927.0,-2436.0,29.0,15.680225870542715,23.37655547422357,121.96014640097602,0.1102074013826758,38.54621848739496,2.130081300813008,2465.0,927.0,31.0,24.59,56.0,271.0,3392.0,,0,0,0,401.0,1811624.04,1823644.1,11.53,1.76,33.06,4.1,0.13606575898606424,Nestle India Ltd,Consumer Staples,Food Products,Large Cap,37.735,Discount,60,Buy
945,NHPC,2019,8983,4002,4981.0,55.0,1733,896,1658,4159,32.0,2836,3.0,56.0,877.0,10045.0,20753.0,19066.0,16870.0,66734.0,24977.0,15037.0,1283.0,25437.0,66734.0,876.0,3824.0,-1182.0,-2637.0,5.0,31.57074474006457,55.449181787821445,9.208390155204883,0.6190661731281252,7.493303571428571,0.1346090448646866,2642.0,1182.0,3.0,307.98,56.0,19066.0,3824.0,,0,0,0,403.0,1011493.79,965474.33,78.1,6.89,38.35,2.06,0.26119784680042374,"NHPC Ltd
",Energy,Power & Utilities,Large Cap,41.495,Caution,0,Avoid
950,NHPC,2024,9632,4825,4807.0,50.0,2029,608,1184,5043,20.0,4028,4.0,53.0,882.0,10045.0,28657.0,32561.0,22034.0,93297.0,21474.0,39831.0,479.0,31513.0,93297.0,881.0,6938.0,-5968.0,-581.0,388.0,41.81893687707641,49.90656146179402,10.40773086662188,0.8413260296625498,11.24342105263158,0.1032401899310803,970.0,5968.0,4.0,387.02,53.0,32561.0,6938.0,3.98,0,0,0,408.0,1740404.25,2103124.81,71.17,13.74,18.26,1.68,0.05573417784977254,"NHPC Ltd
",Energy,Power & Utilities,Large Cap,41.495,Caution,0,Avoid
959,NTPC,2020,109464,77878,31586.0,29.0,8209,8189,10356,21250,44.0,11902,12.0,27.0,865.0,9895.0,108945.0,202984.0,55746.0,377569.0,187803.0,98508.0,9307.0,81951.0,377569.0,889.0,23890.0,-29628.0,6004.0,266.0,10.872981071402467,28.85514872469488,10.015146415348369,1.708044429485022,4.859567712785444,0.2899178693166017,-5738.0,29628.0,12.0,1188.4,27.0,202984.0,23890.0,,0,0,0,410.0,549989.15,598573.64,22.83,7.06,14.72,2.72,-1.0432933086043605,NTPC Ltd,Energy,Power & Utilities,Large Cap,41.495,Discount,60,Buy
962,NTPC,2023,176207,128611,47596.0,27.0,2561,11447,14792,23917,28.0,17121,17.0,42.0,868.0,9697.0,137326.0,222913.0,77253.0,447189.0,240424.0,89179.0,13935.0,103651.0,447189.0,892.0,47152.0,-26145.0,-21217.0,-210.0,9.716413082340656,27.01141271345633,11.645116750440408,1.5161777408976826,4.381672053813226,0.3940325007994382,21007.0,26145.0,17.0,1470.23,42.0,222913.0,47152.0,,0,0,0,413.0,953935.75,1220821.99,79.29,12.24,9.96,3.18,2.202139923993833,NTPC Ltd,Energy,Power & Utilities,Large Cap,41.495,Caution,20,Avoid
973,ONGC,2021,303849,254375,49473.0,16.0,11271,5079,25538,30126,29.0,21360,13.0,28.0,853.0,6290.0,214691.0,133187.0,187580.0,541748.0,243746.0,100309.0,60320.0,137372.0,541748.0,902.0,47185.0,-39141.0,-8239.0,-195.0,7.029807568891126,16.28210064867747,9.665989383702671,0.6027079251157339,11.959834613112818,0.5608677835451169,8044.0,39141.0,13.0,2209.81,28.0,133187.0,47185.0,,0,0,0,417.0,316247.83,328041.06,16.47,6.68,11.25,3.51,2.54357476539839,Oil & Natural Gas Corpn Ltd,Energy,Oil & Gas Exploration,Large Cap,41.495,Discount,60,Buy
976,ONGC,2024,591396,488561,102835.0,17.0,12982,10194,28763,76860,26.0,57101,39.0,31.0,856.0,6290.0,330780.0,153181.0,219523.0,709774.0,298454.0,116022.0,102207.0,193091.0,709774.0,905.0,99263.0,-57203.0,-45650.0,-3591.0,9.6552901947257,17.388518015001793,16.940398136885513,0.4544486308481917,11.361290955463998,0.8332173339682772,42060.0,57203.0,39.0,3370.7,31.0,153181.0,99263.0,14.78,0,0,0,420.0,390111.05,499988.49,18.15,10.36,11.72,1.11,10.781545408672736,Oil & Natural Gas Corpn Ltd,Energy,Oil & Gas Exploration,Large Cap,41.495,Discount,80,Strong Buy
986,PFC,2021,71656,7102,19871.0,28.0,46,44684,25,19891,21.0,15716,36.0,22.0,1057.0,2640.0,58127.0,659682.0,55257.0,775707.0,341.0,336.0,3499.0,771530.0,775707.0,914.0,-59143.0,1741.0,60424.0,3023.0,21.932566707602994,27.73110416434073,25.86272154294272,10.855925090921058,0.4457300152179751,0.0923750849225287,-57402.0,1741.0,36.0,607.67,22.0,659682.0,-59143.0,,0,0,0,423.0,1682458.73,1739295.43,71.66,1.56,34.04,0.75,-3.4117924544871303,Power Finance Corporation Ltd,Financials,Speciality Finance,Large Cap,43.585,Caution,20,Avoid
987,PFC,2022,76262,8215,23338.0,31.0,79,44709,35,23382,20.0,18768,42.0,23.0,1058.0,2640.0,69036.0,660476.0,58848.0,791000.0,719.0,53.0,3774.0,786454.0,791000.0,915.0,4904.0,-547.0,-8371.0,-4014.0,24.60989745876059,30.602396999816424,26.18449690272895,9.214744126346336,0.523764790087007,0.0964121365360303,4357.0,547.0,42.0,716.76,23.0,660476.0,4904.0,,0,0,0,424.0,1504604.05,1475909.96,15.39,8.05,39.59,0.15,0.2895778460785081,Power Finance Corporation Ltd,Financials,Speciality Finance,Large Cap,43.585,Discount,40,Hold
997,PIDILITIND,2019,7078,5707,1371.0,19.0,130,26,133,1342,31.0,928,18.0,36.0,1068.0,51.0,4097.0,113.0,1643.0,5904.0,1448.0,242.0,1548.0,2666.0,5904.0,924.0,845.0,-513.0,-361.0,-29.0,13.111048318734106,19.36987849675049,22.372227579556416,0.027242044358727,57.73076923076923,1.1988482384823849,332.0,513.0,18.0,41.48,36.0,113.0,845.0,,0,0,0,427.0,175760.23,215960.74,17.69,11.27,15.11,3.98,0.18889369910360265,Pidilite Industries Ltd,Materials,Specialty Chemicals,Large Cap,40.61,Discount,40,Hold
998,PIDILITIND,2020,7294,5718,1576.0,22.0,97,34,170,1470,24.0,1122,22.0,32.0,1069.0,51.0,4405.0,288.0,1779.0,6523.0,1807.0,259.0,1186.0,3270.0,6523.0,925.0,1280.0,103.0,-849.0,533.0,15.382506169454349,21.606800109679188,25.17953321364452,0.0646319569120287,49.20588235294117,1.11819714855128,1383.0,103.0,22.0,44.56,32.0,288.0,1280.0,,0,0,0,428.0,187037.75,181181.47,78.98,3.06,24.87,2.56,0.7394229239819234,Pidilite Industries Ltd,Materials,Specialty Chemicals,Large Cap,40.61,Caution,0,Avoid
999,PIDILITIND,2021,7293,5606,1686.0,23.0,74,37,201,1522,26.0,1126,22.0,38.0,1070.0,51.0,5542.0,331.0,2890.0,8814.0,4418.0,294.0,516.0,3586.0,8814.0,926.0,1392.0,-1688.0,-76.0,-372.0,15.439462498286026,23.118058412176055,20.13230824244592,0.0591811192562131,47.567567567567565,0.827433628318584,-296.0,1688.0,22.0,55.93,38.0,331.0,1392.0,,0,0,0,429.0,193847.18,248239.82,68.76,12.53,39.1,2.06,-0.15269760437061813,Pidilite Industries Ltd,Materials,Specialty Chemicals,Large Cap,40.61,Caution,0,Avoid
1010,PNB,2019,52147,39645,,,7367,34656,584,-15370,-35.0,-9550,-21.0,0.0,1081.0,167.0,7268.0,71859.0,4456.0,83750.0,102.0,5.0,4457.0,79185.0,83750.0,936.0,-33532.0,-629.0,13969.0,-20192.0,-18.31361343893225,,-128.4465366509751,9.664963012777404,,0.6226507462686567,-34161.0,629.0,-21.0,74.35,0.0,71859.0,-33532.0,,0,0,0,433.0,1116326.04,1152180.48,70.8,13.8,38.18,1.23,-3.0601274874856452,Punjab National Bank,Financials,Public Sector Banks,Large Cap,43.585,Caution,0,Avoid
1011,PNB,2020,54918,25867,,,9388,36997,614,827,56.0,485,1.0,0.0,1082.0,168.0,7779.0,67736.0,3191.0,78874.0,250.0,4.0,2048.0,76572.0,78874.0,937.0,-12793.0,-338.0,13591.0,460.0,0.883134855602899,,6.1029319239964765,8.523467975336604,,0.6962750716332379,-13131.0,338.0,1.0,79.47,0.0,67736.0,-12793.0,,0,0,0,434.0,1458207.93,1742246.74,19.1,9.35,5.92,3.19,-0.9004888623805524,Punjab National Bank,Financials,Public Sector Banks,Large Cap,43.585,Discount,60,Buy
1012,PNB,2021,81935,38601,,,12777,50805,982,4325,38.0,2695,2.0,0.0,1083.0,168.0,8699.0,59394.0,3072.0,71333.0,181.0,2.0,2033.0,69117.0,71333.0,938.0,30950.0,-787.0,5415.0,35579.0,3.289192652712516,,30.393594225780983,6.69831961204466,,1.1486268627423493,30163.0,787.0,2.0,88.67,0.0,59394.0,30950.0,,0,0,0,435.0,1774323.73,2157108.17,20.42,9.61,11.26,4.26,1.6999716280636117,Punjab National Bank,Financials,Public Sector Banks,Large Cap,43.585,Discount,60,Buy
1013,PNB,2022,76242,36026,,,12329,46823,896,4826,19.0,3908,4.0,18.0,1084.0,169.0,9632.0,52961.0,2888.0,65649.0,150.0,4.0,3472.0,62024.0,65649.0,939.0,20032.0,-1204.0,2032.0,20859.0,5.125783688780462,,39.87348229772472,5.403632282420161,,1.161358131883197,18828.0,1204.0,4.0,98.01,18.0,52961.0,20032.0,,0,0,0,436.0,2107018.91,1976658.37,21.47,10.12,21.68,3.31,0.8935847661661469,Punjab National Bank,Financials,Public Sector Banks,Large Cap,43.585,Discount,40,Hold
1014,PNB,2023,86845,41502,,,12529,51817,905,5151,35.0,3359,3.0,21.0,1085.0,169.0,10784.0,53621.0,2231.0,66805.0,146.0,3.0,3188.0,63468.0,66805.0,940.0,22592.0,-732.0,1275.0,23135.0,3.8678104669238302,,30.667397060166163,4.895553729571807,,1.299977546590824,21860.0,732.0,3.0,109.53,21.0,53621.0,22592.0,,0,0,0,437.0,2086779.73,2427273.35,20.74,8.38,38.52,2.83,1.0475470738830686,Punjab National Bank,Financials,Public Sector Banks,Large Cap,43.585,Discount,40,Hold
1015,PNB,2024,109065,39623,,,14158,68534,906,14160,35.0,9157,8.0,18.0,1086.0,260.0,14673.0,55017.0,2422.0,72371.0,206.0,15.0,4345.0,67804.0,72371.0,941.0,-27939.0,-1506.0,3518.0,-25928.0,8.395910695456838,,61.320565191187306,3.684256345007701,,1.5070262950629396,-29445.0,1506.0,8.0,149.33,18.0,55017.0,-27939.0,2.5,0,0,0,438.0,1825925.6,2365495.49,19.29,10.91,23.64,1.32,-1.6126067787208855,Punjab National Bank,Financials,Public Sector Banks,Large Cap,43.585,Discount,40,Hold
1023,POWERGRID,2019,35059,8140,26920.0,77.0,1505,8737,10541,9147,-10.0,10034,11.0,43.0,1141.0,5232.0,53857.0,146376.0,41916.0,247380.0,172740.0,37631.0,1296.0,35713.0,247380.0,948.0,23271.0,-18727.0,-2431.0,2113.0,28.62032573661542,76.78484839841411,16.981164006837144,2.477212340706392,3.253405058944718,0.1417212385803217,4544.0,18727.0,11.0,590.89,43.0,146376.0,23271.0,,0,0,0,439.0,253564.15,315271.49,70.85,7.24,8.63,3.98,1.7920514394483604,Power Grid Corporation of India Ltd,Energy,Power Transmission,Large Cap,41.495,Caution,20,Avoid
1026,POWERGRID,2022,41622,5796,35826.0,86.0,4692,8036,12872,19610,14.0,16824,18.0,61.0,1144.0,6975.0,69272.0,134696.0,40008.0,250950.0,191773.0,12854.0,3788.0,42536.0,250950.0,951.0,26124.0,753.0,-28967.0,-2091.0,40.42093123828744,86.07467204843591,22.06513043136124,1.7665744226002336,5.042060726729717,0.165857740585774,26877.0,753.0,18.0,762.47,61.0,134696.0,26124.0,,0,0,0,442.0,270631.91,263995.91,65.69,3.16,26.9,4.37,9.931201387153497,Power Grid Corporation of India Ltd,Energy,Power Transmission,Large Cap,41.495,Caution,20,Avoid
1028,POWERGRID,2024,45843,6017,39826.0,87.0,556,8773,13095,18514,16.0,15573,17.0,67.0,1146.0,9301.0,77845.0,123516.0,40168.0,250829.0,177761.0,18197.0,4163.0,50708.0,250829.0,953.0,37290.0,-13114.0,-25903.0,-1728.0,33.97028990249329,86.87476823070044,17.870011245496066,1.4173456039290386,4.60298643565485,0.1827659481160471,24176.0,13114.0,17.0,871.46,67.0,123516.0,37290.0,18.02,0,0,0,444.0,372584.24,410018.95,64.39,5.1,23.07,3.09,6.488733930345523,Power Grid Corporation of India Ltd,Energy,Power Transmission,Large Cap,41.495,Caution,20,Avoid
1038,RECLTD,2021,35557,3292,32265.0,91.0,15,21489,11,10780,22.0,8378,32.0,30.0,1169.0,1975.0,41789.0,329723.0,27380.0,400867.0,267.0,336.0,1981.0,398282.0,400867.0,962.0,-43512.0,861.0,42113.0,-538.0,23.562167786933657,90.7416261214388,19.143588337446303,7.534114797550498,1.5021638978081808,0.0887002422249773,-42651.0,861.0,32.0,437.64,30.0,329723.0,-43512.0,,0,0,0,447.0,306600.13,339058.49,16.55,4.55,29.01,0.35,-13.91095300579292,REC Ltd,Financials,Speciality Finance,Large Cap,43.585,Discount,40,Hold
1039,RECLTD,2022,39276,4838,34438.0,88.0,62,22051,18,12431,19.0,10036,38.0,30.0,1170.0,1975.0,49339.0,333043.0,26503.0,410860.0,628.0,6.0,2190.0,408035.0,410860.0,963.0,-819.0,-287.0,68.0,-1038.0,25.55250025460841,87.68204501476728,19.558015356432943,6.490295046186226,1.5645548954695931,0.095594606435282,-1106.0,287.0,38.0,513.14,30.0,333043.0,-819.0,,0,0,0,448.0,362149.73,456426.16,77.79,3.64,31.21,4.17,-0.3053985433041742,REC Ltd,Financials,Speciality Finance,Large Cap,43.585,Caution,0,Avoid
1040,RECLTD,2023,39486,1858,37628.0,95.0,28,23733,24,13898,20.0,11167,42.0,30.0,1171.0,2633.0,55487.0,380790.0,26592.0,465503.0,641.0,3.0,3170.0,461689.0,465503.0,964.0,-37360.0,-943.0,38123.0,-180.0,28.28090968951021,95.29453477181788,19.2136958017894,6.551789401238816,1.5866514979142965,0.084824372775256,-38303.0,943.0,42.0,581.2,30.0,380790.0,-37360.0,,0,0,0,449.0,324371.96,345653.82,74.2,3.44,37.68,2.37,-11.80835729450844,REC Ltd,Financials,Speciality Finance,Large Cap,43.585,Caution,0,Avoid
1050,RELIANCE,2020,596679,507413,89266.0,15.0,8570,22027,22203,53606,26.0,39880,29.0,10.0,1181.0,6339.0,442827.0,355133.0,358716.0,1163015.0,532658.0,109106.0,276767.0,244484.0,1163015.0,973.0,94877.0,-72497.0,-2541.0,19839.0,6.683660728800578,14.960472884080051,8.878677370949715,0.7906497820404929,4.441639805693013,0.5130449736245878,22380.0,72497.0,29.0,4491.66,10.0,355133.0,94877.0,,0,0,0,452.0,552791.93,699004.44,62.77,2.06,29.56,0.09,4.048539565329761,"Reliance Industries Ltd
",Energy,Conglomerates,Large Cap,41.495,Caution,40,Hold
1051,RELIANCE,2021,466307,385517,80790.0,17.0,22432,21189,26572,55461,3.0,53739,39.0,9.0,1182.0,6445.0,693727.0,278962.0,340931.0,1320065.0,541258.0,125953.0,364828.0,288026.0,1320065.0,974.0,26958.0,-142385.0,101904.0,-13523.0,11.524382005845936,17.32549586431257,7.675114114817502,0.398419245556806,4.871489924017179,0.3532454841238878,-115427.0,142385.0,39.0,7001.72,9.0,278962.0,26958.0,,0,0,0,453.0,477545.63,530232.91,14.91,14.48,36.28,2.92,-24.17088394254597,"Reliance Industries Ltd
",Energy,Conglomerates,Large Cap,41.495,Discount,40,Hold
1053,RELIANCE,2023,876396,734078,142318.0,16.0,12020,19571,40303,94464,22.0,74088,49.0,9.0,1184.0,6766.0,709106.0,451664.0,438346.0,1605882.0,724805.0,293752.0,235560.0,351765.0,1605882.0,976.0,115032.0,-93001.0,10455.0,32486.0,8.45371270521545,16.239006111392566,10.349336194179966,0.6309284341334763,7.886055899034285,0.5457412188442239,22031.0,93001.0,49.0,7158.72,9.0,451664.0,115032.0,,0,0,0,455.0,449714.02,575147.7,75.41,8.7,27.55,0.62,4.898891077489646,"Reliance Industries Ltd
",Energy,Conglomerates,Large Cap,41.495,Caution,20,Avoid
1063,SBILIFE,2020,43798,42447,1351.0,3.0,529,0,89,1790,21.0,1422,14.0,0.0,1194.0,1000.0,7743.0,0.0,156837.0,165580.0,568.0,13.0,158813.0,6186.0,165580.0,985.0,19299.0,-16986.0,-198.0,2114.0,3.246723594684689,3.0846157358783506,16.264440123527393,0.0,inf,0.2645126222973789,2313.0,16986.0,14.0,87.43,0.0,0.0,19299.0,,0,0,0,458.0,625311.99,663578.68,10.2,6.98,11.33,0.64,0.3698953541575302,SBI Life Insurance Company Ltd,Financials,Life Insurance,Large Cap,43.585,Discount,60,Buy
1064,SBILIFE,2021,81913,81040,872.0,1.0,867,0,99,1640,11.0,1456,15.0,17.0,1195.0,1000.0,9400.0,0.0,216430.0,226830.0,564.0,1.0,218756.0,7509.0,226830.0,986.0,23878.0,-19203.0,3.0,4677.0,1.7774956356133946,1.0645440894607694,14.000000000000002,0.0,inf,0.3611206630516245,4675.0,19203.0,15.0,104.0,17.0,0.0,23878.0,,0,0,0,459.0,654418.26,614911.54,76.94,1.19,19.05,0.73,0.7143749320197759,SBI Life Insurance Company Ltd,Financials,Life Insurance,Large Cap,43.585,Caution,20,Avoid
1067,SBILIFE,2024,131988,131742,246.0,0.0,1917,9,76,2078,9.0,1894,19.0,14.0,1198.0,1001.0,13907.0,0.0,383390.0,398299.0,1198.0,6.0,384943.0,12152.0,398299.0,989.0,29122.0,-31221.0,-227.0,-2327.0,1.4349789374791648,0.186380580052732,12.704588140595655,0.0,240.33333333333331,0.3313791900054983,-2099.0,31221.0,19.0,149.08,14.0,0.0,29122.0,18.03,0,0,0,462.0,886097.71,1097553.71,69.98,9.48,31.04,1.62,-0.23688132542403253,SBI Life Insurance Company Ltd,Financials,Life Insurance,Large Cap,43.585,Caution,0,Avoid
1075,SBIN,2019,253322,166104,-68649.0,-27.0,77365,155867,3496,5220,41.0,3351,3.0,0.0,,,,,,,,,,,,996.0,29556.0,220.0,448.0,30223.0,1.322822336788751,-27.09950181981825,,,0.0559194698043845,,29776.0,220.0,3.0,,0.0,,29556.0,,0,0,0,463.0,1482417.4,1684030.56,28.31,2.13,24.87,1.59,2.008611069999583,State Bank of India,Financials,Public Sector Banks,Large Cap,43.585,Discount,60,Buy
1079,SBIN,2023,350845,204303,-43439.0,-12.0,122534,189981,3696,75399,25.0,57750,62.0,18.0,,,,,,,,,,,,1000.0,-86014.0,-966.0,6386.0,-80593.0,16.460260228876,-12.381250979777397,,,0.41633110679489,,-86980.0,966.0,62.0,,18.0,,-86014.0,,0,0,0,467.0,2664457.97,3336018.79,72.12,7.09,35.08,0.46,-3.264453820602019,State Bank of India,Financials,Public Sector Banks,Large Cap,43.585,Caution,0,Avoid
1089,SHREECEM,2020,12868,9098,3771.0,29.0,263,291,1808,1934,20.0,1544,426.0,26.0,1220.0,36.0,13133.0,3146.0,3629.0,19944.0,6163.0,1197.0,6358.0,6227.0,19944.0,1009.0,3973.0,-5590.0,1581.0,-36.0,11.998756605533105,29.305253341622628,11.72450451818665,0.2388943731490622,13.86254295532646,0.6452065784195748,-1617.0,5590.0,426.0,131.69,26.0,3146.0,3973.0,,0,0,0,470.0,1370108.42,1775340.62,67.14,8.03,17.84,3.07,-0.1180198571438602,Shree Cement Ltd,Materials,Cement,Large Cap,40.61,Caution,0,Avoid
1091,SHREECEM,2022,15010,11300,3710.0,25.0,544,263,1146,2892,19.0,1269,352.0,14.0,1222.0,36.0,17424.0,2129.0,4159.0,23749.0,7282.0,1054.0,9033.0,6380.0,23749.0,1011.0,2668.0,-2143.0,-849.0,-324.0,8.454363757495004,24.71685542971353,7.268041237113403,0.1219358533791523,16.174904942965778,0.6320266116468062,525.0,2143.0,352.0,174.6,14.0,2129.0,2668.0,,0,0,0,472.0,1932061.03,1830555.08,25.68,0.89,5.28,1.01,0.027173054673122823,Shree Cement Ltd,Materials,Cement,Large Cap,40.61,Discount,80,Strong Buy
1093,SHREECEM,2024,20521,16003,4518.0,22.0,597,258,1897,2959,19.0,1733,480.0,16.0,1224.0,36.0,20667.0,1656.0,5566.0,27925.0,9591.0,1930.0,7556.0,8848.0,27925.0,1013.0,3347.0,-1418.0,-1710.0,220.0,8.445007553238145,22.01647093221578,8.370767521615225,0.0799884074771772,19.82558139534884,0.7348612354521038,1929.0,1418.0,480.0,207.03,16.0,1656.0,3347.0,12.66,0,0,0,474.0,3154358.33,2911084.5,25.87,1.21,26.58,3.2,0.06115348347250073,Shree Cement Ltd,Materials,Cement,Large Cap,40.61,Discount,60,Buy
1101,SHRIRAMFIN,2019,15536,4171,3801.0,24.0,20,7564,43,3778,32.0,2576,20.0,11.0,1266.0,227.0,15736.0,87914.0,1542.0,105419.0,147.0,0.0,4126.0,101146.0,105419.0,1020.0,-5535.0,-76.0,5550.0,-62.0,16.580844490216272,24.46575695159629,16.13731754682704,5.507360771784752,0.5051560021152829,0.1473738130697502,-5611.0,76.0,20.0,159.63,11.0,87914.0,-5535.0,,0,0,0,475.0,594898.99,643160.23,79.88,0.51,8.83,1.36,-0.9431853296641165,"Shriram Finance Ltd
",Financials,Consumer Finance,Large Cap,43.585,Caution,40,Hold
1102,SHRIRAMFIN,2020,16561,4683,3565.0,22.0,14,8313,141,3439,27.0,2512,20.0,5.0,1267.0,227.0,17915.0,94735.0,1389.0,114266.0,489.0,0.0,2936.0,110841.0,114266.0,1021.0,-2464.0,-55.0,4579.0,2060.0,15.168166173540246,21.526477869693856,13.84632344835189,5.221860875316944,0.4305304944063515,0.1449337510720599,-2519.0,55.0,20.0,181.42,5.0,94735.0,-2464.0,,0,0,0,476.0,513251.36,622540.94,11.8,11.36,6.84,1.14,-0.49079265956548074,"Shriram Finance Ltd
",Financials,Consumer Finance,Large Cap,43.585,Discount,60,Buy
1104,SHRIRAMFIN,2022,19255,5816,3666.0,19.0,18,9773,135,3549,24.0,2721,20.0,20.0,1269.0,271.0,25824.0,114846.0,1328.0,142268.0,418.0,0.0,6971.0,134879.0,142268.0,1023.0,-8859.0,-34.0,8505.0,-388.0,14.13139444300182,19.03921059465074,10.427284920482853,4.401073002490898,0.3769569221324056,0.135343155171929,-8893.0,34.0,20.0,260.95,20.0,114846.0,-8859.0,,0,0,0,478.0,816109.58,830906.79,27.14,10.02,18.67,0.61,-1.0896820988181515,"Shriram Finance Ltd
",Financials,Consumer Finance,Large Cap,43.585,Discount,40,Hold
1106,SHRIRAMFIN,2024,36388,10278,10523.0,29.0,25,15588,588,9960,26.0,7399,39.0,23.0,1271.0,376.0,48571.0,195496.0,3823.0,248266.0,3718.0,0.0,9472.0,235076.0,248266.0,1025.0,-31101.0,-258.0,27609.0,-3750.0,20.333626470264925,28.918874354182694,15.116350338120824,3.994034363699512,0.6766743648960739,0.1465685998082701,-31359.0,258.0,39.0,489.47,23.0,195496.0,-31101.0,14.01,0,0,0,480.0,868933.47,1098024.4,68.53,7.91,28.82,1.86,-3.608906905151208,"Shriram Finance Ltd
",Financials,Consumer Finance,Large Cap,43.585,Caution,0,Avoid
1114,SIEMENS,2019,13084,11594,1490.0,11.0,398,12,199,1678,34.0,1099,31.0,23.0,1279.0,71.0,8978.0,0.0,6309.0,15358.0,1219.0,58.0,0.0,14081.0,15358.0,1032.0,1273.0,-1135.0,-312.0,-174.0,8.399571996331396,11.38795475389789,12.144988396507902,0.0,157.33333333333334,0.8519338455528064,138.0,1135.0,31.0,90.49,23.0,0.0,1273.0,,0,0,0,481.0,951918.38,1022262.14,23.09,1.05,25.6,3.89,0.014497041227421199,Siemens Ltd,Industrials,Capital Goods,Large Cap,48.83,Discount,60,Buy
1116,SIEMENS,2021,13198,11746,1452.0,11.0,321,24,297,1452,25.0,1089,31.0,26.0,1281.0,71.0,10276.0,4.0,7664.0,18015.0,3264.0,35.0,3.0,14713.0,18015.0,1034.0,1422.0,-2389.0,-502.0,-1469.0,8.25125018942264,11.001666919230187,10.52478979414323,0.000386585483715,73.875,0.7326117124618373,-967.0,2389.0,31.0,103.47,26.0,4.0,1422.0,,0,0,0,483.0,911257.72,1118554.17,10.54,5.57,28.22,0.59,-0.10611707081065937,Siemens Ltd,Industrials,Capital Goods,Large Cap,48.83,Discount,40,Hold
1117,SIEMENS,2022,16138,14278,1860.0,12.0,487,36,317,1993,23.0,1543,43.0,23.0,1282.0,71.0,11539.0,182.0,8317.0,20109.0,3107.0,52.0,1.0,16949.0,20109.0,1035.0,978.0,-34.0,-392.0,552.0,9.561283926137069,11.525591770975335,13.290267011197244,0.0156761412575366,65.19444444444444,0.8025262320354071,944.0,34.0,43.0,116.1,23.0,182.0,978.0,,0,0,0,484.0,882073.22,982803.39,76.63,4.67,22.06,1.8,0.10702059405000414,Siemens Ltd,Industrials,Capital Goods,Large Cap,48.83,Caution,0,Avoid
1119,SIEMENS,2024,22240,19136,3104.0,14.0,925,60,330,3639,25.0,2718,76.0,16.0,1284.0,71.0,15286.0,279.0,9663.0,25299.0,3112.0,103.0,1.0,22082.0,25299.0,1037.0,1670.0,-502.0,-523.0,644.0,12.221223021582734,13.9568345323741,17.698769290877124,0.0181676108614963,67.15,0.8790861298865568,1168.0,502.0,76.0,153.57,16.0,279.0,1670.0,1.37,0,0,0,486.0,1191331.95,1268446.56,33.32,9.25,30.88,3.69,0.09804152402695152,Siemens Ltd,Industrials,Capital Goods,Large Cap,48.83,Discount,40,Hold
1126,SUNPHARMA,2019,29066,22689,6377.0,22.0,-258,555,1753,3810,16.0,3208,11.0,25.0,1316.0,240.0,41169.0,10514.0,12666.0,64590.0,21837.0,1411.0,7903.0,33439.0,64590.0,1044.0,2196.0,-310.0,-2731.0,-844.0,11.036950388770386,21.939723388151105,7.747108116593012,0.2539061556666425,11.025225225225226,0.4500077411363988,1886.0,310.0,11.0,414.09,25.0,10514.0,2196.0,,0,0,0,487.0,758612.89,960774.91,74.3,10.71,27.29,2.39,0.2486116469758377,Sun Pharmaceuticals Industries Ltd,Healthcare,Pharmaceuticals,Large Cap,37.955,Caution,0,Avoid
1128,SUNPHARMA,2021,33498,25028,8470.0,25.0,-3449,141,2080,2799,18.0,2272,12.0,62.0,1318.0,240.0,46223.0,3869.0,17291.0,67622.0,21553.0,1567.0,9612.0,34890.0,67622.0,1046.0,6170.0,407.0,-5980.0,596.0,6.782494477282226,25.28509164726253,4.889912403417773,0.0832705593698211,35.60992907801418,0.4953713288574724,6577.0,407.0,12.0,464.63,62.0,3869.0,6170.0,,0,0,0,489.0,794888.64,726981.85,12.16,2.14,10.38,4.45,0.827411497540083,Sun Pharmaceuticals Industries Ltd,Healthcare,Pharmaceuticals,Large Cap,37.955,Discount,80,Strong Buy
1129,SUNPHARMA,2022,38654,28397,10258.0,27.0,-3505,127,2144,4481,24.0,3389,14.0,73.0,1319.0,240.0,47771.0,1290.0,20474.0,69776.0,22665.0,1287.0,12849.0,32975.0,69776.0,1047.0,8985.0,-5556.0,-5193.0,-1765.0,8.767527293423708,26.538003828840484,7.0587990252233865,0.026868842556914,53.173228346456696,0.5539727126805778,3429.0,5556.0,14.0,480.11,73.0,1290.0,8985.0,,0,0,0,490.0,812572.94,826215.51,11.76,9.71,27.83,0.79,0.4219928859555673,Sun Pharmaceuticals Industries Ltd,Healthcare,Pharmaceuticals,Large Cap,37.955,Discount,40,Hold
1130,SUNPHARMA,2023,43886,32235,11650.0,27.0,459,172,2529,9408,9.0,8513,35.0,33.0,1320.0,240.0,55755.0,6886.0,17831.0,80712.0,24065.0,4973.0,14824.0,36849.0,80712.0,1048.0,4959.0,-7220.0,2376.0,115.0,19.39798569019733,26.546051132479608,15.20314313778016,0.1229752656487186,70.40116279069767,0.5437357518089008,-2261.0,7220.0,35.0,559.95,33.0,6886.0,4959.0,,0,0,0,491.0,1064162.39,1298488.21,24.58,7.54,21.04,1.57,-0.21246757273577394,Sun Pharmaceuticals Industries Ltd,Healthcare,Pharmaceuticals,Large Cap,37.955,Discount,40,Hold
1139,TATACONSUM,2019,7252,6466,786.0,11.0,124,78,123,735,36.0,457,6.0,39.0,1407.0,63.0,7269.0,1141.0,2408.0,10881.0,4913.0,424.0,1188.0,4355.0,10881.0,1056.0,210.0,53.0,-224.0,39.0,6.301709873138445,10.83838940981798,6.232951445717403,0.1556192034915439,11.666666666666666,0.6664828600312471,263.0,53.0,6.0,73.32,39.0,1141.0,210.0,,0,0,0,493.0,298527.54,342447.92,20.52,1.59,19.93,0.99,0.08809907454434523,Tata Consumer Products Ltd,Consumer Staples,Food & Beverages,Large Cap,37.735,Discount,60,Buy
1140,TATACONSUM,2020,9637,8345,1292.0,13.0,-163,69,242,809,34.0,460,5.0,54.0,1408.0,92.0,13723.0,1586.0,3072.0,18473.0,11656.0,95.0,1323.0,5399.0,18473.0,1057.0,1082.0,-622.0,-308.0,152.0,4.77326968973747,13.406661824219157,3.329714078899747,0.1148027506333695,16.36231884057971,0.5216802901531965,460.0,622.0,5.0,138.15,54.0,1586.0,1082.0,,0,0,0,494.0,307664.97,308860.07,14.67,8.63,5.95,4.35,0.14951328388148968,Tata Consumer Products Ltd,Consumer Staples,Food & Beverages,Large Cap,37.735,Discount,60,Buy
1141,TATACONSUM,2021,11602,10058,1544.0,13.0,91,73,255,1311,24.0,930,9.0,44.0,1409.0,92.0,14442.0,1634.0,4050.0,20218.0,12023.0,113.0,806.0,7276.0,20218.0,1058.0,1656.0,-346.0,-426.0,884.0,8.015859334597483,13.30805033614894,6.398789046374019,0.1124260355029585,22.3972602739726,0.5738450885349689,1310.0,346.0,9.0,145.34,44.0,1634.0,1656.0,,0,0,0,495.0,314022.94,369938.81,66.35,4.55,31.21,3.75,0.4171669751260847,Tata Consumer Products Ltd,Consumer Staples,Food & Beverages,Large Cap,37.735,Caution,0,Avoid
1142,TATACONSUM,2022,12425,10707,1719.0,14.0,88,87,278,1456,26.0,1015,10.0,60.0,1410.0,92.0,15050.0,1412.0,4521.0,21075.0,12599.0,247.0,797.0,7431.0,21075.0,1059.0,1516.0,-1317.0,-995.0,-796.0,8.169014084507042,13.835010060362174,6.703209615638621,0.0932505613525293,20.770114942528732,0.5895610913404508,199.0,1317.0,10.0,151.42,60.0,1412.0,1516.0,,0,0,0,496.0,304809.07,395336.72,9.49,3.65,32.3,0.87,0.06528677115808922,Tata Consumer Products Ltd,Consumer Staples,Food & Beverages,Large Cap,37.735,Discount,40,Hold
1143,TATACONSUM,2023,13783,11927,1856.0,13.0,328,130,304,1794,25.0,1320,12.0,65.0,1411.0,93.0,16184.0,1600.0,4886.0,22762.0,13070.0,295.0,1433.0,7965.0,22762.0,1060.0,1461.0,-834.0,-714.0,-87.0,9.577015163607342,13.465863745193356,8.109602506604412,0.0982982122012655,16.8,0.6055267551181794,627.0,834.0,12.0,162.77,65.0,1600.0,1461.0,,0,0,0,497.0,365505.69,454035.61,77.06,7.38,38.99,1.85,0.1715431570983204,Tata Consumer Products Ltd,Consumer Staples,Food & Beverages,Large Cap,37.735,Caution,0,Avoid
1152,TATAMOTORS,2019,301938,277274,24664.0,8.0,-26686,5759,23591,-31371,-8.0,-28724,-100.0,0.0,1472.0,679.0,59500.0,106175.0,139349.0,305703.0,111234.0,31884.0,15771.0,146814.0,305703.0,1068.0,18891.0,-20878.0,8830.0,6843.0,-9.513211321529583,8.16856440726242,-47.73093604081158,1.7643197793250136,-0.3511026219829831,0.9876841247877842,-1987.0,20878.0,-100.0,601.79,0.0,106175.0,18891.0,,0,0,0,499.0,1047137.5,1151780.53,26.23,11.5,16.82,3.67,-0.1897554046149622,Tata Motors Ltd,Consumer Discretionary,Automobiles,Large Cap,42.5,Discount,40,Hold
1153,TATAMOTORS,2020,261068,243081,17987.0,7.0,102,7243,21425,-10580,4.0,-11975,-39.0,0.0,1473.0,720.0,62359.0,124788.0,132313.0,320179.0,127107.0,35622.0,16308.0,141141.0,320179.0,1069.0,26633.0,-33115.0,3390.0,-3092.0,-4.586927543781696,6.889775843841452,-18.984131010320397,1.9782812029360008,2.4974458097473424,0.8153813960315949,-6482.0,33115.0,-39.0,630.79,0.0,124788.0,26633.0,,0,0,0,500.0,919827.57,950063.39,14.79,1.74,28.04,1.73,-0.7046972945157537,Tata Motors Ltd,Consumer Discretionary,Automobiles,Large Cap,42.5,Discount,60,Buy
1154,TATAMOTORS,2021,249795,217507,32287.0,13.0,-11118,8097,23547,-10474,24.0,-13395,-41.0,0.0,1474.0,766.0,54481.0,142131.0,144193.0,341570.0,138708.0,20964.0,24620.0,157278.0,341570.0,1070.0,29001.0,-25672.0,9904.0,13232.0,-5.362397165675854,12.92539882703817,-24.245660397849655,2.572646478541821,2.6144250957144624,0.7313142254881869,3329.0,25672.0,-41.0,552.47,0.0,142131.0,29001.0,,0,0,0,501.0,1182658.61,1308685.14,29.26,10.95,26.84,3.6,0.2814844429196689,Tata Motors Ltd,Consumer Discretionary,Automobiles,Large Cap,42.5,Discount,40,Hold
1157,TATAMOTORS,2024,437928,378389,59538.0,14.0,5673,9986,27270,27955,-14.0,31807,94.0,7.0,1477.0,766.0,84152.0,107262.0,177340.0,369521.0,121285.0,35698.0,22971.0,189566.0,369521.0,1073.0,67915.0,-22782.0,-37006.0,8128.0,7.263066074788551,13.59538554282896,37.45613415294755,1.2631244259167669,6.530242339274985,1.1851234435931923,45133.0,22782.0,94.0,849.18,7.0,107262.0,67915.0,9.08,0,0,0,504.0,1504106.64,1588737.42,67.07,0.93,15.35,3.65,3.000651602734764,Tata Motors Ltd,Consumer Discretionary,Automobiles,Large Cap,42.5,Caution,40,Hold
1165,TATAPOWER,2019,29881,26811,3070.0,10.0,7186,4170,2393,3693,29.0,2606,9.0,15.0,1459.0,270.0,18035.0,48506.0,17262.0,84073.0,44305.0,2576.0,13542.0,23651.0,84073.0,1080.0,4574.0,-272.0,-5184.0,-883.0,8.721261001974499,10.27408721261002,14.236547391423109,2.649877082764272,2.4594724220623503,0.3554173159040358,4302.0,272.0,9.0,183.05,15.0,48506.0,4574.0,,0,0,0,505.0,1458746.25,1831481.73,22.32,3.71,34.62,4.06,0.29491078383234914,"Tata Power Company Ltd
",Energy,Power & Utilities,Mid Cap,41.495,Discount,40,Hold
1166,TATAPOWER,2020,29136,22331,6805.0,23.0,2280,4494,2634,1958,33.0,1316,4.0,41.0,1460.0,270.0,19296.0,51936.0,18172.0,89674.0,47666.0,1612.0,14535.0,25861.0,89674.0,1081.0,7375.0,-493.0,-5110.0,1773.0,4.516749038989566,23.355985722130697,6.725953184094859,2.6544004906470406,2.021584334668447,0.3249102303900796,6882.0,493.0,4.0,195.66,41.0,51936.0,7375.0,,0,0,0,506.0,1402442.85,1295478.08,14.5,4.29,31.65,2.29,0.4907151831534525,"Tata Power Company Ltd
",Energy,Power & Utilities,Mid Cap,41.495,Discount,40,Hold
1167,TATAPOWER,2021,32703,25782,6921.0,21.0,1775,4010,2745,1941,26.0,1439,4.0,44.0,1461.0,320.0,22003.0,46708.0,29625.0,98655.0,52179.0,3270.0,13149.0,30056.0,98655.0,1082.0,8345.0,993.0,-7603.0,1736.0,4.400207931994006,21.163196037060818,6.446266182860727,2.092371097074766,2.1685785536159603,0.3314885206020982,9338.0,993.0,4.0,223.23,44.0,46708.0,8345.0,,0,0,0,507.0,1511545.08,1713572.11,72.1,1.81,29.32,4.17,0.6177784654626377,"Tata Power Company Ltd
",Energy,Power & Utilities,Mid Cap,41.495,Caution,20,Avoid
1169,TATAPOWER,2023,55109,47381,7728.0,14.0,5540,4372,3439,5457,30.0,3810,10.0,19.0,1463.0,320.0,28468.0,52923.0,46386.0,128096.0,61747.0,5376.0,16670.0,44303.0,128096.0,1084.0,7166.0,-7263.0,1341.0,1243.0,6.913571285996843,14.023117821045563,13.23468111713214,1.8383701542309296,3.034766697163769,0.4302164001998501,-97.0,7263.0,10.0,287.88,19.0,52923.0,7166.0,,0,0,0,509.0,1592398.68,1769432.81,24.7,10.29,14.32,1.75,-0.006091439362408917,"Tata Power Company Ltd
",Energy,Power & Utilities,Mid Cap,41.495,Discount,60,Buy
1170,TATAPOWER,2024,61449,50714,10735.0,17.0,3416,4633,3786,5732,25.0,4280,12.0,17.0,1464.0,320.0,32036.0,53689.0,53010.0,139054.0,67210.0,11561.0,16316.0,43968.0,139054.0,1085.0,12596.0,-9027.0,-4497.0,-928.0,6.965125551270159,17.469771680580646,13.227840276919272,1.659321300531586,3.054392402331103,0.4419074604110633,3569.0,9027.0,12.0,323.56,17.0,53689.0,12596.0,-4.15,0,0,0,510.0,1647269.48,1925345.06,14.5,3.48,12.02,0.49,0.2166615750083587,"Tata Power Company Ltd
",Energy,Power & Utilities,Mid Cap,41.495,Discount,60,Buy
1179,TATASTEEL,2020,139817,122354,17463.0,12.0,-2884,7533,8441,-1395,-99.0,1174,1.0,74.0,1434.0,1145.0,72431.0,116328.0,59245.0,249149.0,134551.0,19497.0,6285.0,88816.0,249149.0,1093.0,20169.0,-14012.0,-1695.0,4462.0,0.8396689959017859,12.489897508886616,1.5956290094596066,1.5810590409916276,1.93535112173105,0.5611782507656061,6157.0,14012.0,1.0,735.76,74.0,116328.0,20169.0,,0,0,0,512.0,339775.94,396643.74,73.73,10.62,12.63,1.42,1.812076511362164,"Tata Steel Ltd
",Materials,Steel,Mid Cap,40.61,Caution,20,Avoid
1182,TATASTEEL,2023,243353,211053,32300.0,13.0,1569,6299,9335,18235,56.0,8075,7.0,50.0,1437.0,1221.0,101861.0,84893.0,97421.0,285396.0,146621.0,31213.0,8410.0,99151.0,285396.0,1096.0,21683.0,-18179.0,-6981.0,-3477.0,3.3182249653795104,13.272899861518042,7.833569391358336,0.8235482431462331,5.376885219876171,0.8526853915261602,3504.0,18179.0,7.0,1030.82,50.0,84893.0,21683.0,,0,0,0,515.0,320309.06,388401.17,19.23,3.0,34.08,2.75,1.0939434557361567,"Tata Steel Ltd
",Materials,Steel,Mid Cap,40.61,Discount,40,Hold
1193,TCS,2021,164177,117631,46546.0,28.0,1916,637,4065,43760,26.0,32562,88.0,43.0,1422.0,370.0,86063.0,7795.0,35764.0,129992.0,21021.0,926.0,29373.0,78672.0,129992.0,1106.0,38802.0,-7956.0,-32634.0,-1788.0,19.833472410873632,28.351108864213625,37.67311096456215,0.0901854615713905,76.0784929356358,1.2629777217059512,30846.0,7956.0,88.0,864.33,43.0,7795.0,38802.0,,0,0,0,519.0,351038.19,381848.36,79.57,11.14,23.13,3.62,8.787078123893016,Tata Consultancy Services Ltd,Information Technology,IT Services,Large Cap,49.555,Caution,20,Avoid
1195,TCS,2023,225458,166199,59259.0,26.0,3449,779,5022,56907,26.0,42303,115.0,100.0,1424.0,366.0,90058.0,7688.0,44747.0,142859.0,20515.0,1234.0,37163.0,83947.0,142859.0,1108.0,41965.0,548.0,-47878.0,-5365.0,18.763139919630262,26.283831134845517,46.7829337344068,0.0850216756613288,80.49807445442876,1.5781854835887132,42513.0,548.0,115.0,904.24,100.0,7688.0,41965.0,,0,0,0,521.0,405916.42,410957.48,8.74,13.8,29.01,3.1,10.473338329107259,Tata Consultancy Services Ltd,Information Technology,IT Services,Large Cap,49.555,Discount,60,Buy
1196,TCS,2024,240893,176597,64296.0,27.0,3464,778,4985,61997,26.0,46099,127.0,58.0,1425.0,362.0,90127.0,8021.0,46962.0,145472.0,19604.0,1564.0,31762.0,92542.0,145472.0,1109.0,44338.0,6091.0,-48536.0,1893.0,19.136712150207767,26.69068839692312,50.944313673485176,0.0886406082507266,87.09511568123393,1.6559406621205457,50429.0,6091.0,127.0,904.89,58.0,8021.0,44338.0,14.34,0,0,0,522.0,461188.15,542230.13,78.69,6.08,29.94,1.62,10.934582772779395,Tata Consultancy Services Ltd,Information Technology,IT Services,Large Cap,49.555,Caution,20,Avoid
1204,TECHM,2019,34742,28471,6271.0,18.0,534,133,1129,5543,23.0,4289,44.0,29.0,1394.0,444.0,19841.0,1996.0,11166.0,33446.0,7061.0,276.0,7342.0,18766.0,33446.0,1116.0,4432.0,-2104.0,-2251.0,77.0,12.345288123884636,18.05019860687353,21.143702243036728,0.098397830909539,51.16541353383459,1.0387490282843987,2328.0,2104.0,44.0,202.85,29.0,1996.0,4432.0,,0,0,0,523.0,1639903.22,2067764.75,8.39,4.82,9.69,2.04,0.14195959685962442,Tech Mahindra Ltd,Information Technology,IT Services,Large Cap,49.555,Discount,60,Buy
1218,TITAN,2020,21052,18589,2463.0,12.0,153,166,348,2102,29.0,1493,17.0,24.0,1382.0,89.0,6580.0,3562.0,3313.0,13544.0,2633.0,18.0,158.0,10735.0,13544.0,1129.0,-348.0,235.0,-242.0,-355.0,7.091962758882767,11.69960098802964,22.38716449242765,0.5341130604288499,15.759036144578314,1.554341405788541,-113.0,235.0,17.0,66.69,24.0,3562.0,-348.0,,0,0,0,530.0,1301076.74,1556937.57,18.73,5.89,35.46,4.25,-0.008685114146303161,"Titan Company Ltd
",Consumer Discretionary,Gems & Jewellery,Large Cap,42.5,Discount,40,Hold
1219,TITAN,2021,21644,19919,1725.0,8.0,180,203,375,1327,27.0,974,11.0,37.0,1383.0,89.0,7408.0,5638.0,3309.0,16444.0,2523.0,32.0,2824.0,11065.0,16444.0,1130.0,4139.0,-2799.0,-1234.0,106.0,4.500092404361486,7.969876178155609,12.99186341203148,0.7520341469921302,9.38423645320197,1.316224762831428,1340.0,2799.0,11.0,74.97,37.0,5638.0,4139.0,,0,0,0,531.0,1401305.03,1305744.95,26.55,3.88,13.36,2.22,0.09562514736709395,"Titan Company Ltd
",Consumer Discretionary,Gems & Jewellery,Large Cap,42.5,Discount,60,Buy
1220,TITAN,2022,28799,25455,3344.0,12.0,177,218,399,2904,24.0,2198,24.0,31.0,1384.0,89.0,9214.0,7275.0,4610.0,21188.0,2544.0,85.0,294.0,18265.0,21188.0,1131.0,-724.0,1165.0,-403.0,38.0,7.632209451717073,11.61151428869058,23.6267870579383,0.782005804579168,16.15137614678899,1.3592127619407213,441.0,1165.0,24.0,93.03,31.0,7275.0,-724.0,,0,0,0,532.0,1599747.79,1518166.79,72.03,9.49,25.9,4.44,0.027566845396298376,"Titan Company Ltd
",Consumer Discretionary,Gems & Jewellery,Large Cap,42.5,Caution,0,Avoid
1221,TITAN,2023,40575,35693,4882.0,12.0,306,300,441,4447,26.0,3274,37.0,27.0,1385.0,89.0,11762.0,9367.0,5802.0,27020.0,2998.0,144.0,2515.0,21363.0,27020.0,1132.0,1370.0,-1814.0,457.0,13.0,8.069008009858287,12.03203943314849,27.626360644671337,0.7903974348156274,17.293333333333333,1.5016654330125834,-444.0,1814.0,37.0,118.51,27.0,9367.0,1370.0,,0,0,0,533.0,1862221.59,2367970.55,28.61,3.98,23.08,2.29,-0.02384249019473563,"Titan Company Ltd
",Consumer Discretionary,Gems & Jewellery,Large Cap,42.5,Discount,40,Hold
1222,TITAN,2024,51084,45792,5292.0,10.0,534,619,584,4623,24.0,3496,39.0,28.0,1386.0,89.0,9304.0,15528.0,6626.0,31547.0,3709.0,97.0,2345.0,25396.0,31547.0,1133.0,1695.0,-189.0,-1329.0,177.0,6.843630099444054,10.359408033826638,37.2192057915469,1.653145959757266,9.411954765751211,1.619298190002219,1506.0,189.0,39.0,93.93,28.0,15528.0,1695.0,9.75,0,0,0,534.0,1793769.72,2116401.21,10.13,10.51,21.0,3.1,0.0839572651499547,"Titan Company Ltd
",Consumer Discretionary,Gems & Jewellery,Large Cap,42.5,Discount,40,Hold
1230,TORNTPHARM,2019,7673,5690,1983.0,26.0,-300,504,618,562,22.0,436,13.0,66.0,1368.0,85.0,4640.0,6038.0,3351.0,14113.0,7748.0,617.0,353.0,5395.0,14113.0,1140.0,1798.0,-246.0,-1314.0,238.0,5.682262478821843,25.843868108953476,9.227513227513228,1.2778835978835978,3.3392857142857144,0.5436831290299724,1552.0,246.0,13.0,47.25,66.0,6038.0,1798.0,,0,0,0,535.0,961478.14,994047.23,78.75,1.44,28.93,2.04,0.16141812646931317,Torrent Pharmaceuticals Ltd,Healthcare,Pharmaceuticals,Large Cap,37.955,Caution,20,Avoid
1231,TORNTPHARM,2020,7939,5769,2170.0,27.0,121,451,654,1187,14.0,1025,30.0,53.0,1369.0,85.0,4739.0,5784.0,3402.0,14010.0,7533.0,712.0,2.0,5763.0,14010.0,1141.0,1393.0,229.0,-1549.0,73.0,12.910945962967627,27.33341730696561,21.24792703150912,1.199004975124378,5.079822616407983,0.5666666666666667,1622.0,229.0,30.0,48.24,53.0,5784.0,1393.0,,0,0,0,536.0,1212490.1,1474201.75,65.62,1.87,33.78,0.96,0.1337742881364557,Torrent Pharmaceuticals Ltd,Healthcare,Pharmaceuticals,Large Cap,37.955,Caution,20,Avoid
1243,TRENT,2019,2630,2390,241.0,9.0,30,51,52,165,44.0,95,3.0,45.0,1355.0,33.0,1613.0,494.0,418.0,2559.0,662.0,87.0,883.0,927.0,2559.0,1152.0,21.0,-37.0,37.0,21.0,3.612167300380228,9.163498098859316,5.771567436208992,0.3001215066828676,5.313725490196078,1.0277452129738178,-16.0,37.0,3.0,16.46,45.0,494.0,21.0,,0,0,0,541.0,709354.25,819010.58,70.85,12.21,27.83,3.78,-0.002255572585911764,Trent Ltd,Consumer Discretionary,Retail,Large Cap,42.5,Caution,0,Avoid
1245,TRENT,2021,2593,2479,114.0,4.0,199,261,257,-205,-12.0,-181,-4.0,-15.0,1357.0,36.0,2277.0,300.0,3111.0,5724.0,3054.0,108.0,1487.0,1075.0,5724.0,1154.0,285.0,18.0,-283.0,20.0,-6.980331662167373,4.396451986116468,-7.825335062689148,0.1297016861219196,1.1992337164750957,0.453004891684137,303.0,18.0,-4.0,23.13,-15.0,300.0,285.0,,0,0,0,543.0,700098.06,798656.79,78.02,14.33,12.95,1.37,0.043279651424830395,Trent Ltd,Consumer Discretionary,Retail,Large Cap,42.5,Caution,20,Avoid
1246,TRENT,2022,4498,3903,595.0,13.0,152,325,311,111,69.0,35,3.0,57.0,1358.0,36.0,2328.0,4725.0,637.0,7726.0,4687.0,105.0,1284.0,1651.0,7726.0,1155.0,58.0,56.0,-108.0,6.0,0.7781236104935527,13.228101378390395,1.4805414551607443,1.998730964467005,2.2984615384615386,0.582190007765985,114.0,56.0,3.0,23.64,57.0,4725.0,58.0,,0,0,0,544.0,607706.78,643881.28,68.1,13.78,13.28,1.2,0.018759046920621816,Trent Ltd,Consumer Discretionary,Retail,Large Cap,42.5,Caution,20,Avoid
1247,TRENT,2023,8242,7128,1114.0,14.0,341,409,494,552,29.0,394,13.0,18.0,1359.0,36.0,2560.0,4464.0,1022.0,8082.0,4527.0,102.0,1110.0,2343.0,8082.0,1156.0,595.0,-103.0,-491.0,1.0,4.780393108468818,13.51613685998544,15.17719568567026,1.7195685670261942,3.557457212713937,1.01979707993071,492.0,103.0,13.0,25.96,18.0,4464.0,595.0,,0,0,0,545.0,583656.73,607027.17,65.94,9.88,32.51,2.62,0.08429612385348491,Trent Ltd,Consumer Discretionary,Retail,Large Cap,42.5,Caution,0,Avoid
1248,TRENT,2024,12375,10404,1971.0,16.0,989,368,671,1921,23.0,1477,42.0,8.0,1360.0,36.0,4032.0,1753.0,1341.0,7162.0,2450.0,224.0,1416.0,3072.0,7162.0,1157.0,1349.0,-508.0,-629.0,211.0,11.935353535353537,15.927272727272726,36.30776794493609,0.4309242871189774,8.043478260869565,1.727869310248534,841.0,508.0,42.0,40.68,8.0,1753.0,1349.0,0.23,0,0,0,546.0,571322.04,566293.08,8.65,11.82,34.65,3.46,0.14720244295143942,Trent Ltd,Consumer Discretionary,Retail,Large Cap,42.5,Discount,40,Hold
1256,TVSMOTOR,2019,20160,17997,2163.0,11.0,25,663,442,1083,33.0,725,15.0,24.0,1342.0,48.0,3123.0,9298.0,4228.0,16696.0,3367.0,745.0,440.0,12145.0,16696.0,1164.0,-918.0,-1104.0,2210.0,188.0,3.5962301587301586,10.729166666666666,22.863450015767896,2.9321980447808262,3.300150829562594,1.2074748442740777,-2022.0,1104.0,15.0,31.71,24.0,9298.0,-918.0,,0,0,0,547.0,143093.33,131403.61,15.6,6.89,21.67,3.67,-1.4130637675424844,TVS Motor Company Ltd,Consumer Discretionary,Two Wheelers,Large Cap,42.5,Discount,40,Hold
1257,TVSMOTOR,2020,18849,16585,2264.0,12.0,12,855,556,865,25.0,647,13.0,27.0,1343.0,48.0,3235.0,11591.0,4399.0,19272.0,3811.0,1006.0,371.0,14085.0,19272.0,1165.0,373.0,-1090.0,1619.0,902.0,3.4325428404689906,12.011247281022866,19.70758452634785,3.5306122448979598,2.6619883040935672,0.9780510585305106,-717.0,1090.0,13.0,32.83,27.0,11591.0,373.0,,0,0,0,548.0,170247.22,163663.43,24.28,4.64,9.33,1.29,-0.42115225141414936,TVS Motor Company Ltd,Consumer Discretionary,Two Wheelers,Large Cap,42.5,Discount,60,Buy
1258,TVSMOTOR,2021,19421,17189,2232.0,11.0,36,881,565,822,26.0,608,13.0,28.0,1344.0,48.0,3779.0,12179.0,5859.0,21865.0,4221.0,1041.0,468.0,16135.0,21865.0,1166.0,1151.0,-882.0,264.0,532.0,3.130631790330056,11.49271407239586,15.88711784687745,3.182388293702639,2.5743473325766173,0.8882231877429683,269.0,882.0,13.0,38.27,28.0,12179.0,1151.0,,0,0,0,549.0,206731.04,206020.01,68.15,7.31,16.3,1.86,0.13012075980462343,TVS Motor Company Ltd,Consumer Discretionary,Two Wheelers,Large Cap,42.5,Caution,0,Avoid
1259,TVSMOTOR,2022,24355,21601,2755.0,11.0,-5,940,743,1067,31.0,731,16.0,24.0,1345.0,48.0,4352.0,15827.0,6692.0,26919.0,5975.0,552.0,605.0,19788.0,26919.0,1167.0,-1575.0,-1471.0,2918.0,532.0,3.001437076575652,11.311845616916443,16.613636363636363,3.5970454545454547,2.925531914893617,0.9047512909097664,-3046.0,1471.0,16.0,44.0,24.0,15827.0,-1575.0,,0,0,0,550.0,249058.89,275637.72,8.52,13.87,7.31,4.22,-1.223003924895032,TVS Motor Company Ltd,Consumer Discretionary,Two Wheelers,Large Cap,42.5,Discount,60,Buy
